;std;Steps;Wall_Time
0;1.0672105550765991;20;1651526517.952433
1;1.328704595565796;30;1651526518.1033185
2;1.5102171897888184;40;1651526518.2705646
3;2.023947238922119;50;1651526518.4562554
4;4.239022254943848;100;1651526518.7601326
