;test/env_step;Steps;Wall_Time
0;0.0;0;1648149893.8131158
1;1280000.0;1280000;1648154137.472679
2;2560000.0;2560000;1648158390.7604961
3;3840000.0;3840000;1648162756.1271737
4;5120000.0;5120000;1648167008.069864
5;6400000.0;6400000;1648171262.6043615
6;7680000.0;7680000;1648175516.918249
7;8960000.0;8960000;1648179769.2649407
8;10240000.0;10240000;1648184023.9225762
9;11520000.0;11520000;1648188278.9884057
10;12800000.0;12800000;1648192530.529632
11;14080000.0;14080000;1648196781.6284993
12;15360000.0;15360000;1648201054.078771
13;16640000.0;16640000;1648205330.8497381
14;17920000.0;17920000;1648209658.5836759
15;19200000.0;19200000;1648213939.881977
16;20480000.0;20480000;1648218277.830119
17;21760000.0;21760000;1648222525.2014887
18;23040000.0;23040000;1648226769.907971
19;24320000.0;24320000;1648231015.6195858
20;25600000.0;25600000;1648235266.0096447
21;26880000.0;26880000;1648239519.722019
22;28160000.0;28160000;1648243764.6926441
23;29440000.0;29440000;1648248050.8218484
24;30720000.0;30720000;1648252337.1409557
25;32000000.0;32000000;1648256610.8400798
26;33280000.0;33280000;1648260870.3699296
27;34560000.0;34560000;1648265142.397677
28;35840000.0;35840000;1648269423.698352
29;37120000.0;37120000;1648273772.6652558
30;38400000.0;38400000;1648278034.3572526
31;39680000.0;39680000;1648282282.5791383
32;40960000.0;40960000;1648286527.714686
33;42240000.0;42240000;1648290556.733924
34;43520000.0;43520000;1648293384.8930902
