;test/env_step;Steps;Wall_Time
0;0.0;0;1648149926.4021976
1;1280000.0;1280000;1648154170.151168
2;2560000.0;2560000;1648158421.2702305
3;3840000.0;3840000;1648162783.28251
4;5120000.0;5120000;1648167032.6315649
5;6400000.0;6400000;1648171282.2511342
6;7680000.0;7680000;1648175531.8246226
7;8960000.0;8960000;1648179779.4715064
8;10240000.0;10240000;1648184025.2189336
9;11520000.0;11520000;1648188275.8370807
10;12800000.0;12800000;1648192527.0570729
11;14080000.0;14080000;1648196777.570424
12;15360000.0;15360000;1648201036.379415
13;16640000.0;16640000;1648205302.078469
14;17920000.0;17920000;1648209623.5636473
15;19200000.0;19200000;1648213899.3583126
16;20480000.0;20480000;1648218249.1132839
17;21760000.0;21760000;1648222489.0763621
18;23040000.0;23040000;1648226729.876065
19;24320000.0;24320000;1648230969.9989736
20;25600000.0;25600000;1648235207.6223693
21;26880000.0;26880000;1648239445.37929
22;28160000.0;28160000;1648243684.0254178
23;29440000.0;29440000;1648247958.8929224
24;30720000.0;30720000;1648252238.365269
25;32000000.0;32000000;1648256530.396372
26;33280000.0;33280000;1648260813.2316756
27;34560000.0;34560000;1648265085.0695162
28;35840000.0;35840000;1648269367.6872773
29;37120000.0;37120000;1648273719.93283
30;38400000.0;38400000;1648277984.5136428
31;39680000.0;39680000;1648282222.5339828
32;40960000.0;40960000;1648286471.7646918
33;42240000.0;42240000;1648290502.1195455
34;43520000.0;43520000;1648293330.6180978
