;test/env_step;Steps;Wall_Time
0;0.0;0;1648334970.6295416
1;1024000.0;1024000;1648337193.5353029
2;2048000.0;2048000;1648339415.2110453
3;3072000.0;3072000;1648340356.484079
4;4096000.0;4096000;1648341260.1102223
5;5120000.0;5120000;1648342163.3770773
6;6144000.0;6144000;1648343065.818996
7;7168000.0;7168000;1648343971.2186155
8;8192000.0;8192000;1648344870.8210664
9;9216000.0;9216000;1648345771.5116847
10;10240000.0;10240000;1648346672.188625
11;11264000.0;11264000;1648347570.7481
12;12288000.0;12288000;1648348470.987685
13;13312000.0;13312000;1648349372.0083828
14;14336000.0;14336000;1648350275.5245135
15;15360000.0;15360000;1648351183.867211
16;16384000.0;16384000;1648352091.9962137
17;17408000.0;17408000;1648352999.0615149
18;18432000.0;18432000;1648353910.6076431
19;19456000.0;19456000;1648354827.8014073
20;20480000.0;20480000;1648355742.6827533
21;21504000.0;21504000;1648356646.0417435
22;22528000.0;22528000;1648357550.8688312
23;23552000.0;23552000;1648358453.7574937
24;24576000.0;24576000;1648359355.7731626
25;25600000.0;25600000;1648360262.9250722
26;26624000.0;26624000;1648361174.0503194
27;27648000.0;27648000;1648362079.5710015
28;28672000.0;28672000;1648362990.9888709
29;29696000.0;29696000;1648363893.0982375
30;30720000.0;30720000;1648364801.7237625
31;31744000.0;31744000;1648365714.0788991
32;32768000.0;32768000;1648366629.4669745
33;33792000.0;33792000;1648367541.5954154
34;34816000.0;34816000;1648368455.1938927
35;35840000.0;35840000;1648369364.713943
36;36864000.0;36864000;1648370273.0697467
37;37888000.0;37888000;1648371183.5181367
38;38912000.0;38912000;1648372110.827883
