;test/env_step;Steps;Wall_Time
0;0.0;0;1648149805.0087414
1;1280000.0;1280000;1648153947.6105766
2;2560000.0;2560000;1648158203.8018193
3;3840000.0;3840000;1648162573.541705
4;5120000.0;5120000;1648166829.8591936
5;6400000.0;6400000;1648171081.9677653
6;7680000.0;7680000;1648175337.621504
7;8960000.0;8960000;1648179594.2839913
8;10240000.0;10240000;1648183849.3911197
9;11520000.0;11520000;1648188098.7330084
10;12800000.0;12800000;1648192348.4084802
11;14080000.0;14080000;1648196599.110344
12;15360000.0;15360000;1648200864.3258321
13;16640000.0;16640000;1648205128.1417134
14;17920000.0;17920000;1648209451.6152656
15;19200000.0;19200000;1648213733.5826344
16;20480000.0;20480000;1648218064.2808802
17;21760000.0;21760000;1648222310.7665565
18;23040000.0;23040000;1648226555.7776947
19;24320000.0;24320000;1648230801.5287163
20;25600000.0;25600000;1648235047.9900286
21;26880000.0;26880000;1648239292.6554887
22;28160000.0;28160000;1648243535.7469392
23;29440000.0;29440000;1648247815.6676195
24;30720000.0;30720000;1648252100.956354
25;32000000.0;32000000;1648256376.5124066
26;33280000.0;33280000;1648260642.5703826
27;34560000.0;34560000;1648264907.334402
28;35840000.0;35840000;1648269177.4254687
29;37120000.0;37120000;1648273516.4974904
30;38400000.0;38400000;1648277784.2246184
31;39680000.0;39680000;1648282020.7274342
32;40960000.0;40960000;1648286265.8728237
