;test/env_step;Steps;Wall_Time
0;0.0;0;1648150093.622923
1;1280000.0;1280000;1648154191.8971157
2;2560000.0;2560000;1648158557.20912
3;3840000.0;3840000;1648162921.6660795
4;5120000.0;5120000;1648167281.2987835
5;6400000.0;6400000;1648171643.8527982
6;7680000.0;7680000;1648176007.8673658
7;8960000.0;8960000;1648180372.8487303
8;10240000.0;10240000;1648184737.8692122
9;11520000.0;11520000;1648189103.2679424
10;12800000.0;12800000;1648193470.0595307
11;14080000.0;14080000;1648197829.257603
12;15360000.0;15360000;1648202204.697361
13;16640000.0;16640000;1648206578.555371
14;17920000.0;17920000;1648210953.2212758
15;19200000.0;19200000;1648215319.3908644
16;20480000.0;20480000;1648219682.9031963
17;21760000.0;21760000;1648224047.4896176
18;23040000.0;23040000;1648228410.763239
19;24320000.0;24320000;1648232776.7825565
20;25600000.0;25600000;1648237142.4668512
21;26880000.0;26880000;1648241506.4972396
22;28160000.0;28160000;1648245868.502063
23;29440000.0;29440000;1648250236.7311912
24;30720000.0;30720000;1648254615.5896454
25;32000000.0;32000000;1648258996.176653
26;33280000.0;33280000;1648263371.9706802
27;34560000.0;34560000;1648267748.8475862
28;35840000.0;35840000;1648272117.38035
29;37120000.0;37120000;1648276484.3667293
30;38400000.0;38400000;1648280841.910188
31;39680000.0;39680000;1648285198.4750216
32;40960000.0;40960000;1648289565.9423225
33;42240000.0;42240000;1648291660.1391273
34;43520000.0;43520000;1648292886.2661176
