;test/env_step;Steps;Wall_Time
0;0.0;0;1648150193.1795077
1;1280000.0;1280000;1648154460.8987455
2;2560000.0;2560000;1648158825.8282242
3;3840000.0;3840000;1648163189.7367096
4;5120000.0;5120000;1648167600.0498023
5;6400000.0;6400000;1648171965.2393966
6;7680000.0;7680000;1648176327.438118
7;8960000.0;8960000;1648180691.8784719
8;10240000.0;10240000;1648185054.6411006
9;11520000.0;11520000;1648189421.0144773
10;12800000.0;12800000;1648193785.2896097
11;14080000.0;14080000;1648198150.350142
12;15360000.0;15360000;1648202526.6436398
13;16640000.0;16640000;1648206913.6368449
14;17920000.0;17920000;1648211278.2518477
15;19200000.0;19200000;1648215642.178682
16;20480000.0;20480000;1648219999.744879
17;21760000.0;21760000;1648224363.2613916
18;23040000.0;23040000;1648228723.6546931
19;24320000.0;24320000;1648233086.7929215
20;25600000.0;25600000;1648237449.8964527
21;26880000.0;26880000;1648241814.4254344
22;28160000.0;28160000;1648246178.4203827
23;29440000.0;29440000;1648250543.1141546
24;30720000.0;30720000;1648254894.1179879
25;32000000.0;32000000;1648259240.2405312
26;33280000.0;33280000;1648263610.5812764
27;34560000.0;34560000;1648267965.0397758
28;35840000.0;35840000;1648272333.3606536
29;37120000.0;37120000;1648276683.9572334
30;38400000.0;38400000;1648281037.0143282
31;39680000.0;39680000;1648285389.5880008
32;40960000.0;40960000;1648289740.6173317
