;test/env_step;Steps;Wall_Time
0;0.0;0;1648160702.9575963
1;64000.0;64000;1648161069.293736
