;test/env_step;Steps;Wall_Time
0;0.0;0;1648325456.049867
1;1024000.0;1024000;1648326544.8857045
2;2048000.0;2048000;1648327625.9466338
3;3072000.0;3072000;1648328732.3696816
4;4096000.0;4096000;1648329827.531686
5;5120000.0;5120000;1648330934.1157198
6;6144000.0;6144000;1648332024.276154
7;7168000.0;7168000;1648333110.602428
8;8192000.0;8192000;1648334207.372195
9;9216000.0;9216000;1648335295.6316042
10;10240000.0;10240000;1648336395.335052
11;11264000.0;11264000;1648337490.8197129
12;12288000.0;12288000;1648338575.5481586
13;13312000.0;13312000;1648339657.2379687
14;14336000.0;14336000;1648340759.5020795
15;15360000.0;15360000;1648341853.7750876
16;16384000.0;16384000;1648342937.9512959
17;17408000.0;17408000;1648344020.233307
18;18432000.0;18432000;1648345111.2398493
19;19456000.0;19456000;1648346218.9252198
20;20480000.0;20480000;1648347338.6782172
21;21504000.0;21504000;1648348440.7178333
22;22528000.0;22528000;1648349534.1727073
23;23552000.0;23552000;1648350632.2631698
24;24576000.0;24576000;1648351715.8628063
25;25600000.0;25600000;1648352798.3253894
26;26624000.0;26624000;1648353880.3226082
27;27648000.0;27648000;1648354971.4462261
28;28672000.0;28672000;1648356071.9414928
29;29696000.0;29696000;1648357155.0061774
30;30720000.0;30720000;1648358289.611248
31;31744000.0;31744000;1648359389.5722897
32;32768000.0;32768000;1648360493.4182403
33;33792000.0;33792000;1648361595.871132
34;34816000.0;34816000;1648362672.9057026
35;35840000.0;35840000;1648363752.8597343
36;36864000.0;36864000;1648364838.0377924
37;37888000.0;37888000;1648365936.0042367
38;38912000.0;38912000;1648367018.490001
39;39936000.0;39936000;1648368106.4921691
40;40960000.0;40960000;1648369199.6266227
41;41984000.0;41984000;1648370284.789121
42;43008000.0;43008000;1648371380.1253898
43;44032000.0;44032000;1648372488.3901317
