;test/env_step;Steps;Wall_Time
0;0.0;0;1651223032.67993
1;64000.0;64000;1651223135.5058088
2;128000.0;128000;1651223238.2244751
3;192000.0;192000;1651223340.9389567
4;256000.0;256000;1651223441.68681
5;320000.0;320000;1651223545.2402399
6;384000.0;384000;1651223649.5323265
7;448000.0;448000;1651223751.8904464
8;512000.0;512000;1651223854.8822463
9;576000.0;576000;1651223958.2747238
10;640000.0;640000;1651224061.2057571
11;704000.0;704000;1651224164.3723588
12;768000.0;768000;1651224267.7875235
13;832000.0;832000;1651224370.881613
14;896000.0;896000;1651224475.5690813
15;960000.0;960000;1651224581.4828978
16;1024000.0;1024000;1651224683.5219874
17;1088000.0;1088000;1651224785.2070239
18;1152000.0;1152000;1651224887.9999468
19;1216000.0;1216000;1651224991.8434033
20;1280000.0;1280000;1651225096.0132518
21;1344000.0;1344000;1651225199.405258
22;1408000.0;1408000;1651225300.7024388
23;1472000.0;1472000;1651225403.7570944
24;1536000.0;1536000;1651225507.6341236
25;1600000.0;1600000;1651225613.0469918
26;1664000.0;1664000;1651225715.2360587
27;1728000.0;1728000;1651225816.2121406
28;1792000.0;1792000;1651225918.5093906
29;1856000.0;1856000;1651226020.796078
30;1920000.0;1920000;1651226124.0819986
31;1984000.0;1984000;1651226227.228962
32;2048000.0;2048000;1651226330.764456
33;2112000.0;2112000;1651226433.8541677
34;2176000.0;2176000;1651226536.7007124
35;2240000.0;2240000;1651226640.1605113
36;2304000.0;2304000;1651226743.275264
37;2368000.0;2368000;1651226843.8954124
