;test/env_step;Steps;Wall_Time
0;0.0;0;1651159139.1919026
1;256000.0;256000;1651159466.4919488
2;512000.0;512000;1651159788.979056
3;768000.0;768000;1651160114.79435
4;1024000.0;1024000;1651160438.303766
5;1280000.0;1280000;1651160764.2819722
6;1536000.0;1536000;1651161089.4330652
7;1792000.0;1792000;1651161415.5474184
8;2048000.0;2048000;1651161741.5228612
9;2304000.0;2304000;1651162072.613128
10;2560000.0;2560000;1651162400.2838094
11;2816000.0;2816000;1651162730.2718747
12;3072000.0;3072000;1651163056.9524367
13;3328000.0;3328000;1651163384.6212344
14;3584000.0;3584000;1651163708.8962326
15;3840000.0;3840000;1651164032.5816956
16;4096000.0;4096000;1651164356.6113794
17;4352000.0;4352000;1651164682.7482705
18;4608000.0;4608000;1651165010.615615
19;4864000.0;4864000;1651165336.6111748
20;5120000.0;5120000;1651165664.0806272
21;5376000.0;5376000;1651165987.9549115
22;5632000.0;5632000;1651166307.5442512
23;5888000.0;5888000;1651166631.4458013
24;6144000.0;6144000;1651166953.1478531
25;6400000.0;6400000;1651167275.772647
26;6656000.0;6656000;1651167601.9021413
27;6912000.0;6912000;1651167931.6977572
28;7168000.0;7168000;1651168261.754209
29;7424000.0;7424000;1651168584.1885045
30;7680000.0;7680000;1651168909.0121295
31;7936000.0;7936000;1651169233.7189004
32;8192000.0;8192000;1651169558.2049935
33;8448000.0;8448000;1651169885.961512
34;8704000.0;8704000;1651170210.3520026
35;8960000.0;8960000;1651170532.6214402
36;9216000.0;9216000;1651170867.6965256
37;9472000.0;9472000;1651171201.5471013
38;9728000.0;9728000;1651171520.6571643
39;9984000.0;9984000;1651171845.2420118
40;10240000.0;10240000;1651172167.7769818
41;10496000.0;10496000;1651172490.9901092
42;10752000.0;10752000;1651172813.5070844
43;11008000.0;11008000;1651173135.1490512
44;11264000.0;11264000;1651173460.9065423
45;11520000.0;11520000;1651173780.2756987
46;11776000.0;11776000;1651174106.8887618
47;12032000.0;12032000;1651174426.617843
48;12288000.0;12288000;1651174750.0424917
49;12544000.0;12544000;1651175074.4396863
50;12800000.0;12800000;1651175401.4403198
