;test/env_step;Steps;Wall_Time
0;0.0;0;1651251074.7614791
1;51200.0;51200;1651251097.345815
2;102400.0;102400;1651251119.1813104
3;153600.0;153600;1651251140.9136457
4;204800.0;204800;1651251162.7856882
5;256000.0;256000;1651251184.6775382
6;307200.0;307200;1651251206.563643
7;358400.0;358400;1651251228.3392713
8;409600.0;409600;1651251250.213615
9;460800.0;460800;1651251272.589535
10;512000.0;512000;1651251294.8671935
11;563200.0;563200;1651251316.7131193
12;614400.0;614400;1651251338.7573907
13;665600.0;665600;1651251360.58144
14;716800.0;716800;1651251382.4776845
15;768000.0;768000;1651251404.821941
16;819200.0;819200;1651251426.6475334
17;870400.0;870400;1651251448.2790184
18;921600.0;921600;1651251470.3992083
19;972800.0;972800;1651251492.2817242
20;1024000.0;1024000;1651251514.2578895
21;1075200.0;1075200;1651251536.287616
22;1126400.0;1126400;1651251558.2281208
23;1177600.0;1177600;1651251580.061075
24;1228800.0;1228800;1651251601.982757
25;1280000.0;1280000;1651251623.875762
26;1331200.0;1331200;1651251645.9250395
27;1382400.0;1382400;1651251667.8251898
28;1433600.0;1433600;1651251689.6309326
29;1484800.0;1484800;1651251711.4609685
30;1536000.0;1536000;1651251733.748499
31;1587200.0;1587200;1651251755.8106995
32;1638400.0;1638400;1651251779.1193166
33;1689600.0;1689600;1651251801.5014431
34;1740800.0;1740800;1651251823.3282638
35;1792000.0;1792000;1651251845.7117074
36;1843200.0;1843200;1651251867.8792593
37;1894400.0;1894400;1651251890.4686825
