;test/env_step;Steps;Wall_Time
0;0.0;0;1651177271.1799636
1;128000.0;128000;1651177437.0482717
2;256000.0;256000;1651177605.840946
3;384000.0;384000;1651177770.9198322
4;512000.0;512000;1651177938.8285875
5;640000.0;640000;1651178103.7034242
6;768000.0;768000;1651178277.3263302
7;896000.0;896000;1651178444.1434898
8;1024000.0;1024000;1651178620.2188656
9;1152000.0;1152000;1651178789.2839444
10;1280000.0;1280000;1651178958.2224379
11;1408000.0;1408000;1651179125.0206072
12;1536000.0;1536000;1651179294.563978
13;1664000.0;1664000;1651179460.0262208
14;1792000.0;1792000;1651179628.313073
15;1920000.0;1920000;1651179794.2193885
16;2048000.0;2048000;1651179962.5550623
17;2176000.0;2176000;1651180127.0884597
18;2304000.0;2304000;1651180295.3066106
19;2432000.0;2432000;1651180463.7765098
20;2560000.0;2560000;1651180630.489732
21;2688000.0;2688000;1651180795.4185429
22;2816000.0;2816000;1651180964.9395776
23;2944000.0;2944000;1651181128.0297787
24;3072000.0;3072000;1651181300.126908
25;3200000.0;3200000;1651181463.7872717
26;3328000.0;3328000;1651181630.8416853
27;3456000.0;3456000;1651181795.4120364
28;3584000.0;3584000;1651181963.6058896
29;3712000.0;3712000;1651182127.905924
30;3840000.0;3840000;1651182294.698167
31;3968000.0;3968000;1651182460.0520067
32;4096000.0;4096000;1651182628.1204967
33;4224000.0;4224000;1651182795.0120928
34;4352000.0;4352000;1651182962.2748926
35;4480000.0;4480000;1651183127.915931
36;4608000.0;4608000;1651183293.969128
37;4736000.0;4736000;1651183464.9305177
38;4864000.0;4864000;1651183631.140726
39;4992000.0;4992000;1651183798.0675101
40;5120000.0;5120000;1651183964.5407052
41;5248000.0;5248000;1651184130.5740297
42;5376000.0;5376000;1651184309.1042225
43;5504000.0;5504000;1651184581.510537
44;5632000.0;5632000;1651184848.754356
45;5760000.0;5760000;1651185123.0943859
46;5888000.0;5888000;1651185389.1284816
47;6016000.0;6016000;1651185660.4033191
48;6144000.0;6144000;1651185930.2520971
49;6272000.0;6272000;1651186200.3510306
50;6400000.0;6400000;1651186470.5956628
