;test/env_step;Steps;Wall_Time
0;0.0;0;1650902629.815784
1;256000.0;256000;1650902730.4648948
2;512000.0;512000;1650902831.2344513
3;768000.0;768000;1650902933.0951273
4;1024000.0;1024000;1650903038.371581
5;1280000.0;1280000;1650903138.9187176
6;1536000.0;1536000;1650903239.3269246
7;1792000.0;1792000;1650903339.952081
8;2048000.0;2048000;1650903440.864521
9;2304000.0;2304000;1650903540.3614733
10;2560000.0;2560000;1650903640.0998065
11;2816000.0;2816000;1650903739.9711893
12;3072000.0;3072000;1650903839.8434827
13;3328000.0;3328000;1650903940.3236759
14;3584000.0;3584000;1650904040.4905908
15;3840000.0;3840000;1650904140.0939407
16;4096000.0;4096000;1650904239.62626
17;4352000.0;4352000;1650904339.3434668
18;4608000.0;4608000;1650904438.9416847
19;4864000.0;4864000;1650904538.6328025
20;5120000.0;5120000;1650904638.4144917
21;5376000.0;5376000;1650904738.1713014
22;5632000.0;5632000;1650904838.0515776
23;5888000.0;5888000;1650904941.0646021
24;6144000.0;6144000;1650905052.7337651
25;6400000.0;6400000;1650905152.941379
26;6656000.0;6656000;1650905252.686387
27;6912000.0;6912000;1650905352.4590378
28;7168000.0;7168000;1650905452.576008
29;7424000.0;7424000;1650905552.399026
30;7680000.0;7680000;1650905652.0161614
31;7936000.0;7936000;1650905751.4204185
32;8192000.0;8192000;1650905851.1724029
33;8448000.0;8448000;1650905951.0905313
34;8704000.0;8704000;1650906051.072284
35;8960000.0;8960000;1650906150.9513674
36;9216000.0;9216000;1650906258.7695851
37;9472000.0;9472000;1650906358.6315184
38;9728000.0;9728000;1650906458.424823
39;9984000.0;9984000;1650906558.5668168
40;10240000.0;10240000;1650906658.4412444
41;10496000.0;10496000;1650906758.2983363
42;10752000.0;10752000;1650906858.0920973
43;11008000.0;11008000;1650906957.5528767
44;11264000.0;11264000;1650907057.289811
45;11520000.0;11520000;1650907157.211329
46;11776000.0;11776000;1650907257.4430325
47;12032000.0;12032000;1650907357.5940626
48;12288000.0;12288000;1650907458.169677
49;12544000.0;12544000;1650907558.7670138
50;12800000.0;12800000;1650907658.7153554
