;test/env_step;Steps;Wall_Time
0;0.0;0;1649691153.5377884
1;256000.0;256000;1649691272.4369507
2;512000.0;512000;1649691390.6925576
3;768000.0;768000;1649691508.5431652
4;1024000.0;1024000;1649691626.5526989
5;1280000.0;1280000;1649691744.8565269
6;1536000.0;1536000;1649691863.2132983
7;1792000.0;1792000;1649691981.4691606
8;2048000.0;2048000;1649692099.742552
9;2304000.0;2304000;1649692217.7444541
10;2560000.0;2560000;1649692335.762834
11;2816000.0;2816000;1649692453.8524857
12;3072000.0;3072000;1649692571.8164055
13;3328000.0;3328000;1649692689.8431559
14;3584000.0;3584000;1649692807.7307665
15;3840000.0;3840000;1649692925.727944
16;4096000.0;4096000;1649693043.6534832
17;4352000.0;4352000;1649693161.5142062
18;4608000.0;4608000;1649693279.357352
19;4864000.0;4864000;1649693397.154876
20;5120000.0;5120000;1649693515.1808627
21;5376000.0;5376000;1649693633.4995904
22;5632000.0;5632000;1649693752.1237621
23;5888000.0;5888000;1649693870.8154597
24;6144000.0;6144000;1649693989.5280037
25;6400000.0;6400000;1649694108.052708
26;6656000.0;6656000;1649694226.537789
27;6912000.0;6912000;1649694345.0170171
28;7168000.0;7168000;1649694463.4736793
29;7424000.0;7424000;1649694581.9998636
30;7680000.0;7680000;1649694700.4644504
31;7936000.0;7936000;1649694819.0456958
32;8192000.0;8192000;1649694937.5526814
33;8448000.0;8448000;1649695056.18938
34;8704000.0;8704000;1649695174.7711751
35;8960000.0;8960000;1649695293.1306148
36;9216000.0;9216000;1649695410.9061763
37;9472000.0;9472000;1649695528.6581433
38;9728000.0;9728000;1649695646.7402153
39;9984000.0;9984000;1649695764.656077
40;10240000.0;10240000;1649695882.526842
41;10496000.0;10496000;1649696000.5315511
42;10752000.0;10752000;1649696118.6355312
43;11008000.0;11008000;1649696236.6147149
44;11264000.0;11264000;1649696354.6742558
45;11520000.0;11520000;1649696472.631851
46;11776000.0;11776000;1649696590.375413
47;12032000.0;12032000;1649696708.0465806
48;12288000.0;12288000;1649696825.532846
49;12544000.0;12544000;1649696943.1457949
50;12800000.0;12800000;1649697060.6368115
