;test/env_step;Steps;Wall_Time
0;0.0;0;1651363104.8706374
1;256000.0;256000;1651363247.4162598
2;512000.0;512000;1651363389.8796709
3;768000.0;768000;1651363533.238627
4;1024000.0;1024000;1651363673.7078023
5;1280000.0;1280000;1651363814.6269426
6;1536000.0;1536000;1651363955.814848
7;1792000.0;1792000;1651364098.088429
8;2048000.0;2048000;1651364239.295768
9;2304000.0;2304000;1651364384.0044398
10;2560000.0;2560000;1651364524.8373816
11;2816000.0;2816000;1651364666.6747794
12;3072000.0;3072000;1651364808.7491806
13;3328000.0;3328000;1651364949.3919444
14;3584000.0;3584000;1651365091.8769367
15;3840000.0;3840000;1651365234.3711119
16;4096000.0;4096000;1651365377.354789
17;4352000.0;4352000;1651365518.9024248
18;4608000.0;4608000;1651365660.7536552
19;4864000.0;4864000;1651365803.2155373
20;5120000.0;5120000;1651365945.9736502
21;5376000.0;5376000;1651366087.8619702
22;5632000.0;5632000;1651366229.1799395
23;5888000.0;5888000;1651366373.4499788
24;6144000.0;6144000;1651366514.5267925
25;6400000.0;6400000;1651366657.0191646
26;6656000.0;6656000;1651366797.7329645
27;6912000.0;6912000;1651366940.8236017
28;7168000.0;7168000;1651367083.3972993
29;7424000.0;7424000;1651367224.1394506
30;7680000.0;7680000;1651367364.4937127
31;7936000.0;7936000;1651367505.2338223
32;8192000.0;8192000;1651367646.4183428
33;8448000.0;8448000;1651367788.0569594
34;8704000.0;8704000;1651367930.1037939
35;8960000.0;8960000;1651368071.4954329
36;9216000.0;9216000;1651368213.1103077
37;9472000.0;9472000;1651368355.600959
38;9728000.0;9728000;1651368496.725282
39;9984000.0;9984000;1651368637.5336857
40;10240000.0;10240000;1651368779.9850535
41;10496000.0;10496000;1651368920.943682
42;10752000.0;10752000;1651369062.2146502
43;11008000.0;11008000;1651369203.3737652
44;11264000.0;11264000;1651369345.835813
45;11520000.0;11520000;1651369487.3541296
46;11776000.0;11776000;1651369628.5429986
47;12032000.0;12032000;1651369769.9507465
48;12288000.0;12288000;1651369911.8652258
49;12544000.0;12544000;1651370053.484962
50;12800000.0;12800000;1651370194.0523794
