;test/env_step;Steps;Wall_Time
0;0.0;0;1649024292.49316
1;256000.0;256000;1649024417.9360013
2;512000.0;512000;1649024543.4117665
3;768000.0;768000;1649024668.1906822
4;1024000.0;1024000;1649024793.0333004
5;1280000.0;1280000;1649024917.8425517
6;1536000.0;1536000;1649025042.7216644
7;1792000.0;1792000;1649025167.2205122
8;2048000.0;2048000;1649025291.7693276
9;2304000.0;2304000;1649025416.4786093
10;2560000.0;2560000;1649025541.0208292
11;2816000.0;2816000;1649025665.6675413
12;3072000.0;3072000;1649025790.179701
13;3328000.0;3328000;1649025914.7564547
14;3584000.0;3584000;1649026038.9108632
15;3840000.0;3840000;1649026163.0428917
16;4096000.0;4096000;1649026287.271849
17;4352000.0;4352000;1649026411.4512146
18;4608000.0;4608000;1649026535.371381
19;4864000.0;4864000;1649026659.4202032
20;5120000.0;5120000;1649026783.457092
21;5376000.0;5376000;1649026907.4754055
22;5632000.0;5632000;1649027031.4864507
23;5888000.0;5888000;1649027156.007111
24;6144000.0;6144000;1649027281.1536038
25;6400000.0;6400000;1649027405.979886
26;6656000.0;6656000;1649027530.9541664
27;6912000.0;6912000;1649027655.9688396
28;7168000.0;7168000;1649027780.8166828
29;7424000.0;7424000;1649027905.7666082
30;7680000.0;7680000;1649028030.6987414
31;7936000.0;7936000;1649028155.7242877
32;8192000.0;8192000;1649028280.7492807
33;8448000.0;8448000;1649028405.839495
34;8704000.0;8704000;1649028531.1354673
35;8960000.0;8960000;1649028656.0328119
36;9216000.0;9216000;1649028780.9607565
37;9472000.0;9472000;1649028906.2894502
38;9728000.0;9728000;1649029031.5483625
39;9984000.0;9984000;1649029156.486961
40;10240000.0;10240000;1649029281.6800919
41;10496000.0;10496000;1649029406.6207747
42;10752000.0;10752000;1649029531.5685499
43;11008000.0;11008000;1649029656.5835924
44;11264000.0;11264000;1649029781.7764452
45;11520000.0;11520000;1649029906.8622482
46;11776000.0;11776000;1649030032.0502114
47;12032000.0;12032000;1649030157.2148674
48;12288000.0;12288000;1649030282.378063
49;12544000.0;12544000;1649030407.7501428
50;12800000.0;12800000;1649030533.187178
