;test/env_step;Steps;Wall_Time
0;0.0;0;1650758501.171022
1;256000.0;256000;1650758630.5424051
2;512000.0;512000;1650758760.3151007
3;768000.0;768000;1650758884.6194646
4;1024000.0;1024000;1650759009.265836
5;1280000.0;1280000;1650759133.8219063
6;1536000.0;1536000;1650759258.4436076
7;1792000.0;1792000;1650759382.7205155
8;2048000.0;2048000;1650759507.623495
9;2304000.0;2304000;1650759632.5038772
10;2560000.0;2560000;1650759757.6400464
11;2816000.0;2816000;1650759882.4929657
12;3072000.0;3072000;1650760007.6888442
13;3328000.0;3328000;1650760132.9774764
14;3584000.0;3584000;1650760257.9211836
15;3840000.0;3840000;1650760382.8475475
16;4096000.0;4096000;1650760507.8681939
17;4352000.0;4352000;1650760632.6426535
18;4608000.0;4608000;1650760757.287571
19;4864000.0;4864000;1650760882.3043308
20;5120000.0;5120000;1650761006.3237565
21;5376000.0;5376000;1650761131.1249964
22;5632000.0;5632000;1650761256.0550478
23;5888000.0;5888000;1650761382.098706
24;6144000.0;6144000;1650761506.094059
25;6400000.0;6400000;1650761630.4709852
26;6656000.0;6656000;1650761755.053908
27;6912000.0;6912000;1650761880.1282778
28;7168000.0;7168000;1650762005.088276
29;7424000.0;7424000;1650762130.4507093
30;7680000.0;7680000;1650762255.5599868
31;7936000.0;7936000;1650762380.5774887
32;8192000.0;8192000;1650762505.4456918
33;8448000.0;8448000;1650762629.770131
34;8704000.0;8704000;1650762754.0585368
35;8960000.0;8960000;1650762878.2084618
36;9216000.0;9216000;1650763002.399515
37;9472000.0;9472000;1650763126.4534817
38;9728000.0;9728000;1650763250.6494179
39;9984000.0;9984000;1650763386.4054852
40;10240000.0;10240000;1650763528.2695427
41;10496000.0;10496000;1650763654.3240592
42;10752000.0;10752000;1650763779.228556
43;11008000.0;11008000;1650763904.1572502
44;11264000.0;11264000;1650764028.9581885
45;11520000.0;11520000;1650764153.7403376
46;11776000.0;11776000;1650764277.9456592
47;12032000.0;12032000;1650764402.5260835
48;12288000.0;12288000;1650764526.8311749
49;12544000.0;12544000;1650764650.8505452
50;12800000.0;12800000;1650764774.6838658
