;test/env_step;Steps;Wall_Time
0;0.0;0;1649708785.2379112
1;256000.0;256000;1649708902.1394422
2;512000.0;512000;1649709018.941447
3;768000.0;768000;1649709135.6364965
4;1024000.0;1024000;1649709252.8312092
5;1280000.0;1280000;1649709369.8053446
6;1536000.0;1536000;1649709486.9574616
7;1792000.0;1792000;1649709604.003241
8;2048000.0;2048000;1649709721.1367395
9;2304000.0;2304000;1649709838.248198
10;2560000.0;2560000;1649709955.3000152
11;2816000.0;2816000;1649710072.4887903
12;3072000.0;3072000;1649710189.7405415
13;3328000.0;3328000;1649710306.9357276
14;3584000.0;3584000;1649710424.07309
15;3840000.0;3840000;1649710541.2975278
16;4096000.0;4096000;1649710658.5758796
17;4352000.0;4352000;1649710775.7049477
18;4608000.0;4608000;1649710892.908816
19;4864000.0;4864000;1649711010.077557
20;5120000.0;5120000;1649711127.3225234
21;5376000.0;5376000;1649711244.659228
22;5632000.0;5632000;1649711362.11356
23;5888000.0;5888000;1649711479.6458378
24;6144000.0;6144000;1649711597.2750149
25;6400000.0;6400000;1649711714.8907657
26;6656000.0;6656000;1649711832.6039739
27;6912000.0;6912000;1649711950.3025126
28;7168000.0;7168000;1649712067.9083142
29;7424000.0;7424000;1649712185.6030738
30;7680000.0;7680000;1649712303.2813478
31;7936000.0;7936000;1649712420.9684443
32;8192000.0;8192000;1649712538.619162
33;8448000.0;8448000;1649712656.5594268
34;8704000.0;8704000;1649712774.5280135
35;8960000.0;8960000;1649712892.4074988
36;9216000.0;9216000;1649713010.478026
37;9472000.0;9472000;1649713128.7908592
38;9728000.0;9728000;1649713246.9814198
39;9984000.0;9984000;1649713365.0500045
40;10240000.0;10240000;1649713483.2873445
41;10496000.0;10496000;1649713601.243245
42;10752000.0;10752000;1649713719.0562706
43;11008000.0;11008000;1649713836.8302116
44;11264000.0;11264000;1649713954.769356
45;11520000.0;11520000;1649714072.6916728
46;11776000.0;11776000;1649714190.5942903
47;12032000.0;12032000;1649714308.625084
48;12288000.0;12288000;1649714426.5309868
49;12544000.0;12544000;1649714544.4890993
50;12800000.0;12800000;1649714662.3088315
