;test/env_step;Steps;Wall_Time
0;0.0;0;1651348847.26683
1;256000.0;256000;1651348988.0841608
2;512000.0;512000;1651349128.781453
3;768000.0;768000;1651349269.7667997
4;1024000.0;1024000;1651349410.740396
5;1280000.0;1280000;1651349551.6206226
6;1536000.0;1536000;1651349692.4412727
7;1792000.0;1792000;1651349833.6483083
8;2048000.0;2048000;1651349975.005203
9;2304000.0;2304000;1651350115.7605731
10;2560000.0;2560000;1651350256.448521
11;2816000.0;2816000;1651350398.1279404
12;3072000.0;3072000;1651350539.2330368
13;3328000.0;3328000;1651350680.2978613
14;3584000.0;3584000;1651350821.9004169
15;3840000.0;3840000;1651350962.730819
16;4096000.0;4096000;1651351103.5734107
17;4352000.0;4352000;1651351244.6285675
18;4608000.0;4608000;1651351385.7321692
19;4864000.0;4864000;1651351526.611363
20;5120000.0;5120000;1651351667.755216
21;5376000.0;5376000;1651351809.008795
22;5632000.0;5632000;1651351950.2127821
23;5888000.0;5888000;1651352091.1085308
24;6144000.0;6144000;1651352232.3728743
25;6400000.0;6400000;1651352373.3301938
26;6656000.0;6656000;1651352514.8015594
27;6912000.0;6912000;1651352655.617685
28;7168000.0;7168000;1651352797.2248678
29;7424000.0;7424000;1651352938.5412045
30;7680000.0;7680000;1651353080.3533711
31;7936000.0;7936000;1651353221.252247
32;8192000.0;8192000;1651353361.9916534
33;8448000.0;8448000;1651353503.2406626
34;8704000.0;8704000;1651353644.2545989
35;8960000.0;8960000;1651353785.4724736
36;9216000.0;9216000;1651353926.5578742
37;9472000.0;9472000;1651354067.5789776
38;9728000.0;9728000;1651354208.254292
39;9984000.0;9984000;1651354349.2415476
40;10240000.0;10240000;1651354490.4310734
41;10496000.0;10496000;1651354631.8664656
42;10752000.0;10752000;1651354773.0530016
43;11008000.0;11008000;1651354914.8400328
44;11264000.0;11264000;1651355056.606252
45;11520000.0;11520000;1651355197.6986623
46;11776000.0;11776000;1651355338.6305995
47;12032000.0;12032000;1651355479.9555254
48;12288000.0;12288000;1651355620.891039
49;12544000.0;12544000;1651355762.3258486
50;12800000.0;12800000;1651355903.4441917
