;test/env_step;Steps;Wall_Time
0;0.0;0;1648895521.8598
1;256000.0;256000;1648895673.9341817
2;512000.0;512000;1648895817.0746353
3;768000.0;768000;1648895959.7677166
4;1024000.0;1024000;1648896102.6215014
5;1280000.0;1280000;1648896245.5622287
6;1536000.0;1536000;1648896388.5839047
7;1792000.0;1792000;1648896531.5154786
8;2048000.0;2048000;1648896674.634518
9;2304000.0;2304000;1648896818.1482642
10;2560000.0;2560000;1648896961.99486
11;2816000.0;2816000;1648897105.9767475
12;3072000.0;3072000;1648897249.609258
13;3328000.0;3328000;1648897393.0294967
14;3584000.0;3584000;1648897536.2407756
15;3840000.0;3840000;1648897679.4442987
16;4096000.0;4096000;1648897822.7903914
17;4352000.0;4352000;1648897965.8484025
18;4608000.0;4608000;1648898108.8643818
19;4864000.0;4864000;1648898252.1457357
20;5120000.0;5120000;1648898394.7898042
21;5376000.0;5376000;1648898537.4065113
22;5632000.0;5632000;1648898680.055201
23;5888000.0;5888000;1648898822.7606914
24;6144000.0;6144000;1648898966.224262
25;6400000.0;6400000;1648899109.5280302
26;6656000.0;6656000;1648899252.9232743
27;6912000.0;6912000;1648899396.134017
28;7168000.0;7168000;1648899539.697172
29;7424000.0;7424000;1648899683.3540232
30;7680000.0;7680000;1648899826.5583303
31;7936000.0;7936000;1648899969.8878393
32;8192000.0;8192000;1648900113.142947
33;8448000.0;8448000;1648900256.181236
34;8704000.0;8704000;1648900399.589194
35;8960000.0;8960000;1648900544.16956
36;9216000.0;9216000;1648900689.5715454
37;9472000.0;9472000;1648900835.4191222
38;9728000.0;9728000;1648900980.5038762
39;9984000.0;9984000;1648901125.8844545
40;10240000.0;10240000;1648901271.2747362
41;10496000.0;10496000;1648901415.757837
42;10752000.0;10752000;1648901559.1474407
43;11008000.0;11008000;1648901702.5122266
44;11264000.0;11264000;1648901846.1027167
45;11520000.0;11520000;1648901989.5379474
46;11776000.0;11776000;1648902132.900284
47;12032000.0;12032000;1648902276.2178023
48;12288000.0;12288000;1648902419.2512577
49;12544000.0;12544000;1648902562.253588
50;12800000.0;12800000;1648902705.1467085
