;test/env_step;Steps;Wall_Time
0;0.0;0;1649606258.8106039
1;256000.0;256000;1649606377.529262
2;512000.0;512000;1649606495.0139642
3;768000.0;768000;1649606612.525646
4;1024000.0;1024000;1649606730.5493364
5;1280000.0;1280000;1649606849.9354422
6;1536000.0;1536000;1649606968.9159405
7;1792000.0;1792000;1649607086.2819977
8;2048000.0;2048000;1649607204.5377743
9;2304000.0;2304000;1649607333.8548527
10;2560000.0;2560000;1649607462.748858
11;2816000.0;2816000;1649607588.2964122
12;3072000.0;3072000;1649607705.3053699
13;3328000.0;3328000;1649607826.4868338
14;3584000.0;3584000;1649607943.9999242
15;3840000.0;3840000;1649608062.5902267
16;4096000.0;4096000;1649608179.9798462
17;4352000.0;4352000;1649608297.42384
18;4608000.0;4608000;1649608414.5940566
19;4864000.0;4864000;1649608531.8820298
20;5120000.0;5120000;1649608650.1236336
21;5376000.0;5376000;1649608768.977983
22;5632000.0;5632000;1649608893.0871406
23;5888000.0;5888000;1649609010.053218
24;6144000.0;6144000;1649609127.165572
25;6400000.0;6400000;1649609246.1697779
26;6656000.0;6656000;1649609363.9462657
27;6912000.0;6912000;1649609481.341564
28;7168000.0;7168000;1649609598.6199431
29;7424000.0;7424000;1649609716.2244656
30;7680000.0;7680000;1649609833.6738915
31;7936000.0;7936000;1649609950.9536543
32;8192000.0;8192000;1649610067.9556692
33;8448000.0;8448000;1649610185.3066044
34;8704000.0;8704000;1649610302.5422897
35;8960000.0;8960000;1649610420.514147
36;9216000.0;9216000;1649610538.2452877
37;9472000.0;9472000;1649610656.4228394
38;9728000.0;9728000;1649610773.9818752
39;9984000.0;9984000;1649610893.0233753
40;10240000.0;10240000;1649611014.564134
41;10496000.0;10496000;1649611132.5007098
42;10752000.0;10752000;1649611260.455172
43;11008000.0;11008000;1649611381.1198254
44;11264000.0;11264000;1649611503.3918147
45;11520000.0;11520000;1649611623.1838415
46;11776000.0;11776000;1649611741.195224
47;12032000.0;12032000;1649611858.5128317
48;12288000.0;12288000;1649611975.6397934
49;12544000.0;12544000;1649612092.9281049
50;12800000.0;12800000;1649612210.1361675
