;test/env_step;Steps;Wall_Time
0;0.0;0;1649109390.1718667
1;256000.0;256000;1649109490.5132174
2;512000.0;512000;1649109590.5118358
3;768000.0;768000;1649109689.933235
4;1024000.0;1024000;1649109789.493419
5;1280000.0;1280000;1649109888.973639
6;1536000.0;1536000;1649109988.6601543
7;1792000.0;1792000;1649110087.9721942
8;2048000.0;2048000;1649110187.4594257
9;2304000.0;2304000;1649110286.9336505
10;2560000.0;2560000;1649110386.379197
11;2816000.0;2816000;1649110485.8947349
12;3072000.0;3072000;1649110585.4845004
13;3328000.0;3328000;1649110685.0520582
14;3584000.0;3584000;1649110784.5270057
15;3840000.0;3840000;1649110885.3165903
16;4096000.0;4096000;1649110985.750169
17;4352000.0;4352000;1649111085.3736238
18;4608000.0;4608000;1649111185.26141
19;4864000.0;4864000;1649111285.2362905
20;5120000.0;5120000;1649111385.1987333
21;5376000.0;5376000;1649111485.1325233
22;5632000.0;5632000;1649111585.342763
23;5888000.0;5888000;1649111685.330012
24;6144000.0;6144000;1649111785.283657
25;6400000.0;6400000;1649111885.6492553
26;6656000.0;6656000;1649111986.0991964
27;6912000.0;6912000;1649112086.4104357
28;7168000.0;7168000;1649112186.698881
29;7424000.0;7424000;1649112287.1430483
30;7680000.0;7680000;1649112387.5426364
31;7936000.0;7936000;1649112488.0040126
32;8192000.0;8192000;1649112588.3282037
33;8448000.0;8448000;1649112688.7352624
34;8704000.0;8704000;1649112789.0635965
35;8960000.0;8960000;1649112889.1372437
36;9216000.0;9216000;1649112989.2440944
37;9472000.0;9472000;1649113089.702292
38;9728000.0;9728000;1649113190.0638916
39;9984000.0;9984000;1649113290.1383789
40;10240000.0;10240000;1649113390.2999392
41;10496000.0;10496000;1649113490.4132361
42;10752000.0;10752000;1649113590.4447217
43;11008000.0;11008000;1649113690.6149538
44;11264000.0;11264000;1649113791.024791
45;11520000.0;11520000;1649113891.520707
46;11776000.0;11776000;1649113991.9255936
47;12032000.0;12032000;1649114092.317999
48;12288000.0;12288000;1649114192.6746333
49;12544000.0;12544000;1649114293.0485716
50;12800000.0;12800000;1649114393.338358
