;test/env_step;Steps;Wall_Time
0;0.0;0;1648971394.833336
1;256000.0;256000;1648971542.1565444
2;512000.0;512000;1648971699.433308
3;768000.0;768000;1648971856.5986767
4;1024000.0;1024000;1648972013.7706957
5;1280000.0;1280000;1648972170.8020172
6;1536000.0;1536000;1648972328.014927
7;1792000.0;1792000;1648972485.15203
8;2048000.0;2048000;1648972642.5779545
9;2304000.0;2304000;1648972800.0083823
10;2560000.0;2560000;1648972957.361249
11;2816000.0;2816000;1648973114.6754732
12;3072000.0;3072000;1648973269.5964413
13;3328000.0;3328000;1648973411.33653
14;3584000.0;3584000;1648973552.8909712
15;3840000.0;3840000;1648973694.9264336
16;4096000.0;4096000;1648973837.0494258
17;4352000.0;4352000;1648973979.1223028
18;4608000.0;4608000;1648974121.164342
19;4864000.0;4864000;1648974263.2162087
20;5120000.0;5120000;1648974405.2519898
21;5376000.0;5376000;1648974547.3433065
22;5632000.0;5632000;1648974689.4517632
23;5888000.0;5888000;1648974831.5734353
24;6144000.0;6144000;1648974973.7159271
25;6400000.0;6400000;1648975115.7630415
26;6656000.0;6656000;1648975257.6802208
27;6912000.0;6912000;1648975399.5964644
28;7168000.0;7168000;1648975541.5763576
29;7424000.0;7424000;1648975684.2795515
30;7680000.0;7680000;1648975827.0204053
31;7936000.0;7936000;1648975969.699445
32;8192000.0;8192000;1648976112.87511
33;8448000.0;8448000;1648976257.1205952
34;8704000.0;8704000;1648976400.0363
35;8960000.0;8960000;1648976542.63767
36;9216000.0;9216000;1648976685.7233334
37;9472000.0;9472000;1648976829.0916123
38;9728000.0;9728000;1648976972.0963256
39;9984000.0;9984000;1648977115.11766
40;10240000.0;10240000;1648977257.8591037
41;10496000.0;10496000;1648977399.8225098
42;10752000.0;10752000;1648977542.0061977
43;11008000.0;11008000;1648977684.7172287
44;11264000.0;11264000;1648977827.5398202
45;11520000.0;11520000;1648977970.7232842
46;11776000.0;11776000;1648978113.9002564
47;12032000.0;12032000;1648978257.1009889
48;12288000.0;12288000;1648978400.264345
49;12544000.0;12544000;1648978543.617332
50;12800000.0;12800000;1648978686.5022175
