;test/env_step;Steps;Wall_Time
0;0.0;0;1650712872.3638792
1;256000.0;256000;1650712979.7684448
2;512000.0;512000;1650713076.702584
3;768000.0;768000;1650713173.9249308
4;1024000.0;1024000;1650713271.648551
5;1280000.0;1280000;1650713368.67755
6;1536000.0;1536000;1650713465.7623146
7;1792000.0;1792000;1650713562.9305794
8;2048000.0;2048000;1650713660.52062
9;2304000.0;2304000;1650713758.0587738
10;2560000.0;2560000;1650713855.3425465
11;2816000.0;2816000;1650713952.7688227
12;3072000.0;3072000;1650714050.5707543
13;3328000.0;3328000;1650714148.4107208
14;3584000.0;3584000;1650714246.15024
15;3840000.0;3840000;1650714343.3281503
16;4096000.0;4096000;1650714440.1728997
17;4352000.0;4352000;1650714538.5944767
18;4608000.0;4608000;1650714636.0408928
19;4864000.0;4864000;1650714733.6004434
20;5120000.0;5120000;1650714831.3937654
21;5376000.0;5376000;1650714928.9752028
22;5632000.0;5632000;1650715026.284923
23;5888000.0;5888000;1650715123.4834337
24;6144000.0;6144000;1650715220.411356
25;6400000.0;6400000;1650715317.0706103
26;6656000.0;6656000;1650715413.8856602
27;6912000.0;6912000;1650715510.8775172
28;7168000.0;7168000;1650715607.773969
29;7424000.0;7424000;1650715704.680488
30;7680000.0;7680000;1650715801.6338422
31;7936000.0;7936000;1650715898.7188616
32;8192000.0;8192000;1650715996.1206927
33;8448000.0;8448000;1650716093.97252
34;8704000.0;8704000;1650716191.6845186
35;8960000.0;8960000;1650716288.9511907
36;9216000.0;9216000;1650716386.8610623
37;9472000.0;9472000;1650716483.9198008
38;9728000.0;9728000;1650716580.55114
39;9984000.0;9984000;1650716677.4891005
40;10240000.0;10240000;1650716774.3624992
41;10496000.0;10496000;1650716871.284769
42;10752000.0;10752000;1650716967.9505606
43;11008000.0;11008000;1650717065.1027596
44;11264000.0;11264000;1650717161.9025812
45;11520000.0;11520000;1650717258.4416683
46;11776000.0;11776000;1650717355.4655428
47;12032000.0;12032000;1650717452.6219676
48;12288000.0;12288000;1650717549.534609
49;12544000.0;12544000;1650717646.5693743
50;12800000.0;12800000;1650717743.4825885
