;test/env_step;Steps;Wall_Time
0;0.0;0;1651391062.5836523
1;256000.0;256000;1651391200.025734
2;512000.0;512000;1651391337.431012
3;768000.0;768000;1651391474.9076912
4;1024000.0;1024000;1651391612.6818616
5;1280000.0;1280000;1651391750.0261688
6;1536000.0;1536000;1651391887.9653559
7;1792000.0;1792000;1651392025.8192928
8;2048000.0;2048000;1651392164.122128
9;2304000.0;2304000;1651392302.3205378
10;2560000.0;2560000;1651392440.127173
11;2816000.0;2816000;1651392577.7285995
12;3072000.0;3072000;1651392715.8625839
13;3328000.0;3328000;1651392853.5680299
14;3584000.0;3584000;1651392991.5018573
15;3840000.0;3840000;1651393129.181348
16;4096000.0;4096000;1651393267.6608894
17;4352000.0;4352000;1651393405.7522917
18;4608000.0;4608000;1651393543.1320803
19;4864000.0;4864000;1651393680.8781788
20;5120000.0;5120000;1651393818.665872
21;5376000.0;5376000;1651393956.4441257
22;5632000.0;5632000;1651394094.5277328
23;5888000.0;5888000;1651394232.428421
24;6144000.0;6144000;1651394370.167982
25;6400000.0;6400000;1651394508.1546044
26;6656000.0;6656000;1651394645.842664
27;6912000.0;6912000;1651394783.3827255
28;7168000.0;7168000;1651394921.1618085
29;7424000.0;7424000;1651395058.9260166
30;7680000.0;7680000;1651395196.3614595
31;7936000.0;7936000;1651395333.872103
32;8192000.0;8192000;1651395471.5165274
33;8448000.0;8448000;1651395609.5024905
34;8704000.0;8704000;1651395747.4994867
35;8960000.0;8960000;1651395885.0625677
36;9216000.0;9216000;1651396022.6306875
37;9472000.0;9472000;1651396160.203906
38;9728000.0;9728000;1651396297.9734285
39;9984000.0;9984000;1651396435.164946
40;10240000.0;10240000;1651396573.1077883
41;10496000.0;10496000;1651396710.824817
42;10752000.0;10752000;1651396849.746944
43;11008000.0;11008000;1651396989.6493568
44;11264000.0;11264000;1651397129.3150976
45;11520000.0;11520000;1651397268.349905
46;11776000.0;11776000;1651397407.5891495
47;12032000.0;12032000;1651397546.8145778
48;12288000.0;12288000;1651397686.2040162
49;12544000.0;12544000;1651397825.0290804
50;12800000.0;12800000;1651397964.8955
