;test/env_step;Steps;Wall_Time
0;0.0;0;1649000556.8557785
1;256000.0;256000;1649000676.9962442
2;512000.0;512000;1649000797.0704424
3;768000.0;768000;1649000916.8640556
4;1024000.0;1024000;1649001036.5903928
5;1280000.0;1280000;1649001156.4237812
6;1536000.0;1536000;1649001276.0314224
7;1792000.0;1792000;1649001395.7972488
8;2048000.0;2048000;1649001515.7174475
9;2304000.0;2304000;1649001635.6187644
10;2560000.0;2560000;1649001755.5251837
11;2816000.0;2816000;1649001875.7163897
12;3072000.0;3072000;1649001995.6781456
13;3328000.0;3328000;1649002115.7136173
14;3584000.0;3584000;1649002235.5332527
15;3840000.0;3840000;1649002355.376928
16;4096000.0;4096000;1649002475.3505642
17;4352000.0;4352000;1649002595.246558
18;4608000.0;4608000;1649002715.1046574
19;4864000.0;4864000;1649002834.9316854
20;5120000.0;5120000;1649002954.6952937
21;5376000.0;5376000;1649003074.4991157
22;5632000.0;5632000;1649003194.4275942
23;5888000.0;5888000;1649003314.3031988
24;6144000.0;6144000;1649003434.1914566
25;6400000.0;6400000;1649003554.1080346
26;6656000.0;6656000;1649003674.0907454
27;6912000.0;6912000;1649003793.9335155
28;7168000.0;7168000;1649003913.7048063
29;7424000.0;7424000;1649004033.4379907
30;7680000.0;7680000;1649004153.0724342
31;7936000.0;7936000;1649004272.656804
32;8192000.0;8192000;1649004392.0474787
33;8448000.0;8448000;1649004511.4205074
34;8704000.0;8704000;1649004630.9676733
35;8960000.0;8960000;1649004750.4408376
36;9216000.0;9216000;1649004869.8665714
37;9472000.0;9472000;1649004989.1958718
38;9728000.0;9728000;1649005108.7380877
39;9984000.0;9984000;1649005227.8316789
40;10240000.0;10240000;1649005347.414022
41;10496000.0;10496000;1649005466.7043638
42;10752000.0;10752000;1649005586.178318
43;11008000.0;11008000;1649005706.913999
44;11264000.0;11264000;1649005828.222831
45;11520000.0;11520000;1649005949.5472486
46;11776000.0;11776000;1649006069.9717178
47;12032000.0;12032000;1649006190.7556589
48;12288000.0;12288000;1649006311.6681614
49;12544000.0;12544000;1649006432.7379088
50;12800000.0;12800000;1649006553.405355
