;test/env_step;Steps;Wall_Time
0;0.0;0;1649691174.4226406
1;1026786.0;1026786;1649691792.4412463
2;2054744.0;2054744;1649692367.5958395
3;3080571.0;3080571;1649692943.8433568
4;4107749.0;4107749;1649693519.3038723
5;5136102.0;5136102;1649694092.520115
6;6160263.0;6160263;1649694665.849077
7;7188237.0;7188237;1649695239.7905273
8;8216668.0;8216668;1649695893.8412473
9;9240911.0;9240911;1649696500.9150438
10;10266420.0;10266420;1649697073.214488
11;11294078.0;11294078;1649697647.1194472
12;12318552.0;12318552;1649698218.4782352
13;13346788.0;13346788;1649698798.3164043
14;14374068.0;14374068;1649699377.32007
15;15400734.0;15400734;1649699951.368915
16;16427760.0;16427760;1649700528.1005533
17;17453896.0;17453896;1649701105.4574783
