;test/env_step;Steps;Wall_Time
0;0.0;0;1649466263.6467795
1;256000.0;256000;1649466369.7507293
2;512000.0;512000;1649466462.903764
3;768000.0;768000;1649466555.6878266
4;1024000.0;1024000;1649466648.636947
5;1280000.0;1280000;1649466741.7859085
6;1536000.0;1536000;1649466835.4779096
7;1792000.0;1792000;1649466928.8507252
8;2048000.0;2048000;1649467022.6197643
9;2304000.0;2304000;1649467115.9499924
10;2560000.0;2560000;1649467209.4632869
11;2816000.0;2816000;1649467303.0983634
12;3072000.0;3072000;1649467396.81036
13;3328000.0;3328000;1649467490.4267282
14;3584000.0;3584000;1649467583.9411068
15;3840000.0;3840000;1649467677.5993721
16;4096000.0;4096000;1649467771.0179596
17;4352000.0;4352000;1649467863.671563
18;4608000.0;4608000;1649467956.4529889
19;4864000.0;4864000;1649468049.0500314
20;5120000.0;5120000;1649468141.419339
21;5376000.0;5376000;1649468233.5653198
22;5632000.0;5632000;1649468326.1752899
23;5888000.0;5888000;1649468419.296286
24;6144000.0;6144000;1649468512.8729515
25;6400000.0;6400000;1649468606.2271156
26;6656000.0;6656000;1649468699.6598551
27;6912000.0;6912000;1649468793.3386965
28;7168000.0;7168000;1649468886.7548625
29;7424000.0;7424000;1649468980.0855937
30;7680000.0;7680000;1649469073.4526138
31;7936000.0;7936000;1649469166.8292644
32;8192000.0;8192000;1649469260.2311413
33;8448000.0;8448000;1649469353.4172869
34;8704000.0;8704000;1649469446.4551466
35;8960000.0;8960000;1649469539.5732574
36;9216000.0;9216000;1649469632.589119
37;9472000.0;9472000;1649469725.5577745
38;9728000.0;9728000;1649469818.323101
39;9984000.0;9984000;1649469911.2849872
40;10240000.0;10240000;1649470004.052547
41;10496000.0;10496000;1649470096.8460636
42;10752000.0;10752000;1649470189.6928327
43;11008000.0;11008000;1649470281.9393702
44;11264000.0;11264000;1649470374.1695368
45;11520000.0;11520000;1649470466.4867918
46;11776000.0;11776000;1649470558.8834798
47;12032000.0;12032000;1649470651.7737722
48;12288000.0;12288000;1649470744.6368542
49;12544000.0;12544000;1649470837.7099948
50;12800000.0;12800000;1649470930.5180936
