;test/env_step;Steps;Wall_Time
0;0.0;0;1651384167.4006612
1;256000.0;256000;1651384305.1737244
2;512000.0;512000;1651384442.6797214
3;768000.0;768000;1651384579.7532623
4;1024000.0;1024000;1651384716.798235
5;1280000.0;1280000;1651384854.3101058
6;1536000.0;1536000;1651384991.6019013
7;1792000.0;1792000;1651385128.8420854
8;2048000.0;2048000;1651385266.2399552
9;2304000.0;2304000;1651385403.5120494
10;2560000.0;2560000;1651385540.6293
11;2816000.0;2816000;1651385677.9159822
12;3072000.0;3072000;1651385815.3259459
13;3328000.0;3328000;1651385952.4317617
14;3584000.0;3584000;1651386089.967628
15;3840000.0;3840000;1651386227.0742807
16;4096000.0;4096000;1651386365.0154414
17;4352000.0;4352000;1651386503.0504317
18;4608000.0;4608000;1651386640.6424015
19;4864000.0;4864000;1651386778.4854136
20;5120000.0;5120000;1651386915.859026
21;5376000.0;5376000;1651387053.7301989
22;5632000.0;5632000;1651387190.9252286
23;5888000.0;5888000;1651387328.2747602
24;6144000.0;6144000;1651387465.8234265
25;6400000.0;6400000;1651387603.6183505
26;6656000.0;6656000;1651387741.539481
27;6912000.0;6912000;1651387878.8707078
28;7168000.0;7168000;1651388016.7659328
29;7424000.0;7424000;1651388154.554543
30;7680000.0;7680000;1651388292.4767578
31;7936000.0;7936000;1651388429.8428726
32;8192000.0;8192000;1651388567.3118339
33;8448000.0;8448000;1651388704.9441235
34;8704000.0;8704000;1651388842.1883733
35;8960000.0;8960000;1651388980.0760615
36;9216000.0;9216000;1651389118.3202405
37;9472000.0;9472000;1651389256.309124
38;9728000.0;9728000;1651389394.256314
39;9984000.0;9984000;1651389531.7963624
40;10240000.0;10240000;1651389669.1820557
41;10496000.0;10496000;1651389806.5291812
42;10752000.0;10752000;1651389943.8925226
43;11008000.0;11008000;1651390081.35933
44;11264000.0;11264000;1651390218.8367367
45;11520000.0;11520000;1651390356.2500577
46;11776000.0;11776000;1651390494.291232
47;12032000.0;12032000;1651390632.2402952
48;12288000.0;12288000;1651390769.9576252
49;12544000.0;12544000;1651390907.865942
50;12800000.0;12800000;1651391045.2048721
