;test/env_step;Steps;Wall_Time
0;0.0;0;1648978705.607929
1;256000.0;256000;1648978848.3797953
2;512000.0;512000;1648978991.0452888
3;768000.0;768000;1648979133.6183414
4;1024000.0;1024000;1648979276.0076954
5;1280000.0;1280000;1648979418.5593257
6;1536000.0;1536000;1648979561.3379543
7;1792000.0;1792000;1648979703.923327
8;2048000.0;2048000;1648979846.075303
9;2304000.0;2304000;1648979987.9357302
10;2560000.0;2560000;1648980129.5053298
11;2816000.0;2816000;1648980271.2377121
12;3072000.0;3072000;1648980412.9093738
13;3328000.0;3328000;1648980554.6276557
14;3584000.0;3584000;1648980696.5165071
15;3840000.0;3840000;1648980838.0764186
16;4096000.0;4096000;1648980980.0685968
17;4352000.0;4352000;1648981121.8717144
18;4608000.0;4608000;1648981263.745615
19;4864000.0;4864000;1648981405.350178
20;5120000.0;5120000;1648981547.104825
21;5376000.0;5376000;1648981688.6283572
22;5632000.0;5632000;1648981830.0656807
23;5888000.0;5888000;1648981971.656307
24;6144000.0;6144000;1648982113.8593884
25;6400000.0;6400000;1648982255.9602358
26;6656000.0;6656000;1648982397.9381752
27;6912000.0;6912000;1648982540.0678415
28;7168000.0;7168000;1648982682.2217255
29;7424000.0;7424000;1648982824.1541998
30;7680000.0;7680000;1648982966.2617962
31;7936000.0;7936000;1648983108.5782356
32;8192000.0;8192000;1648983250.9344757
33;8448000.0;8448000;1648983393.3389018
34;8704000.0;8704000;1648983535.7922304
35;8960000.0;8960000;1648983678.2101922
36;9216000.0;9216000;1648983820.657622
37;9472000.0;9472000;1648983963.2340467
38;9728000.0;9728000;1648984105.963193
39;9984000.0;9984000;1648984248.5097685
40;10240000.0;10240000;1648984391.1433508
41;10496000.0;10496000;1648984533.8066103
42;10752000.0;10752000;1648984676.4948995
43;11008000.0;11008000;1648984819.248161
44;11264000.0;11264000;1648984961.842687
45;11520000.0;11520000;1648985104.4008515
46;11776000.0;11776000;1648985247.0127773
47;12032000.0;12032000;1648985389.8721483
48;12288000.0;12288000;1648985532.3455684
49;12544000.0;12544000;1648985674.813192
50;12800000.0;12800000;1648985817.0474274
