;test/env_step;Steps;Wall_Time
0;0.0;0;1649066212.031901
1;256000.0;256000;1649066331.551401
2;512000.0;512000;1649066449.286877
3;768000.0;768000;1649066567.3546383
4;1024000.0;1024000;1649066685.5493946
5;1280000.0;1280000;1649066803.9331963
6;1536000.0;1536000;1649066926.352981
7;1792000.0;1792000;1649067057.9175608
8;2048000.0;2048000;1649067188.216643
9;2304000.0;2304000;1649067312.592227
10;2560000.0;2560000;1649067439.1527827
11;2816000.0;2816000;1649067565.9982557
12;3072000.0;3072000;1649067691.56806
13;3328000.0;3328000;1649067814.0239542
14;3584000.0;3584000;1649067942.2170396
15;3840000.0;3840000;1649068070.1800303
16;4096000.0;4096000;1649068194.6977615
17;4352000.0;4352000;1649068320.110159
18;4608000.0;4608000;1649068447.9269783
19;4864000.0;4864000;1649068573.375881
20;5120000.0;5120000;1649068695.8069465
21;5376000.0;5376000;1649068823.7074287
22;5632000.0;5632000;1649068951.268038
23;5888000.0;5888000;1649069075.9665244
24;6144000.0;6144000;1649069203.03079
25;6400000.0;6400000;1649069331.0810902
26;6656000.0;6656000;1649069457.4491866
27;6912000.0;6912000;1649069581.7897477
28;7168000.0;7168000;1649069711.071134
29;7424000.0;7424000;1649069839.1468427
30;7680000.0;7680000;1649069963.8779805
31;7936000.0;7936000;1649070091.388206
32;8192000.0;8192000;1649070219.8912535
33;8448000.0;8448000;1649070346.5573041
34;8704000.0;8704000;1649070467.4172444
35;8960000.0;8960000;1649070585.4130366
36;9216000.0;9216000;1649070703.9935033
37;9472000.0;9472000;1649070822.9985738
38;9728000.0;9728000;1649070941.972899
39;9984000.0;9984000;1649071060.8872826
40;10240000.0;10240000;1649071179.8645494
41;10496000.0;10496000;1649071298.9214652
42;10752000.0;10752000;1649071417.9055762
43;11008000.0;11008000;1649071536.8769355
44;11264000.0;11264000;1649071655.9524772
45;11520000.0;11520000;1649071774.9574833
46;11776000.0;11776000;1649071893.797698
47;12032000.0;12032000;1649072012.0537078
48;12288000.0;12288000;1649072129.7148142
49;12544000.0;12544000;1649072247.6288815
50;12800000.0;12800000;1649072365.3865006
