;test/env_step;Steps;Wall_Time
0;0.0;0;1648901119.0542605
1;256000.0;256000;1648901238.5890977
2;512000.0;512000;1648901359.69708
3;768000.0;768000;1648901477.206537
4;1024000.0;1024000;1648901594.2904365
5;1280000.0;1280000;1648901710.9382885
6;1536000.0;1536000;1648901827.860107
7;1792000.0;1792000;1648901944.618804
8;2048000.0;2048000;1648902061.6637352
9;2304000.0;2304000;1648902178.5952516
10;2560000.0;2560000;1648902295.9765596
11;2816000.0;2816000;1648902413.4807117
12;3072000.0;3072000;1648902531.0170197
13;3328000.0;3328000;1648902648.8411937
14;3584000.0;3584000;1648902765.7123227
15;3840000.0;3840000;1648902882.3194566
16;4096000.0;4096000;1648902999.0562606
17;4352000.0;4352000;1648903115.5749595
18;4608000.0;4608000;1648903232.0944092
19;4864000.0;4864000;1648903348.740192
20;5120000.0;5120000;1648903466.2883036
21;5376000.0;5376000;1648903583.672914
22;5632000.0;5632000;1648903701.0624166
23;5888000.0;5888000;1648903817.4399662
24;6144000.0;6144000;1648903933.8174536
25;6400000.0;6400000;1648904061.8777444
26;6656000.0;6656000;1648904195.1350856
27;6912000.0;6912000;1648904320.2683036
28;7168000.0;7168000;1648904437.686708
29;7424000.0;7424000;1648904554.921378
30;7680000.0;7680000;1648904672.5722167
31;7936000.0;7936000;1648904790.1783733
32;8192000.0;8192000;1648904907.5797837
33;8448000.0;8448000;1648905025.018691
34;8704000.0;8704000;1648905142.4391232
35;8960000.0;8960000;1648905259.2144563
36;9216000.0;9216000;1648905375.96929
37;9472000.0;9472000;1648905492.5998154
38;9728000.0;9728000;1648905609.7531004
39;9984000.0;9984000;1648905726.8153598
40;10240000.0;10240000;1648905844.1974316
41;10496000.0;10496000;1648905961.0103288
42;10752000.0;10752000;1648906078.5247684
43;11008000.0;11008000;1648906195.4962862
44;11264000.0;11264000;1648906312.3856623
45;11520000.0;11520000;1648906429.2741623
46;11776000.0;11776000;1648906546.1082113
47;12032000.0;12032000;1648906663.282303
48;12288000.0;12288000;1648906780.1376185
49;12544000.0;12544000;1648906896.9603312
50;12800000.0;12800000;1648907013.9859605
