;test/env_step;Steps;Wall_Time
0;0.0;0;1651100785.7616775
1;256000.0;256000;1651100893.4733863
2;512000.0;512000;1651100993.4216385
3;768000.0;768000;1651101086.6059573
4;1024000.0;1024000;1651101180.1939535
5;1280000.0;1280000;1651101272.9230337
6;1536000.0;1536000;1651101366.715585
7;1792000.0;1792000;1651101460.9471824
8;2048000.0;2048000;1651101554.9598055
9;2304000.0;2304000;1651101648.9179964
10;2560000.0;2560000;1651101743.574268
11;2816000.0;2816000;1651101838.3386004
12;3072000.0;3072000;1651101933.0562277
13;3328000.0;3328000;1651102027.724794
14;3584000.0;3584000;1651102121.8665335
15;3840000.0;3840000;1651102216.865321
16;4096000.0;4096000;1651102311.6128697
17;4352000.0;4352000;1651102406.5820959
18;4608000.0;4608000;1651102501.1864307
19;4864000.0;4864000;1651102594.928063
20;5120000.0;5120000;1651102688.7296076
21;5376000.0;5376000;1651102782.4628158
22;5632000.0;5632000;1651102876.5776143
23;5888000.0;5888000;1651102971.1198773
24;6144000.0;6144000;1651103065.9726775
25;6400000.0;6400000;1651103160.4111578
26;6656000.0;6656000;1651103254.6416268
27;6912000.0;6912000;1651103348.6629035
28;7168000.0;7168000;1651103442.5405736
29;7424000.0;7424000;1651103536.746236
30;7680000.0;7680000;1651103631.2716715
31;7936000.0;7936000;1651103725.4256046
32;8192000.0;8192000;1651103819.5579448
33;8448000.0;8448000;1651103914.2232292
34;8704000.0;8704000;1651104008.9692864
35;8960000.0;8960000;1651104103.5953388
36;9216000.0;9216000;1651104198.3421204
37;9472000.0;9472000;1651104292.6673312
38;9728000.0;9728000;1651104387.2039986
39;9984000.0;9984000;1651104481.8503845
40;10240000.0;10240000;1651104580.8307345
41;10496000.0;10496000;1651104676.8932652
42;10752000.0;10752000;1651104771.9579046
43;11008000.0;11008000;1651104866.1033978
44;11264000.0;11264000;1651104960.9790351
45;11520000.0;11520000;1651105056.0058022
46;11776000.0;11776000;1651105150.9229913
47;12032000.0;12032000;1651105245.772671
48;12288000.0;12288000;1651105340.6853497
49;12544000.0;12544000;1651105435.024234
50;12800000.0;12800000;1651105529.3836534
