;test/env_step;Steps;Wall_Time
0;0.0;0;1650771118.4159176
1;256000.0;256000;1650771244.9337716
2;512000.0;512000;1650771371.4078484
3;768000.0;768000;1650771498.695713
4;1024000.0;1024000;1650771625.9389217
5;1280000.0;1280000;1650771753.1242611
6;1536000.0;1536000;1650771880.5491152
7;1792000.0;1792000;1650772007.8581538
8;2048000.0;2048000;1650772135.3893685
9;2304000.0;2304000;1650772263.02894
10;2560000.0;2560000;1650772390.2020419
11;2816000.0;2816000;1650772517.0127745
12;3072000.0;3072000;1650772643.8375268
13;3328000.0;3328000;1650772770.7629857
14;3584000.0;3584000;1650772898.5450053
15;3840000.0;3840000;1650773025.5560932
16;4096000.0;4096000;1650773152.3429768
17;4352000.0;4352000;1650773278.9324734
18;4608000.0;4608000;1650773406.15149
19;4864000.0;4864000;1650773533.3357725
20;5120000.0;5120000;1650773660.528142
21;5376000.0;5376000;1650773787.8289034
22;5632000.0;5632000;1650773915.0275564
23;5888000.0;5888000;1650774042.1271973
24;6144000.0;6144000;1650774169.2808845
25;6400000.0;6400000;1650774296.2381644
26;6656000.0;6656000;1650774423.2949567
27;6912000.0;6912000;1650774550.4313474
28;7168000.0;7168000;1650774677.4557674
29;7424000.0;7424000;1650774804.2557056
30;7680000.0;7680000;1650774931.257722
31;7936000.0;7936000;1650775057.992423
32;8192000.0;8192000;1650775185.0180442
33;8448000.0;8448000;1650775311.8213985
34;8704000.0;8704000;1650775438.9993622
35;8960000.0;8960000;1650775566.0915787
36;9216000.0;9216000;1650775693.4353592
37;9472000.0;9472000;1650775821.0066283
38;9728000.0;9728000;1650775948.8871155
39;9984000.0;9984000;1650776076.7905176
40;10240000.0;10240000;1650776204.092877
41;10496000.0;10496000;1650776331.1218576
42;10752000.0;10752000;1650776457.9083257
43;11008000.0;11008000;1650776585.0320098
44;11264000.0;11264000;1650776711.977413
45;11520000.0;11520000;1650776839.0552194
46;11776000.0;11776000;1650776965.789668
47;12032000.0;12032000;1650777092.9868872
48;12288000.0;12288000;1650777220.4424686
49;12544000.0;12544000;1650777347.825309
50;12800000.0;12800000;1650777474.915024
