;test/env_step;Steps;Wall_Time
0;0.0;0;1651377210.7429028
1;256000.0;256000;1651377349.830535
2;512000.0;512000;1651377491.3881614
3;768000.0;768000;1651377632.973579
4;1024000.0;1024000;1651377772.3064554
5;1280000.0;1280000;1651377911.0099297
6;1536000.0;1536000;1651378050.1975281
7;1792000.0;1792000;1651378189.2729623
8;2048000.0;2048000;1651378328.302794
9;2304000.0;2304000;1651378467.6901422
10;2560000.0;2560000;1651378606.8147047
11;2816000.0;2816000;1651378747.5884013
12;3072000.0;3072000;1651378886.266524
13;3328000.0;3328000;1651379025.1196277
14;3584000.0;3584000;1651379163.7474046
15;3840000.0;3840000;1651379302.1029317
16;4096000.0;4096000;1651379440.8132756
17;4352000.0;4352000;1651379579.5282695
18;4608000.0;4608000;1651379718.6251771
19;4864000.0;4864000;1651379860.139291
20;5120000.0;5120000;1651380000.1427891
21;5376000.0;5376000;1651380139.0944524
22;5632000.0;5632000;1651380278.360046
23;5888000.0;5888000;1651380420.1421287
24;6144000.0;6144000;1651380559.0138927
25;6400000.0;6400000;1651380697.4313865
26;6656000.0;6656000;1651380836.2401917
27;6912000.0;6912000;1651380975.5268273
28;7168000.0;7168000;1651381114.3722472
29;7424000.0;7424000;1651381254.76048
30;7680000.0;7680000;1651381393.863571
31;7936000.0;7936000;1651381532.384751
32;8192000.0;8192000;1651381670.1920028
33;8448000.0;8448000;1651381807.721567
34;8704000.0;8704000;1651381945.6363115
35;8960000.0;8960000;1651382083.5622518
36;9216000.0;9216000;1651382220.784645
37;9472000.0;9472000;1651382358.4034457
38;9728000.0;9728000;1651382496.1384501
39;9984000.0;9984000;1651382633.8053362
40;10240000.0;10240000;1651382771.3885493
41;10496000.0;10496000;1651382909.079759
42;10752000.0;10752000;1651383046.5860405
43;11008000.0;11008000;1651383184.7708132
44;11264000.0;11264000;1651383322.6420033
45;11520000.0;11520000;1651383460.3866408
46;11776000.0;11776000;1651383598.35083
47;12032000.0;12032000;1651383736.5298893
48;12288000.0;12288000;1651383874.4899838
49;12544000.0;12544000;1651384012.2951536
50;12800000.0;12800000;1651384149.9824317
