;test/env_step;Steps;Wall_Time
0;0.0;0;1649565096.708747
1;256000.0;256000;1649565185.8729668
2;512000.0;512000;1649565275.1982672
3;768000.0;768000;1649565364.4619508
4;1024000.0;1024000;1649565453.6452208
5;1280000.0;1280000;1649565542.8475134
6;1536000.0;1536000;1649565632.082753
7;1792000.0;1792000;1649565721.3481507
8;2048000.0;2048000;1649565810.431418
9;2304000.0;2304000;1649565899.4163103
10;2560000.0;2560000;1649565988.462075
11;2816000.0;2816000;1649566077.472563
12;3072000.0;3072000;1649566166.4167826
13;3328000.0;3328000;1649566255.4396536
14;3584000.0;3584000;1649566344.409998
15;3840000.0;3840000;1649566433.8928869
16;4096000.0;4096000;1649566537.6137152
17;4352000.0;4352000;1649566642.2432635
18;4608000.0;4608000;1649566746.8773186
19;4864000.0;4864000;1649566851.584223
20;5120000.0;5120000;1649566956.0075831
21;5376000.0;5376000;1649567060.269424
22;5632000.0;5632000;1649567164.7964787
23;5888000.0;5888000;1649567269.2354312
24;6144000.0;6144000;1649567373.646085
25;6400000.0;6400000;1649567478.223378
26;6656000.0;6656000;1649567582.5617168
27;6912000.0;6912000;1649567686.9596786
28;7168000.0;7168000;1649567779.7186835
29;7424000.0;7424000;1649567868.5678132
30;7680000.0;7680000;1649567957.0996418
31;7936000.0;7936000;1649568045.8324525
32;8192000.0;8192000;1649568134.3912663
33;8448000.0;8448000;1649568223.324296
34;8704000.0;8704000;1649568311.9723873
35;8960000.0;8960000;1649568400.8758807
36;9216000.0;9216000;1649568489.6507783
37;9472000.0;9472000;1649568578.240445
38;9728000.0;9728000;1649568667.045554
39;9984000.0;9984000;1649568755.2659929
40;10240000.0;10240000;1649568843.8223596
41;10496000.0;10496000;1649568932.1433053
42;10752000.0;10752000;1649569020.5252185
43;11008000.0;11008000;1649569108.7855926
44;11264000.0;11264000;1649569197.0139444
45;11520000.0;11520000;1649569285.4684792
46;11776000.0;11776000;1649569373.6244795
47;12032000.0;12032000;1649569461.798924
48;12288000.0;12288000;1649569550.398553
49;12544000.0;12544000;1649569639.4109678
50;12800000.0;12800000;1649569728.1633334
