;test/env_step;Steps;Wall_Time
0;0.0;0;1648841225.091262
1;256000.0;256000;1648841323.039226
2;512000.0;512000;1648841413.8327823
3;768000.0;768000;1648841511.7498972
4;1024000.0;1024000;1648841601.931502
5;1280000.0;1280000;1648841694.6805093
6;1536000.0;1536000;1648841801.1795266
7;1792000.0;1792000;1648841907.3383365
8;2048000.0;2048000;1648842002.034068
9;2304000.0;2304000;1648842092.6761606
10;2560000.0;2560000;1648842183.1667838
11;2816000.0;2816000;1648842273.3933668
12;3072000.0;3072000;1648842364.1411607
13;3328000.0;3328000;1648842454.9902916
14;3584000.0;3584000;1648842545.3629746
15;3840000.0;3840000;1648842636.1477263
16;4096000.0;4096000;1648842726.8642273
17;4352000.0;4352000;1648842817.5843513
18;4608000.0;4608000;1648842907.9803872
19;4864000.0;4864000;1648842998.9689384
20;5120000.0;5120000;1648843090.2465355
21;5376000.0;5376000;1648843181.3984985
22;5632000.0;5632000;1648843274.994342
23;5888000.0;5888000;1648843381.3288252
24;6144000.0;6144000;1648843487.7182832
25;6400000.0;6400000;1648843588.818937
26;6656000.0;6656000;1648843679.057568
27;6912000.0;6912000;1648843769.1685412
28;7168000.0;7168000;1648843859.2496517
29;7424000.0;7424000;1648843949.3992555
30;7680000.0;7680000;1648844039.8698483
31;7936000.0;7936000;1648844130.8352659
32;8192000.0;8192000;1648844221.6571627
33;8448000.0;8448000;1648844312.273161
34;8704000.0;8704000;1648844403.0794168
35;8960000.0;8960000;1648844493.3910036
36;9216000.0;9216000;1648844583.6052125
37;9472000.0;9472000;1648844673.9516935
38;9728000.0;9728000;1648844764.1779587
39;9984000.0;9984000;1648844854.3098147
40;10240000.0;10240000;1648844944.7345846
41;10496000.0;10496000;1648845035.166824
42;10752000.0;10752000;1648845125.901527
43;11008000.0;11008000;1648845216.6255004
44;11264000.0;11264000;1648845307.5024748
45;11520000.0;11520000;1648845398.2685304
46;11776000.0;11776000;1648845489.1148021
47;12032000.0;12032000;1648845580.0187583
48;12288000.0;12288000;1648845670.987056
49;12544000.0;12544000;1648845761.8460035
50;12800000.0;12800000;1648845852.0239983
