;test/env_step;Steps;Wall_Time
0;0.0;0;1648855393.4460762
1;256000.0;256000;1648855491.093707
2;512000.0;512000;1648855588.7349343
3;768000.0;768000;1648855686.1325345
4;1024000.0;1024000;1648855783.507504
5;1280000.0;1280000;1648855880.6916952
6;1536000.0;1536000;1648855978.142266
7;1792000.0;1792000;1648856075.3565314
8;2048000.0;2048000;1648856172.8580654
9;2304000.0;2304000;1648856270.1199145
10;2560000.0;2560000;1648856367.6291196
11;2816000.0;2816000;1648856465.0122344
12;3072000.0;3072000;1648856562.4858088
13;3328000.0;3328000;1648856659.8463404
14;3584000.0;3584000;1648856756.9209452
15;3840000.0;3840000;1648856853.9107127
16;4096000.0;4096000;1648856951.039962
17;4352000.0;4352000;1648857047.9910514
18;4608000.0;4608000;1648857145.0076933
19;4864000.0;4864000;1648857242.1825058
20;5120000.0;5120000;1648857339.230626
21;5376000.0;5376000;1648857436.180013
22;5632000.0;5632000;1648857532.4420168
23;5888000.0;5888000;1648857628.7686746
24;6144000.0;6144000;1648857724.9967377
25;6400000.0;6400000;1648857821.7226331
26;6656000.0;6656000;1648857918.4528413
27;6912000.0;6912000;1648858015.472247
28;7168000.0;7168000;1648858112.6051824
29;7424000.0;7424000;1648858209.8620672
30;7680000.0;7680000;1648858307.2911825
31;7936000.0;7936000;1648858404.795099
32;8192000.0;8192000;1648858502.228854
33;8448000.0;8448000;1648858599.5694742
34;8704000.0;8704000;1648858696.779257
35;8960000.0;8960000;1648858794.0031092
36;9216000.0;9216000;1648858891.2222354
37;9472000.0;9472000;1648858988.3940887
38;9728000.0;9728000;1648859085.6488912
39;9984000.0;9984000;1648859182.8955524
40;10240000.0;10240000;1648859286.7159235
41;10496000.0;10496000;1648859383.4855905
42;10752000.0;10752000;1648859479.995309
43;11008000.0;11008000;1648859577.2717562
44;11264000.0;11264000;1648859674.2124727
45;11520000.0;11520000;1648859771.5254197
46;11776000.0;11776000;1648859868.9901862
47;12032000.0;12032000;1648859966.3435817
48;12288000.0;12288000;1648860063.734117
49;12544000.0;12544000;1648860161.224682
50;12800000.0;12800000;1648860258.6174037
