;test/env_step;Steps;Wall_Time
0;0.0;0;1648845870.4520946
1;256000.0;256000;1648845966.133159
2;512000.0;512000;1648846070.1363783
3;768000.0;768000;1648846162.4750717
4;1024000.0;1024000;1648846255.7689326
5;1280000.0;1280000;1648846347.5599005
6;1536000.0;1536000;1648846439.7166224
7;1792000.0;1792000;1648846532.3893576
8;2048000.0;2048000;1648846625.149051
9;2304000.0;2304000;1648846717.9982827
10;2560000.0;2560000;1648846810.3624842
11;2816000.0;2816000;1648846902.9949281
12;3072000.0;3072000;1648846995.6916988
13;3328000.0;3328000;1648847088.1726842
14;3584000.0;3584000;1648847180.6575847
15;3840000.0;3840000;1648847273.7310271
16;4096000.0;4096000;1648847366.664869
17;4352000.0;4352000;1648847459.5945854
18;4608000.0;4608000;1648847552.472297
19;4864000.0;4864000;1648847645.2618437
20;5120000.0;5120000;1648847738.1921234
21;5376000.0;5376000;1648847830.6313376
22;5632000.0;5632000;1648847922.6216364
23;5888000.0;5888000;1648848014.54112
24;6144000.0;6144000;1648848106.608212
25;6400000.0;6400000;1648848198.579968
26;6656000.0;6656000;1648848290.7180774
27;6912000.0;6912000;1648848382.788637
28;7168000.0;7168000;1648848475.024839
29;7424000.0;7424000;1648848567.2932568
30;7680000.0;7680000;1648848659.5548372
31;7936000.0;7936000;1648848751.689292
32;8192000.0;8192000;1648848843.7706456
33;8448000.0;8448000;1648848935.8887815
34;8704000.0;8704000;1648849028.1127071
35;8960000.0;8960000;1648849120.5316463
36;9216000.0;9216000;1648849212.8537347
37;9472000.0;9472000;1648849305.2514706
38;9728000.0;9728000;1648849397.7728739
39;9984000.0;9984000;1648849490.29292
40;10240000.0;10240000;1648849582.7559984
41;10496000.0;10496000;1648849675.1453881
42;10752000.0;10752000;1648849767.7294629
43;11008000.0;11008000;1648849859.9677732
44;11264000.0;11264000;1648849952.0595865
45;11520000.0;11520000;1648850044.0131037
46;11776000.0;11776000;1648850135.962102
47;12032000.0;12032000;1648850228.4805868
48;12288000.0;12288000;1648850320.4947972
49;12544000.0;12544000;1648850412.609422
50;12800000.0;12800000;1648850505.2457218
