;test/env_step;Steps;Wall_Time
0;0.0;0;1648954821.614555
1;256000.0;256000;1648954913.779114
2;512000.0;512000;1648955005.104939
3;768000.0;768000;1648955096.322362
4;1024000.0;1024000;1648955187.6168354
5;1280000.0;1280000;1648955278.8740807
6;1536000.0;1536000;1648955370.1951776
7;1792000.0;1792000;1648955461.42344
8;2048000.0;2048000;1648955552.2583258
9;2304000.0;2304000;1648955643.0583766
10;2560000.0;2560000;1648955734.008817
11;2816000.0;2816000;1648955824.8771343
12;3072000.0;3072000;1648955915.6794987
13;3328000.0;3328000;1648956006.570648
14;3584000.0;3584000;1648956097.438653
15;3840000.0;3840000;1648956188.6186686
16;4096000.0;4096000;1648956280.2839203
17;4352000.0;4352000;1648956371.88236
18;4608000.0;4608000;1648956463.3865728
19;4864000.0;4864000;1648956554.7752502
20;5120000.0;5120000;1648956646.2611258
21;5376000.0;5376000;1648956737.7204797
22;5632000.0;5632000;1648956829.3192804
23;5888000.0;5888000;1648956920.829949
24;6144000.0;6144000;1648957012.3489945
25;6400000.0;6400000;1648957103.8363268
26;6656000.0;6656000;1648957195.4125612
27;6912000.0;6912000;1648957286.85377
28;7168000.0;7168000;1648957378.3460417
29;7424000.0;7424000;1648957469.9065115
30;7680000.0;7680000;1648957561.371483
31;7936000.0;7936000;1648957652.8858135
32;8192000.0;8192000;1648957744.41631
33;8448000.0;8448000;1648957835.8616643
34;8704000.0;8704000;1648957927.6579893
35;8960000.0;8960000;1648958019.494589
36;9216000.0;9216000;1648958111.1712067
37;9472000.0;9472000;1648958202.3081248
38;9728000.0;9728000;1648958293.6880782
39;9984000.0;9984000;1648958385.3301594
40;10240000.0;10240000;1648958478.792235
41;10496000.0;10496000;1648958572.9394999
42;10752000.0;10752000;1648958664.523256
43;11008000.0;11008000;1648958755.9697316
44;11264000.0;11264000;1648958847.5821228
45;11520000.0;11520000;1648958939.046077
46;11776000.0;11776000;1648959030.6224597
47;12032000.0;12032000;1648959121.8040867
48;12288000.0;12288000;1648959212.6614683
49;12544000.0;12544000;1648959303.6722648
50;12800000.0;12800000;1648959394.45616
