;test/env_step;Steps;Wall_Time
0;0.0;0;1651370211.463028
1;256000.0;256000;1651370350.6737328
2;512000.0;512000;1651370490.5392885
3;768000.0;768000;1651370631.077972
4;1024000.0;1024000;1651370772.4029834
5;1280000.0;1280000;1651370911.548212
6;1536000.0;1536000;1651371053.0126874
7;1792000.0;1792000;1651371194.686192
8;2048000.0;2048000;1651371335.4503474
9;2304000.0;2304000;1651371475.5780616
10;2560000.0;2560000;1651371615.948334
11;2816000.0;2816000;1651371755.3547556
12;3072000.0;3072000;1651371894.7597888
13;3328000.0;3328000;1651372033.517944
14;3584000.0;3584000;1651372172.945296
15;3840000.0;3840000;1651372313.501821
16;4096000.0;4096000;1651372455.1633348
17;4352000.0;4352000;1651372595.844987
18;4608000.0;4608000;1651372735.8401787
19;4864000.0;4864000;1651372876.26372
20;5120000.0;5120000;1651373016.1468537
21;5376000.0;5376000;1651373155.636209
22;5632000.0;5632000;1651373298.4642177
23;5888000.0;5888000;1651373437.9096515
24;6144000.0;6144000;1651373577.2282882
25;6400000.0;6400000;1651373717.3767626
26;6656000.0;6656000;1651373857.5712235
27;6912000.0;6912000;1651373996.5128958
28;7168000.0;7168000;1651374135.3006275
29;7424000.0;7424000;1651374273.7971423
30;7680000.0;7680000;1651374411.8985074
31;7936000.0;7936000;1651374550.6516476
32;8192000.0;8192000;1651374690.1547623
33;8448000.0;8448000;1651374827.9390066
34;8704000.0;8704000;1651374966.775947
35;8960000.0;8960000;1651375107.57367
36;9216000.0;9216000;1651375247.3969584
37;9472000.0;9472000;1651375385.645224
38;9728000.0;9728000;1651375524.005908
39;9984000.0;9984000;1651375662.3217502
40;10240000.0;10240000;1651375800.173831
41;10496000.0;10496000;1651375938.7620678
42;10752000.0;10752000;1651376076.848151
43;11008000.0;11008000;1651376215.671169
44;11264000.0;11264000;1651376357.8631291
45;11520000.0;11520000;1651376497.662588
46;11776000.0;11776000;1651376636.0902805
47;12032000.0;12032000;1651376776.9403336
48;12288000.0;12288000;1651376916.2754219
49;12544000.0;12544000;1651377054.8625019
50;12800000.0;12800000;1651377193.5794668
