;test/env_step;Steps;Wall_Time
0;0.0;0;1651279528.7827346
1;256000.0;256000;1651279676.4293566
2;512000.0;512000;1651279823.4611797
3;768000.0;768000;1651279970.3354685
4;1024000.0;1024000;1651280117.1334865
5;1280000.0;1280000;1651280264.4189696
6;1536000.0;1536000;1651280411.4715657
7;1792000.0;1792000;1651280558.7743783
8;2048000.0;2048000;1651280706.4887123
9;2304000.0;2304000;1651280854.20635
10;2560000.0;2560000;1651281001.5751793
11;2816000.0;2816000;1651281148.5405154
12;3072000.0;3072000;1651281295.655796
13;3328000.0;3328000;1651281442.2787502
14;3584000.0;3584000;1651281589.5384474
15;3840000.0;3840000;1651281736.924411
16;4096000.0;4096000;1651281884.2417545
17;4352000.0;4352000;1651282035.503658
18;4608000.0;4608000;1651282195.8765533
19;4864000.0;4864000;1651282342.7491825
20;5120000.0;5120000;1651282489.531159
21;5376000.0;5376000;1651282635.8996336
22;5632000.0;5632000;1651282782.845237
23;5888000.0;5888000;1651282930.056642
24;6144000.0;6144000;1651283077.1661808
25;6400000.0;6400000;1651283223.84535
26;6656000.0;6656000;1651283370.5980244
27;6912000.0;6912000;1651283522.2854056
28;7168000.0;7168000;1651283669.5632927
29;7424000.0;7424000;1651283816.5786917
30;7680000.0;7680000;1651283963.2857265
31;7936000.0;7936000;1651284110.5101876
32;8192000.0;8192000;1651284258.192246
33;8448000.0;8448000;1651284405.0459163
34;8704000.0;8704000;1651284556.8310187
35;8960000.0;8960000;1651284703.4988961
36;9216000.0;9216000;1651284850.5995574
37;9472000.0;9472000;1651284997.244714
38;9728000.0;9728000;1651285143.8012626
39;9984000.0;9984000;1651285291.0347517
40;10240000.0;10240000;1651285438.5054464
41;10496000.0;10496000;1651285585.9828155
42;10752000.0;10752000;1651285733.2824292
43;11008000.0;11008000;1651285879.9739444
44;11264000.0;11264000;1651286026.6633966
45;11520000.0;11520000;1651286173.433628
46;11776000.0;11776000;1651286332.314757
47;12032000.0;12032000;1651286495.6918452
48;12288000.0;12288000;1651286654.9787362
49;12544000.0;12544000;1651286802.1926792
50;12800000.0;12800000;1651286949.043946
