;test/env_step;Steps;Wall_Time
0;0.0;0;1648933981.5767865
1;256000.0;256000;1648934073.7523973
2;512000.0;512000;1648934166.0007231
3;768000.0;768000;1648934258.1954126
4;1024000.0;1024000;1648934350.5041351
5;1280000.0;1280000;1648934442.5694478
6;1536000.0;1536000;1648934534.5922961
7;1792000.0;1792000;1648934626.5489051
8;2048000.0;2048000;1648934718.7159743
9;2304000.0;2304000;1648934810.7702935
10;2560000.0;2560000;1648934903.1373062
11;2816000.0;2816000;1648934995.1874127
12;3072000.0;3072000;1648935087.093084
13;3328000.0;3328000;1648935179.254405
14;3584000.0;3584000;1648935271.226688
15;3840000.0;3840000;1648935363.29978
16;4096000.0;4096000;1648935455.2608564
17;4352000.0;4352000;1648935547.3950443
18;4608000.0;4608000;1648935639.4385338
19;4864000.0;4864000;1648935731.459198
20;5120000.0;5120000;1648935823.604372
21;5376000.0;5376000;1648935915.366711
22;5632000.0;5632000;1648936007.043611
23;5888000.0;5888000;1648936098.508473
24;6144000.0;6144000;1648936190.0947397
25;6400000.0;6400000;1648936280.5240357
26;6656000.0;6656000;1648936370.5813854
27;6912000.0;6912000;1648936460.1129217
28;7168000.0;7168000;1648936549.5547264
29;7424000.0;7424000;1648936639.2035155
30;7680000.0;7680000;1648936728.836001
31;7936000.0;7936000;1648936818.4700665
32;8192000.0;8192000;1648936908.0434644
33;8448000.0;8448000;1648936997.885179
34;8704000.0;8704000;1648937087.5887184
35;8960000.0;8960000;1648937177.2457168
36;9216000.0;9216000;1648937266.697273
37;9472000.0;9472000;1648937356.3778112
38;9728000.0;9728000;1648937445.865439
39;9984000.0;9984000;1648937535.497188
40;10240000.0;10240000;1648937625.2955077
41;10496000.0;10496000;1648937715.1276715
42;10752000.0;10752000;1648937805.0240438
43;11008000.0;11008000;1648937894.7330084
44;11264000.0;11264000;1648937984.4299762
45;11520000.0;11520000;1648938074.1412663
46;11776000.0;11776000;1648938164.014517
47;12032000.0;12032000;1648938253.8645334
48;12288000.0;12288000;1648938343.4842753
49;12544000.0;12544000;1648938433.3978565
50;12800000.0;12800000;1648938523.2083788
