;test/env_step;Steps;Wall_Time
0;0.0;0;1649600315.1925173
1;256000.0;256000;1649600432.4743404
2;512000.0;512000;1649600551.8735275
3;768000.0;768000;1649600677.2475362
4;1024000.0;1024000;1649600793.3134422
5;1280000.0;1280000;1649600915.9097066
6;1536000.0;1536000;1649601038.9839807
7;1792000.0;1792000;1649601154.8636346
8;2048000.0;2048000;1649601270.788665
9;2304000.0;2304000;1649601387.286509
10;2560000.0;2560000;1649601503.748542
11;2816000.0;2816000;1649601620.1046944
12;3072000.0;3072000;1649601736.4181232
13;3328000.0;3328000;1649601852.9732924
14;3584000.0;3584000;1649601969.5046136
15;3840000.0;3840000;1649602091.375261
16;4096000.0;4096000;1649602219.3194351
17;4352000.0;4352000;1649602337.2185283
18;4608000.0;4608000;1649602454.338272
19;4864000.0;4864000;1649602571.028149
20;5120000.0;5120000;1649602688.5464828
21;5376000.0;5376000;1649602805.719704
22;5632000.0;5632000;1649602931.2998407
23;5888000.0;5888000;1649603048.9365177
24;6144000.0;6144000;1649603167.6821902
25;6400000.0;6400000;1649603285.4564483
26;6656000.0;6656000;1649603402.171261
27;6912000.0;6912000;1649603518.4989622
28;7168000.0;7168000;1649603635.1243758
29;7424000.0;7424000;1649603752.2217665
30;7680000.0;7680000;1649603871.3624644
31;7936000.0;7936000;1649603988.3957224
32;8192000.0;8192000;1649604105.0728168
33;8448000.0;8448000;1649604223.4659786
34;8704000.0;8704000;1649604339.9165094
35;8960000.0;8960000;1649604470.5406144
36;9216000.0;9216000;1649604589.0440993
37;9472000.0;9472000;1649604705.9632485
38;9728000.0;9728000;1649604822.5100365
39;9984000.0;9984000;1649604939.0832891
40;10240000.0;10240000;1649605055.7970693
41;10496000.0;10496000;1649605174.6719477
42;10752000.0;10752000;1649605294.9879391
43;11008000.0;11008000;1649605411.8273907
44;11264000.0;11264000;1649605531.527258
45;11520000.0;11520000;1649605649.5323431
46;11776000.0;11776000;1649605767.548919
47;12032000.0;12032000;1649605885.616238
48;12288000.0;12288000;1649606003.5580459
49;12544000.0;12544000;1649606121.4529424
50;12800000.0;12800000;1649606239.333465
