;test/env_step;Steps;Wall_Time
0;0.0;0;1651303296.4374847
1;256000.0;256000;1651303442.0510192
2;512000.0;512000;1651303586.6076388
3;768000.0;768000;1651303731.1508043
4;1024000.0;1024000;1651303875.6442618
5;1280000.0;1280000;1651304020.4676907
6;1536000.0;1536000;1651304164.7785048
7;1792000.0;1792000;1651304313.2615247
8;2048000.0;2048000;1651304457.4880407
9;2304000.0;2304000;1651304602.3075368
10;2560000.0;2560000;1651304747.2027652
11;2816000.0;2816000;1651304892.3774633
12;3072000.0;3072000;1651305043.041328
13;3328000.0;3328000;1651305187.7270298
14;3584000.0;3584000;1651305332.212965
15;3840000.0;3840000;1651305477.3690794
16;4096000.0;4096000;1651305622.007157
17;4352000.0;4352000;1651305766.5197158
18;4608000.0;4608000;1651305910.6876478
19;4864000.0;4864000;1651306060.212446
20;5120000.0;5120000;1651306204.5062838
21;5376000.0;5376000;1651306352.1043043
22;5632000.0;5632000;1651306496.8046265
23;5888000.0;5888000;1651306641.155045
24;6144000.0;6144000;1651306786.103461
25;6400000.0;6400000;1651306930.474883
26;6656000.0;6656000;1651307075.4816854
27;6912000.0;6912000;1651307220.63427
28;7168000.0;7168000;1651307365.1486845
29;7424000.0;7424000;1651307509.7192154
30;7680000.0;7680000;1651307654.605169
31;7936000.0;7936000;1651307799.2709913
32;8192000.0;8192000;1651307944.0293627
33;8448000.0;8448000;1651308089.0001254
34;8704000.0;8704000;1651308233.938536
35;8960000.0;8960000;1651308378.7865303
36;9216000.0;9216000;1651308523.7254105
37;9472000.0;9472000;1651308668.240984
