;test/env_step;Steps;Wall_Time
0;0.0;0;1651272153.6671362
1;256000.0;256000;1651272300.5851908
2;512000.0;512000;1651272447.1317484
3;768000.0;768000;1651272594.3705204
4;1024000.0;1024000;1651272741.6758416
5;1280000.0;1280000;1651272889.1231556
6;1536000.0;1536000;1651273036.2022567
7;1792000.0;1792000;1651273182.9753869
8;2048000.0;2048000;1651273330.0063906
9;2304000.0;2304000;1651273476.8107162
10;2560000.0;2560000;1651273623.8347282
11;2816000.0;2816000;1651273771.2205465
12;3072000.0;3072000;1651273918.281621
13;3328000.0;3328000;1651274064.9470856
14;3584000.0;3584000;1651274212.2647328
15;3840000.0;3840000;1651274359.3057485
16;4096000.0;4096000;1651274506.4189665
17;4352000.0;4352000;1651274653.2002127
18;4608000.0;4608000;1651274800.8170867
19;4864000.0;4864000;1651274947.900626
20;5120000.0;5120000;1651275094.890674
21;5376000.0;5376000;1651275241.587859
22;5632000.0;5632000;1651275388.5254834
23;5888000.0;5888000;1651275535.3634138
24;6144000.0;6144000;1651275685.707813
25;6400000.0;6400000;1651275833.1185858
26;6656000.0;6656000;1651275980.003964
27;6912000.0;6912000;1651276127.0505793
28;7168000.0;7168000;1651276274.180844
29;7424000.0;7424000;1651276421.2905316
30;7680000.0;7680000;1651276568.2198832
31;7936000.0;7936000;1651276714.7207472
32;8192000.0;8192000;1651276861.3494492
33;8448000.0;8448000;1651277008.1702495
34;8704000.0;8704000;1651277155.1861372
35;8960000.0;8960000;1651277302.2386303
36;9216000.0;9216000;1651277452.2755184
37;9472000.0;9472000;1651277599.0870888
38;9728000.0;9728000;1651277746.3604767
39;9984000.0;9984000;1651277893.569157
40;10240000.0;10240000;1651278040.3829982
41;10496000.0;10496000;1651278186.97136
42;10752000.0;10752000;1651278334.5233123
43;11008000.0;11008000;1651278482.428837
44;11264000.0;11264000;1651278629.366295
45;11520000.0;11520000;1651278776.1482658
46;11776000.0;11776000;1651278922.944995
47;12032000.0;12032000;1651279070.7107804
48;12288000.0;12288000;1651279217.9835422
49;12544000.0;12544000;1651279364.5969532
50;12800000.0;12800000;1651279511.2955716
