;test/env_step;Steps;Wall_Time
0;0.0;0;1648976545.0408907
1;256000.0;256000;1648976667.970152
2;512000.0;512000;1648976790.6983156
3;768000.0;768000;1648976913.4737945
4;1024000.0;1024000;1648977036.3148756
5;1280000.0;1280000;1648977159.2738159
6;1536000.0;1536000;1648977282.132399
7;1792000.0;1792000;1648977405.0723064
8;2048000.0;2048000;1648977528.2669961
9;2304000.0;2304000;1648977651.3540907
10;2560000.0;2560000;1648977774.3454018
11;2816000.0;2816000;1648977897.2767916
12;3072000.0;3072000;1648978020.1541665
13;3328000.0;3328000;1648978143.0708945
14;3584000.0;3584000;1648978265.8067582
15;3840000.0;3840000;1648978388.706452
16;4096000.0;4096000;1648978511.3773203
17;4352000.0;4352000;1648978633.7949388
18;4608000.0;4608000;1648978756.546055
19;4864000.0;4864000;1648978879.0342064
20;5120000.0;5120000;1648979001.432005
21;5376000.0;5376000;1648979123.7731407
22;5632000.0;5632000;1648979246.4110684
23;5888000.0;5888000;1648979368.7113361
24;6144000.0;6144000;1648979490.9942799
25;6400000.0;6400000;1648979613.34234
26;6656000.0;6656000;1648979735.8840158
27;6912000.0;6912000;1648979858.5100975
28;7168000.0;7168000;1648979980.926083
29;7424000.0;7424000;1648980103.5694234
30;7680000.0;7680000;1648980226.1507864
31;7936000.0;7936000;1648980348.6884375
32;8192000.0;8192000;1648980471.1816263
33;8448000.0;8448000;1648980593.6252375
34;8704000.0;8704000;1648980716.128196
35;8960000.0;8960000;1648980838.5232983
36;9216000.0;9216000;1648980960.9067705
37;9472000.0;9472000;1648981083.4336689
38;9728000.0;9728000;1648981205.871305
39;9984000.0;9984000;1648981328.421352
40;10240000.0;10240000;1648981450.985298
41;10496000.0;10496000;1648981573.687907
42;10752000.0;10752000;1648981696.522254
43;11008000.0;11008000;1648981819.2653134
44;11264000.0;11264000;1648981942.0327284
45;11520000.0;11520000;1648982064.796671
46;11776000.0;11776000;1648982187.3368683
47;12032000.0;12032000;1648982310.1397307
48;12288000.0;12288000;1648982432.9697611
49;12544000.0;12544000;1648982555.7096608
50;12800000.0;12800000;1648982678.5013118
