;test/env_step;Steps;Wall_Time
0;0.0;0;1649211342.9123788
1;1024000.0;1024000;1649211808.12881
2;2048000.0;2048000;1649212272.2141042
3;3072000.0;3072000;1649212734.3088887
4;4096000.0;4096000;1649213197.1026664
5;5120000.0;5120000;1649213659.8997335
6;6144000.0;6144000;1649214123.2617435
7;7168000.0;7168000;1649214586.441731
8;8192000.0;8192000;1649215049.9416227
9;9216000.0;9216000;1649215513.9564276
10;10240000.0;10240000;1649215978.189252
11;11264000.0;11264000;1649216442.0516226
12;12288000.0;12288000;1649216904.687129
13;13312000.0;13312000;1649217368.7819126
14;14336000.0;14336000;1649217835.5698538
15;15360000.0;15360000;1649218299.70123
16;16384000.0;16384000;1649218761.795323
17;17408000.0;17408000;1649219224.5314991
18;18432000.0;18432000;1649219687.395657
19;19456000.0;19456000;1649220151.0573108
20;20480000.0;20480000;1649220614.617029
21;21504000.0;21504000;1649221077.8361306
22;22528000.0;22528000;1649221538.6453784
23;23552000.0;23552000;1649221999.1189919
24;24576000.0;24576000;1649222460.3954408
25;25600000.0;25600000;1649222921.9256527
26;26624000.0;26624000;1649223382.7714496
27;27648000.0;27648000;1649223842.7830222
28;28672000.0;28672000;1649224303.5524035
29;29696000.0;29696000;1649224763.9607842
30;30720000.0;30720000;1649225224.200838
31;31744000.0;31744000;1649225685.1045876
32;32768000.0;32768000;1649226144.9022324
33;33792000.0;33792000;1649226605.3387802
34;34816000.0;34816000;1649227066.0711718
35;35840000.0;35840000;1649227528.5987864
36;36864000.0;36864000;1649227991.386745
37;37888000.0;37888000;1649228453.847435
38;38912000.0;38912000;1649228916.518176
39;39936000.0;39936000;1649229378.9309044
40;40960000.0;40960000;1649229842.4712846
41;41984000.0;41984000;1649230304.813645
42;43008000.0;43008000;1649230766.6834877
43;44032000.0;44032000;1649231228.5366604
44;45056000.0;45056000;1649231691.4701583
45;46080000.0;46080000;1649232154.3395066
46;47104000.0;47104000;1649232616.7367349
47;48128000.0;48128000;1649233079.4842334
48;49152000.0;49152000;1649233542.1577215
49;50176000.0;50176000;1649234005.1759002
50;51200000.0;51200000;1649234472.1971624
