;test/env_step;Steps;Wall_Time
0;0.0;0;1649456898.7840023
1;256000.0;256000;1649456992.2890556
2;512000.0;512000;1649457085.8121564
3;768000.0;768000;1649457179.1217678
4;1024000.0;1024000;1649457272.4691055
5;1280000.0;1280000;1649457365.7553985
6;1536000.0;1536000;1649457459.0905766
7;1792000.0;1792000;1649457558.9674714
8;2048000.0;2048000;1649457667.6164515
9;2304000.0;2304000;1649457762.7018416
10;2560000.0;2560000;1649457856.2460933
11;2816000.0;2816000;1649457949.6753798
12;3072000.0;3072000;1649458043.0153875
13;3328000.0;3328000;1649458136.434924
14;3584000.0;3584000;1649458229.7843075
15;3840000.0;3840000;1649458323.213003
16;4096000.0;4096000;1649458416.455989
17;4352000.0;4352000;1649458509.6866467
18;4608000.0;4608000;1649458602.9835954
19;4864000.0;4864000;1649458696.2174807
20;5120000.0;5120000;1649458789.6292834
21;5376000.0;5376000;1649458882.823534
22;5632000.0;5632000;1649458976.1473415
23;5888000.0;5888000;1649459069.4608176
24;6144000.0;6144000;1649459162.8062248
25;6400000.0;6400000;1649459255.9254413
26;6656000.0;6656000;1649459349.2059278
27;6912000.0;6912000;1649459442.0322037
28;7168000.0;7168000;1649459535.228321
29;7424000.0;7424000;1649459628.4205568
30;7680000.0;7680000;1649459721.5817945
31;7936000.0;7936000;1649459814.9144146
32;8192000.0;8192000;1649459915.1117816
33;8448000.0;8448000;1649460023.7394474
34;8704000.0;8704000;1649460125.980696
35;8960000.0;8960000;1649460218.7516062
36;9216000.0;9216000;1649460311.4760602
37;9472000.0;9472000;1649460404.3787277
38;9728000.0;9728000;1649460496.95093
39;9984000.0;9984000;1649460589.4199338
40;10240000.0;10240000;1649460682.0903287
41;10496000.0;10496000;1649460774.606293
42;10752000.0;10752000;1649460867.1391177
43;11008000.0;11008000;1649460959.5211298
44;11264000.0;11264000;1649461051.8955643
45;11520000.0;11520000;1649461144.3037395
46;11776000.0;11776000;1649461236.8363001
47;12032000.0;12032000;1649461329.416276
48;12288000.0;12288000;1649461422.0748606
49;12544000.0;12544000;1649461515.2106423
50;12800000.0;12800000;1649461608.296098
