;test/env_step;Steps;Wall_Time
0;0.0;0;1649569746.1539054
1;256000.0;256000;1649569846.1734338
2;512000.0;512000;1649569946.1070557
3;768000.0;768000;1649570045.7132537
4;1024000.0;1024000;1649570145.431297
5;1280000.0;1280000;1649570245.0124495
6;1536000.0;1536000;1649570344.6551344
7;1792000.0;1792000;1649570444.2732499
8;2048000.0;2048000;1649570543.9594848
9;2304000.0;2304000;1649570643.2040596
10;2560000.0;2560000;1649570742.5243993
11;2816000.0;2816000;1649570841.764744
12;3072000.0;3072000;1649570940.8475933
13;3328000.0;3328000;1649571039.834231
14;3584000.0;3584000;1649571138.6846888
15;3840000.0;3840000;1649571237.6166496
16;4096000.0;4096000;1649571336.4870522
17;4352000.0;4352000;1649571435.3220365
18;4608000.0;4608000;1649571534.0468037
19;4864000.0;4864000;1649571632.727198
20;5120000.0;5120000;1649571731.5228958
21;5376000.0;5376000;1649571830.1700306
22;5632000.0;5632000;1649571929.3939085
23;5888000.0;5888000;1649572028.7358687
24;6144000.0;6144000;1649572128.224135
25;6400000.0;6400000;1649572227.5403156
26;6656000.0;6656000;1649572326.9360704
27;6912000.0;6912000;1649572426.2573009
28;7168000.0;7168000;1649572525.6435807
29;7424000.0;7424000;1649572625.4101548
30;7680000.0;7680000;1649572724.6359246
31;7936000.0;7936000;1649572823.6922095
32;8192000.0;8192000;1649572922.7281659
33;8448000.0;8448000;1649573021.7767348
34;8704000.0;8704000;1649573120.7755718
35;8960000.0;8960000;1649573220.1263087
36;9216000.0;9216000;1649573319.3714428
37;9472000.0;9472000;1649573418.6047578
38;9728000.0;9728000;1649573517.4624596
39;9984000.0;9984000;1649573616.3262012
40;10240000.0;10240000;1649573715.227011
41;10496000.0;10496000;1649573814.0075388
42;10752000.0;10752000;1649573912.8946548
43;11008000.0;11008000;1649574011.698401
44;11264000.0;11264000;1649574110.6720083
45;11520000.0;11520000;1649574209.8321366
46;11776000.0;11776000;1649574308.8408751
47;12032000.0;12032000;1649574407.8412066
48;12288000.0;12288000;1649574506.7687879
49;12544000.0;12544000;1649574605.7967575
50;12800000.0;12800000;1649574704.8201725
