;test/env_step;Steps;Wall_Time
0;0.0;0;1648900502.439903
1;256000.0;256000;1648900637.4703982
2;512000.0;512000;1648900760.0000267
3;768000.0;768000;1648900882.328352
4;1024000.0;1024000;1648901004.7653396
5;1280000.0;1280000;1648901127.1325305
6;1536000.0;1536000;1648901249.6942608
7;1792000.0;1792000;1648901371.7659297
8;2048000.0;2048000;1648901494.8055856
9;2304000.0;2304000;1648901617.080534
10;2560000.0;2560000;1648901739.1219814
11;2816000.0;2816000;1648901861.768691
12;3072000.0;3072000;1648901984.7791984
13;3328000.0;3328000;1648902107.1782727
14;3584000.0;3584000;1648902228.7079623
15;3840000.0;3840000;1648902350.671669
16;4096000.0;4096000;1648902473.2249198
17;4352000.0;4352000;1648902595.01275
18;4608000.0;4608000;1648902717.435668
19;4864000.0;4864000;1648902839.980132
20;5120000.0;5120000;1648902962.4936135
21;5376000.0;5376000;1648903084.7641666
22;5632000.0;5632000;1648903206.9628124
23;5888000.0;5888000;1648903329.0604396
24;6144000.0;6144000;1648903451.634728
25;6400000.0;6400000;1648903573.7654026
26;6656000.0;6656000;1648903694.4012678
27;6912000.0;6912000;1648903814.6470664
28;7168000.0;7168000;1648903934.7623138
29;7424000.0;7424000;1648904055.050401
30;7680000.0;7680000;1648904174.444801
31;7936000.0;7936000;1648904293.4101954
32;8192000.0;8192000;1648904412.1902256
33;8448000.0;8448000;1648904530.991829
34;8704000.0;8704000;1648904649.8799753
35;8960000.0;8960000;1648904768.4946709
36;9216000.0;9216000;1648904887.231943
37;9472000.0;9472000;1648905005.9742956
38;9728000.0;9728000;1648905124.8344014
39;9984000.0;9984000;1648905243.9562354
40;10240000.0;10240000;1648905363.1528385
41;10496000.0;10496000;1648905482.3881948
42;10752000.0;10752000;1648905601.7030048
43;11008000.0;11008000;1648905720.8964727
44;11264000.0;11264000;1648905840.2482307
45;11520000.0;11520000;1648905959.3624194
46;11776000.0;11776000;1648906078.432179
47;12032000.0;12032000;1648906197.2807891
48;12288000.0;12288000;1648906316.56156
49;12544000.0;12544000;1648906435.9398198
50;12800000.0;12800000;1648906555.2308197
