;test/env_step;Steps;Wall_Time
0;0.0;0;1651257522.6499195
1;256000.0;256000;1651257670.8839047
2;512000.0;512000;1651257818.7430308
3;768000.0;768000;1651257966.532249
4;1024000.0;1024000;1651258114.5041065
5;1280000.0;1280000;1651258262.219691
6;1536000.0;1536000;1651258408.895522
7;1792000.0;1792000;1651258554.8211057
8;2048000.0;2048000;1651258700.7209747
9;2304000.0;2304000;1651258847.0019188
10;2560000.0;2560000;1651258993.1077347
11;2816000.0;2816000;1651259139.121586
12;3072000.0;3072000;1651259285.7456796
13;3328000.0;3328000;1651259432.5243244
14;3584000.0;3584000;1651259578.5747306
15;3840000.0;3840000;1651259724.7826226
16;4096000.0;4096000;1651259871.0647836
17;4352000.0;4352000;1651260016.9941316
18;4608000.0;4608000;1651260162.4589813
19;4864000.0;4864000;1651260308.9594724
20;5120000.0;5120000;1651260458.467498
21;5376000.0;5376000;1651260604.442334
22;5632000.0;5632000;1651260750.4081264
23;5888000.0;5888000;1651260896.0064404
24;6144000.0;6144000;1651261042.2352555
25;6400000.0;6400000;1651261189.1824358
26;6656000.0;6656000;1651261335.3706489
27;6912000.0;6912000;1651261481.4867067
28;7168000.0;7168000;1651261627.632632
29;7424000.0;7424000;1651261773.700368
30;7680000.0;7680000;1651261920.109066
31;7936000.0;7936000;1651262066.2993581
32;8192000.0;8192000;1651262212.7504585
33;8448000.0;8448000;1651262359.2783277
34;8704000.0;8704000;1651262505.7257707
35;8960000.0;8960000;1651262651.9610686
36;9216000.0;9216000;1651262798.462288
37;9472000.0;9472000;1651262944.65102
38;9728000.0;9728000;1651263090.9758124
39;9984000.0;9984000;1651263236.9780152
40;10240000.0;10240000;1651263383.429062
41;10496000.0;10496000;1651263529.3368833
42;10752000.0;10752000;1651263675.8180258
43;11008000.0;11008000;1651263822.6269267
44;11264000.0;11264000;1651263969.0890443
45;11520000.0;11520000;1651264115.1053429
46;11776000.0;11776000;1651264261.0038257
47;12032000.0;12032000;1651264407.0131686
48;12288000.0;12288000;1651264552.924941
49;12544000.0;12544000;1651264698.7013788
50;12800000.0;12800000;1651264844.3935306
