;test/env_step;Steps;Wall_Time
0;0.0;0;1648864253.6483736
1;256000.0;256000;1648864374.696192
2;512000.0;512000;1648864495.782977
3;768000.0;768000;1648864616.821792
4;1024000.0;1024000;1648864737.932508
5;1280000.0;1280000;1648864859.0155482
6;1536000.0;1536000;1648864979.1160922
7;1792000.0;1792000;1648865099.0259075
8;2048000.0;2048000;1648865219.5122013
9;2304000.0;2304000;1648865340.1393747
10;2560000.0;2560000;1648865460.4659455
11;2816000.0;2816000;1648865580.7210708
12;3072000.0;3072000;1648865700.867764
13;3328000.0;3328000;1648865820.6149852
14;3584000.0;3584000;1648865940.5157287
15;3840000.0;3840000;1648866060.310712
16;4096000.0;4096000;1648866180.124932
17;4352000.0;4352000;1648866300.079562
18;4608000.0;4608000;1648866419.913925
19;4864000.0;4864000;1648866539.762188
20;5120000.0;5120000;1648866659.5671327
21;5376000.0;5376000;1648866779.2786202
22;5632000.0;5632000;1648866899.6250658
23;5888000.0;5888000;1648867020.3316953
24;6144000.0;6144000;1648867140.3054254
25;6400000.0;6400000;1648867259.9362319
26;6656000.0;6656000;1648867379.7586262
27;6912000.0;6912000;1648867499.9980288
28;7168000.0;7168000;1648867620.4226644
29;7424000.0;7424000;1648867740.8555088
30;7680000.0;7680000;1648867860.8146415
31;7936000.0;7936000;1648867980.4994493
32;8192000.0;8192000;1648868100.1411612
33;8448000.0;8448000;1648868220.308118
34;8704000.0;8704000;1648868341.0167196
35;8960000.0;8960000;1648868461.3851583
36;9216000.0;9216000;1648868581.913226
37;9472000.0;9472000;1648868702.2864943
38;9728000.0;9728000;1648868822.4582942
39;9984000.0;9984000;1648868942.6454637
40;10240000.0;10240000;1648869062.5559478
41;10496000.0;10496000;1648869182.6899946
42;10752000.0;10752000;1648869302.9643428
43;11008000.0;11008000;1648869423.0512857
44;11264000.0;11264000;1648869543.0865464
45;11520000.0;11520000;1648869663.2730744
46;11776000.0;11776000;1648869783.4849746
47;12032000.0;12032000;1648869904.3990965
48;12288000.0;12288000;1648870024.9511554
49;12544000.0;12544000;1648870145.6302044
50;12800000.0;12800000;1648870266.4139805
