;test/env_step;Steps;Wall_Time
0;0.0;0;1650773871.7683809
1;256000.0;256000;1650773999.2587621
2;512000.0;512000;1650774126.4098754
3;768000.0;768000;1650774253.5492306
4;1024000.0;1024000;1650774384.4003022
5;1280000.0;1280000;1650774511.0612054
6;1536000.0;1536000;1650774637.2377274
7;1792000.0;1792000;1650774763.471546
8;2048000.0;2048000;1650774890.2169328
9;2304000.0;2304000;1650775016.4769294
10;2560000.0;2560000;1650775143.2734034
11;2816000.0;2816000;1650775270.4954576
12;3072000.0;3072000;1650775397.547412
13;3328000.0;3328000;1650775524.5837111
14;3584000.0;3584000;1650775651.8043213
15;3840000.0;3840000;1650775778.2286167
16;4096000.0;4096000;1650775904.513296
17;4352000.0;4352000;1650776030.6896188
18;4608000.0;4608000;1650776157.1788158
19;4864000.0;4864000;1650776283.715952
20;5120000.0;5120000;1650776410.602801
21;5376000.0;5376000;1650776537.2731006
22;5632000.0;5632000;1650776664.2657144
23;5888000.0;5888000;1650776791.191686
24;6144000.0;6144000;1650776918.6078568
25;6400000.0;6400000;1650777045.5765564
26;6656000.0;6656000;1650777172.6555111
27;6912000.0;6912000;1650777299.5756001
28;7168000.0;7168000;1650777426.324929
29;7424000.0;7424000;1650777553.1978583
30;7680000.0;7680000;1650777680.278074
31;7936000.0;7936000;1650777807.5300786
32;8192000.0;8192000;1650777934.7999418
33;8448000.0;8448000;1650778061.9249783
34;8704000.0;8704000;1650778188.9081306
35;8960000.0;8960000;1650778316.1161845
36;9216000.0;9216000;1650778443.0201824
37;9472000.0;9472000;1650778569.697657
38;9728000.0;9728000;1650778696.0685635
39;9984000.0;9984000;1650778822.3684218
40;10240000.0;10240000;1650778948.7118096
41;10496000.0;10496000;1650779074.859853
42;10752000.0;10752000;1650779201.5812457
43;11008000.0;11008000;1650779328.6636574
44;11264000.0;11264000;1650779456.3748195
45;11520000.0;11520000;1650779583.8744023
46;11776000.0;11776000;1650779711.235186
47;12032000.0;12032000;1650779838.0998988
48;12288000.0;12288000;1650779964.4601505
49;12544000.0;12544000;1650780090.9868069
50;12800000.0;12800000;1650780217.460629
