;test/env_step;Steps;Wall_Time
0;0.0;0;1649580566.1424282
1;256000.0;256000;1649580733.5529256
2;512000.0;512000;1649580900.8206625
3;768000.0;768000;1649581054.535394
4;1024000.0;1024000;1649581205.8832293
5;1280000.0;1280000;1649581357.1766534
6;1536000.0;1536000;1649581508.5271318
7;1792000.0;1792000;1649581659.6787395
8;2048000.0;2048000;1649581810.6404808
9;2304000.0;2304000;1649581961.2364511
10;2560000.0;2560000;1649582112.068285
11;2816000.0;2816000;1649582262.8701808
12;3072000.0;3072000;1649582413.5262988
13;3328000.0;3328000;1649582564.158369
14;3584000.0;3584000;1649582714.688655
15;3840000.0;3840000;1649582865.4066787
16;4096000.0;4096000;1649583015.9596653
17;4352000.0;4352000;1649583166.7470968
18;4608000.0;4608000;1649583318.1116521
19;4864000.0;4864000;1649583469.4617386
20;5120000.0;5120000;1649583620.9349158
21;5376000.0;5376000;1649583772.3276951
22;5632000.0;5632000;1649583923.3020766
23;5888000.0;5888000;1649584073.9441001
24;6144000.0;6144000;1649584224.7144864
25;6400000.0;6400000;1649584375.601393
26;6656000.0;6656000;1649584536.8103864
27;6912000.0;6912000;1649584697.4807124
28;7168000.0;7168000;1649584848.4122887
29;7424000.0;7424000;1649584999.4329548
30;7680000.0;7680000;1649585150.4830303
31;7936000.0;7936000;1649585301.7527297
32;8192000.0;8192000;1649585452.8647532
33;8448000.0;8448000;1649585604.3362176
34;8704000.0;8704000;1649585755.70684
35;8960000.0;8960000;1649585907.2442071
36;9216000.0;9216000;1649586058.4882212
37;9472000.0;9472000;1649586209.7801466
38;9728000.0;9728000;1649586360.3586931
39;9984000.0;9984000;1649586511.2675495
40;10240000.0;10240000;1649586662.537569
41;10496000.0;10496000;1649586813.2619185
42;10752000.0;10752000;1649586964.42246
43;11008000.0;11008000;1649587115.4218078
44;11264000.0;11264000;1649587266.8007233
45;11520000.0;11520000;1649587417.9751194
46;11776000.0;11776000;1649587569.2609155
47;12032000.0;12032000;1649587720.2158563
48;12288000.0;12288000;1649587870.8139496
49;12544000.0;12544000;1649588021.5645115
50;12800000.0;12800000;1649588172.5355353
