;test/env_step;Steps;Wall_Time
0;0.0;0;1650897713.191824
1;256000.0;256000;1650897811.38521
2;512000.0;512000;1650897909.7085533
3;768000.0;768000;1650898008.0305817
4;1024000.0;1024000;1650898106.2177217
5;1280000.0;1280000;1650898204.0746028
6;1536000.0;1536000;1650898302.2218125
7;1792000.0;1792000;1650898399.8249712
8;2048000.0;2048000;1650898497.7004764
9;2304000.0;2304000;1650898595.580912
10;2560000.0;2560000;1650898693.8322017
11;2816000.0;2816000;1650898791.9403036
12;3072000.0;3072000;1650898890.3827114
13;3328000.0;3328000;1650898988.9765923
14;3584000.0;3584000;1650899087.2276764
15;3840000.0;3840000;1650899185.5784652
16;4096000.0;4096000;1650899283.7417395
17;4352000.0;4352000;1650899381.8548148
18;4608000.0;4608000;1650899480.14833
19;4864000.0;4864000;1650899577.9992092
20;5120000.0;5120000;1650899675.8510563
21;5376000.0;5376000;1650899773.9563868
22;5632000.0;5632000;1650899872.2814345
23;5888000.0;5888000;1650899970.773729
24;6144000.0;6144000;1650900068.9222775
25;6400000.0;6400000;1650900167.2777812
26;6656000.0;6656000;1650900265.4536538
27;6912000.0;6912000;1650900363.2618928
28;7168000.0;7168000;1650900461.0908341
29;7424000.0;7424000;1650900559.1766112
30;7680000.0;7680000;1650900657.1274266
31;7936000.0;7936000;1650900755.0319357
32;8192000.0;8192000;1650900852.4777014
33;8448000.0;8448000;1650900950.0285482
34;8704000.0;8704000;1650901047.6234896
35;8960000.0;8960000;1650901145.2512407
36;9216000.0;9216000;1650901242.8870096
37;9472000.0;9472000;1650901340.5870998
38;9728000.0;9728000;1650901438.5342658
39;9984000.0;9984000;1650901536.9462433
40;10240000.0;10240000;1650901635.495559
41;10496000.0;10496000;1650901733.9892638
42;10752000.0;10752000;1650901831.9277112
43;11008000.0;11008000;1650901929.349933
44;11264000.0;11264000;1650902026.808745
45;11520000.0;11520000;1650902124.3000169
46;11776000.0;11776000;1650902221.4247923
47;12032000.0;12032000;1650902319.150832
48;12288000.0;12288000;1650902416.7977118
49;12544000.0;12544000;1650902514.36749
50;12800000.0;12800000;1650902612.3885298
