;test/env_step;Steps;Wall_Time
0;0.0;0;1648985835.478439
1;256000.0;256000;1648985980.0412385
2;512000.0;512000;1648986123.4042473
3;768000.0;768000;1648986266.7142963
4;1024000.0;1024000;1648986410.0943213
5;1280000.0;1280000;1648986553.398384
6;1536000.0;1536000;1648986696.8772306
7;1792000.0;1792000;1648986840.3456178
8;2048000.0;2048000;1648986983.704677
9;2304000.0;2304000;1648987126.9472022
10;2560000.0;2560000;1648987270.1633873
11;2816000.0;2816000;1648987413.5760102
12;3072000.0;3072000;1648987556.8514843
13;3328000.0;3328000;1648987700.6002162
14;3584000.0;3584000;1648987844.2883127
15;3840000.0;3840000;1648987987.9652178
16;4096000.0;4096000;1648988131.7465808
17;4352000.0;4352000;1648988275.5814283
18;4608000.0;4608000;1648988419.4154003
19;4864000.0;4864000;1648988563.2390652
20;5120000.0;5120000;1648988707.3845873
21;5376000.0;5376000;1648988851.4152138
22;5632000.0;5632000;1648988995.4112322
23;5888000.0;5888000;1648989139.596385
24;6144000.0;6144000;1648989283.9034328
25;6400000.0;6400000;1648989428.0984783
26;6656000.0;6656000;1648989572.2484472
27;6912000.0;6912000;1648989716.526614
28;7168000.0;7168000;1648989860.8402689
29;7424000.0;7424000;1648990005.1520624
30;7680000.0;7680000;1648990149.6181927
31;7936000.0;7936000;1648990293.669905
32;8192000.0;8192000;1648990437.1359544
33;8448000.0;8448000;1648990580.4320962
34;8704000.0;8704000;1648990723.7148998
35;8960000.0;8960000;1648990867.2978854
36;9216000.0;9216000;1648991010.7788584
37;9472000.0;9472000;1648991154.0162277
38;9728000.0;9728000;1648991297.2415333
39;9984000.0;9984000;1648991440.6054833
40;10240000.0;10240000;1648991584.238699
41;10496000.0;10496000;1648991727.7747624
42;10752000.0;10752000;1648991871.365364
43;11008000.0;11008000;1648992014.8579254
44;11264000.0;11264000;1648992158.1159472
45;11520000.0;11520000;1648992301.576593
46;11776000.0;11776000;1648992445.1523645
47;12032000.0;12032000;1648992588.5483932
48;12288000.0;12288000;1648992731.673985
49;12544000.0;12544000;1648992874.8016672
50;12800000.0;12800000;1648993018.0505779
