;test/env_step;Steps;Wall_Time
0;0.0;0;1649534533.16735
1;256000.0;256000;1649534654.1253555
2;512000.0;512000;1649534774.978585
3;768000.0;768000;1649534895.5260015
4;1024000.0;1024000;1649535021.1126025
5;1280000.0;1280000;1649535157.2207787
6;1536000.0;1536000;1649535293.4899163
7;1792000.0;1792000;1649535429.6528776
8;2048000.0;2048000;1649535550.6074922
9;2304000.0;2304000;1649535671.4426875
10;2560000.0;2560000;1649535792.1257677
11;2816000.0;2816000;1649535913.1394877
12;3072000.0;3072000;1649536034.0836391
13;3328000.0;3328000;1649536154.9278052
14;3584000.0;3584000;1649536275.5256326
15;3840000.0;3840000;1649536396.4447138
16;4096000.0;4096000;1649536517.4017286
17;4352000.0;4352000;1649536638.3465219
18;4608000.0;4608000;1649536759.1625113
19;4864000.0;4864000;1649536880.264297
20;5120000.0;5120000;1649537001.384142
21;5376000.0;5376000;1649537121.9155235
22;5632000.0;5632000;1649537242.1249704
23;5888000.0;5888000;1649537361.9742246
24;6144000.0;6144000;1649537482.0827317
25;6400000.0;6400000;1649537602.2289789
26;6656000.0;6656000;1649537722.2621999
27;6912000.0;6912000;1649537842.3595223
28;7168000.0;7168000;1649537962.5693803
29;7424000.0;7424000;1649538082.8624654
30;7680000.0;7680000;1649538202.9507003
31;7936000.0;7936000;1649538323.2712517
32;8192000.0;8192000;1649538443.3275294
33;8448000.0;8448000;1649538563.571724
34;8704000.0;8704000;1649538683.676889
35;8960000.0;8960000;1649538804.0899203
36;9216000.0;9216000;1649538924.503661
37;9472000.0;9472000;1649539045.1493986
38;9728000.0;9728000;1649539165.7140126
39;9984000.0;9984000;1649539286.0451417
40;10240000.0;10240000;1649539406.66563
41;10496000.0;10496000;1649539527.2165499
42;10752000.0;10752000;1649539647.774418
43;11008000.0;11008000;1649539768.5333548
44;11264000.0;11264000;1649539889.3224034
45;11520000.0;11520000;1649540009.7650266
46;11776000.0;11776000;1649540130.0736535
47;12032000.0;12032000;1649540250.4714088
48;12288000.0;12288000;1649540370.3210516
49;12544000.0;12544000;1649540489.897586
50;12800000.0;12800000;1649540609.3997827
