;test/env_step;Steps;Wall_Time
0;0.0;0;1650712895.4260354
1;256000.0;256000;1650712994.2671654
2;512000.0;512000;1650713092.741346
3;768000.0;768000;1650713191.811292
4;1024000.0;1024000;1650713291.3734195
5;1280000.0;1280000;1650713390.2650206
6;1536000.0;1536000;1650713489.7582755
7;1792000.0;1792000;1650713588.8865414
8;2048000.0;2048000;1650713688.0580993
9;2304000.0;2304000;1650713787.372975
10;2560000.0;2560000;1650713886.6802857
11;2816000.0;2816000;1650713985.8372977
12;3072000.0;3072000;1650714085.1329758
13;3328000.0;3328000;1650714184.414948
14;3584000.0;3584000;1650714283.67896
15;3840000.0;3840000;1650714382.7728872
16;4096000.0;4096000;1650714481.7846587
17;4352000.0;4352000;1650714580.3969758
18;4608000.0;4608000;1650714679.4784584
19;4864000.0;4864000;1650714778.6408231
20;5120000.0;5120000;1650714881.9939249
21;5376000.0;5376000;1650714996.9554467
22;5632000.0;5632000;1650715100.9710126
23;5888000.0;5888000;1650715199.9249692
24;6144000.0;6144000;1650715298.5746813
25;6400000.0;6400000;1650715397.4339182
26;6656000.0;6656000;1650715496.551376
27;6912000.0;6912000;1650715596.0001929
28;7168000.0;7168000;1650715695.050741
29;7424000.0;7424000;1650715794.1077394
30;7680000.0;7680000;1650715892.9524374
31;7936000.0;7936000;1650715992.3898945
32;8192000.0;8192000;1650716091.7475655
33;8448000.0;8448000;1650716191.1250749
34;8704000.0;8704000;1650716289.8204458
35;8960000.0;8960000;1650716388.0270898
36;9216000.0;9216000;1650716486.1474507
37;9472000.0;9472000;1650716583.9645157
38;9728000.0;9728000;1650716682.3256273
39;9984000.0;9984000;1650716780.759594
40;10240000.0;10240000;1650716879.5219042
41;10496000.0;10496000;1650716978.4194884
42;10752000.0;10752000;1650717077.777247
43;11008000.0;11008000;1650717176.9088907
44;11264000.0;11264000;1650717275.2485464
45;11520000.0;11520000;1650717373.8798103
46;11776000.0;11776000;1650717473.214002
47;12032000.0;12032000;1650717572.4947445
48;12288000.0;12288000;1650717671.5469222
49;12544000.0;12544000;1650717770.7195997
50;12800000.0;12800000;1650717869.7929308
