;test/env_step;Steps;Wall_Time
0;0.0;0;1649485781.2413764
1;256000.0;256000;1649485879.8727014
2;512000.0;512000;1649485978.3236396
3;768000.0;768000;1649486076.7509353
4;1024000.0;1024000;1649486175.1077254
5;1280000.0;1280000;1649486273.3800757
6;1536000.0;1536000;1649486371.7555463
7;1792000.0;1792000;1649486470.0393198
8;2048000.0;2048000;1649486568.3679366
9;2304000.0;2304000;1649486666.558465
10;2560000.0;2560000;1649486764.3931568
11;2816000.0;2816000;1649486862.1858299
12;3072000.0;3072000;1649486960.0945313
13;3328000.0;3328000;1649487057.8293815
14;3584000.0;3584000;1649487155.6273928
15;3840000.0;3840000;1649487253.4806988
16;4096000.0;4096000;1649487351.4377053
17;4352000.0;4352000;1649487449.2816691
18;4608000.0;4608000;1649487547.1434639
19;4864000.0;4864000;1649487644.9762604
20;5120000.0;5120000;1649487742.6166382
21;5376000.0;5376000;1649487840.0649116
22;5632000.0;5632000;1649487937.5991595
23;5888000.0;5888000;1649488035.2837527
24;6144000.0;6144000;1649488132.8194063
25;6400000.0;6400000;1649488230.3588579
26;6656000.0;6656000;1649488327.8162622
27;6912000.0;6912000;1649488425.4148262
28;7168000.0;7168000;1649488523.0002327
29;7424000.0;7424000;1649488620.5567644
30;7680000.0;7680000;1649488718.022011
31;7936000.0;7936000;1649488815.5807772
32;8192000.0;8192000;1649488913.6036646
33;8448000.0;8448000;1649489011.6024594
34;8704000.0;8704000;1649489110.06383
35;8960000.0;8960000;1649489208.7018998
36;9216000.0;9216000;1649489307.3025758
37;9472000.0;9472000;1649489405.7971008
38;9728000.0;9728000;1649489504.3662705
39;9984000.0;9984000;1649489602.8554726
40;10240000.0;10240000;1649489700.4762592
41;10496000.0;10496000;1649489798.0435238
42;10752000.0;10752000;1649489895.440181
43;11008000.0;11008000;1649489992.9889896
44;11264000.0;11264000;1649490090.9386456
45;11520000.0;11520000;1649490189.0369852
46;11776000.0;11776000;1649490287.2064314
47;12032000.0;12032000;1649490385.4207983
48;12288000.0;12288000;1649490483.541476
49;12544000.0;12544000;1649490581.6663568
50;12800000.0;12800000;1649490679.7971325
