;test/env_step;Steps;Wall_Time
0;0.0;0;1650727974.0650225
1;256000.0;256000;1650728075.7287736
2;512000.0;512000;1650728174.1444058
3;768000.0;768000;1650728273.0508819
4;1024000.0;1024000;1650728371.5253708
5;1280000.0;1280000;1650728470.2062776
6;1536000.0;1536000;1650728568.9196827
7;1792000.0;1792000;1650728667.640143
8;2048000.0;2048000;1650728766.6385431
9;2304000.0;2304000;1650728865.5243812
10;2560000.0;2560000;1650728964.1900685
11;2816000.0;2816000;1650729063.0793865
12;3072000.0;3072000;1650729162.042843
13;3328000.0;3328000;1650729260.682814
14;3584000.0;3584000;1650729359.3904872
15;3840000.0;3840000;1650729457.694478
16;4096000.0;4096000;1650729555.7847147
17;4352000.0;4352000;1650729653.9590712
18;4608000.0;4608000;1650729752.2137346
19;4864000.0;4864000;1650729850.185431
20;5120000.0;5120000;1650729948.7060397
21;5376000.0;5376000;1650730047.4478786
22;5632000.0;5632000;1650730145.7814384
23;5888000.0;5888000;1650730243.7724762
24;6144000.0;6144000;1650730341.3440073
25;6400000.0;6400000;1650730439.1653452
26;6656000.0;6656000;1650730537.3027167
27;6912000.0;6912000;1650730635.4614167
28;7168000.0;7168000;1650730733.7252982
29;7424000.0;7424000;1650730832.0100398
30;7680000.0;7680000;1650730930.147748
31;7936000.0;7936000;1650731028.865927
32;8192000.0;8192000;1650731127.2857304
33;8448000.0;8448000;1650731225.6917892
34;8704000.0;8704000;1650731324.2210166
35;8960000.0;8960000;1650731422.999541
36;9216000.0;9216000;1650731521.1089861
37;9472000.0;9472000;1650731619.048443
38;9728000.0;9728000;1650731717.9214656
39;9984000.0;9984000;1650731817.095825
40;10240000.0;10240000;1650731915.4085941
41;10496000.0;10496000;1650732013.5035965
42;10752000.0;10752000;1650732111.557298
43;11008000.0;11008000;1650732210.1105995
44;11264000.0;11264000;1650732308.4984996
45;11520000.0;11520000;1650732407.0688012
46;11776000.0;11776000;1650732505.443836
47;12032000.0;12032000;1650732608.5410905
48;12288000.0;12288000;1650732707.2404068
49;12544000.0;12544000;1650732805.6056135
50;12800000.0;12800000;1650732904.05708
