;test/env_step;Steps;Wall_Time
0;0.0;0;1650727611.070549
1;256000.0;256000;1650727708.4357247
2;512000.0;512000;1650727805.4098406
3;768000.0;768000;1650727902.164422
4;1024000.0;1024000;1650727999.2574196
5;1280000.0;1280000;1650728096.2979648
6;1536000.0;1536000;1650728193.4728882
7;1792000.0;1792000;1650728290.110164
8;2048000.0;2048000;1650728387.1046774
9;2304000.0;2304000;1650728484.0879095
10;2560000.0;2560000;1650728581.0046206
11;2816000.0;2816000;1650728678.1005082
12;3072000.0;3072000;1650728775.1865652
13;3328000.0;3328000;1650728872.1344807
14;3584000.0;3584000;1650728968.9489787
15;3840000.0;3840000;1650729064.7599204
16;4096000.0;4096000;1650729160.6705754
17;4352000.0;4352000;1650729256.6650276
18;4608000.0;4608000;1650729352.3384223
19;4864000.0;4864000;1650729448.5803142
20;5120000.0;5120000;1650729544.8090527
21;5376000.0;5376000;1650729640.913109
22;5632000.0;5632000;1650729736.9794183
23;5888000.0;5888000;1650729833.4293838
24;6144000.0;6144000;1650729929.9474716
25;6400000.0;6400000;1650730026.448019
26;6656000.0;6656000;1650730123.2194743
27;6912000.0;6912000;1650730219.9011178
28;7168000.0;7168000;1650730316.648648
29;7424000.0;7424000;1650730412.9374263
30;7680000.0;7680000;1650730509.2658157
31;7936000.0;7936000;1650730605.3481078
32;8192000.0;8192000;1650730701.487843
33;8448000.0;8448000;1650730796.8166173
34;8704000.0;8704000;1650730892.380113
35;8960000.0;8960000;1650730987.7111301
36;9216000.0;9216000;1650731083.1558375
37;9472000.0;9472000;1650731179.2299125
38;9728000.0;9728000;1650731275.3884392
39;9984000.0;9984000;1650731371.6180935
40;10240000.0;10240000;1650731467.8195858
41;10496000.0;10496000;1650731563.9190853
42;10752000.0;10752000;1650731660.183924
43;11008000.0;11008000;1650731756.721206
44;11264000.0;11264000;1650731853.4724476
45;11520000.0;11520000;1650731949.9109042
46;11776000.0;11776000;1650732046.671498
47;12032000.0;12032000;1650732143.3556182
48;12288000.0;12288000;1650732240.038754
49;12544000.0;12544000;1650732336.6999457
50;12800000.0;12800000;1650732433.253234
