;test/env_step;Steps;Wall_Time
0;0.0;0;1648917444.4301462
1;256000.0;256000;1648917590.1860332
2;512000.0;512000;1648917735.5191476
3;768000.0;768000;1648917880.8968365
4;1024000.0;1024000;1648918026.5982294
5;1280000.0;1280000;1648918172.113333
6;1536000.0;1536000;1648918317.6737196
7;1792000.0;1792000;1648918463.294695
8;2048000.0;2048000;1648918609.039203
9;2304000.0;2304000;1648918754.6110778
10;2560000.0;2560000;1648918899.8408298
11;2816000.0;2816000;1648919045.2641203
12;3072000.0;3072000;1648919190.3048344
13;3328000.0;3328000;1648919335.3175955
14;3584000.0;3584000;1648919480.2424212
15;3840000.0;3840000;1648919624.9733274
16;4096000.0;4096000;1648919769.2122178
17;4352000.0;4352000;1648919913.854079
18;4608000.0;4608000;1648920058.8396761
19;4864000.0;4864000;1648920203.8953102
20;5120000.0;5120000;1648920349.1819823
21;5376000.0;5376000;1648920494.2509334
22;5632000.0;5632000;1648920639.3490868
23;5888000.0;5888000;1648920784.3271365
24;6144000.0;6144000;1648920929.397931
25;6400000.0;6400000;1648921074.3862197
26;6656000.0;6656000;1648921219.5616388
27;6912000.0;6912000;1648921364.663578
28;7168000.0;7168000;1648921509.9598489
29;7424000.0;7424000;1648921655.2566364
30;7680000.0;7680000;1648921800.295906
31;7936000.0;7936000;1648921945.396471
32;8192000.0;8192000;1648922090.4695933
33;8448000.0;8448000;1648922235.6581779
34;8704000.0;8704000;1648922381.1208446
35;8960000.0;8960000;1648922526.3651488
36;9216000.0;9216000;1648922671.6366804
37;9472000.0;9472000;1648922817.7435627
38;9728000.0;9728000;1648922963.4698436
39;9984000.0;9984000;1648923108.4670684
40;10240000.0;10240000;1648923253.2855482
41;10496000.0;10496000;1648923398.476507
42;10752000.0;10752000;1648923544.4492052
43;11008000.0;11008000;1648923690.3680212
44;11264000.0;11264000;1648923836.022131
45;11520000.0;11520000;1648923980.9281723
46;11776000.0;11776000;1648924125.8787694
47;12032000.0;12032000;1648924271.0806143
48;12288000.0;12288000;1648924416.1507533
49;12544000.0;12544000;1648924561.0703938
50;12800000.0;12800000;1648924705.9246435
