;test/env_step;Steps;Wall_Time
0;0.0;0;1649171083.2997766
1;1024000.0;1024000;1649171552.7373629
2;2048000.0;2048000;1649172022.1751788
3;3072000.0;3072000;1649172489.2082038
4;4096000.0;4096000;1649172954.4623268
5;5120000.0;5120000;1649173420.1490843
6;6144000.0;6144000;1649173889.2385862
7;7168000.0;7168000;1649174359.3275433
8;8192000.0;8192000;1649174828.8587463
9;9216000.0;9216000;1649175298.1073227
10;10240000.0;10240000;1649175768.469293
11;11264000.0;11264000;1649176238.0452104
12;12288000.0;12288000;1649176707.2336705
13;13312000.0;13312000;1649177176.9064395
14;14336000.0;14336000;1649177647.0302052
15;15360000.0;15360000;1649178117.2575839
16;16384000.0;16384000;1649178586.0688496
17;17408000.0;17408000;1649179054.3537836
18;18432000.0;18432000;1649179522.4620144
19;19456000.0;19456000;1649179991.0396636
20;20480000.0;20480000;1649180459.7498891
21;21504000.0;21504000;1649180930.1225636
22;22528000.0;22528000;1649181396.6324737
23;23552000.0;23552000;1649181861.8526454
24;24576000.0;24576000;1649182327.118232
25;25600000.0;25600000;1649182792.380374
26;26624000.0;26624000;1649183258.6071637
27;27648000.0;27648000;1649183724.8138947
28;28672000.0;28672000;1649184188.9643266
29;29696000.0;29696000;1649184652.961677
30;30720000.0;30720000;1649185116.779449
31;31744000.0;31744000;1649185583.0893571
32;32768000.0;32768000;1649186050.183742
33;33792000.0;33792000;1649186517.888414
34;34816000.0;34816000;1649186985.5979178
35;35840000.0;35840000;1649187454.5040762
36;36864000.0;36864000;1649187922.0561497
37;37888000.0;37888000;1649188388.8654232
38;38912000.0;38912000;1649188855.5284994
39;39936000.0;39936000;1649189321.560872
40;40960000.0;40960000;1649189788.0931292
41;41984000.0;41984000;1649190255.0995724
42;43008000.0;43008000;1649190722.4387949
43;44032000.0;44032000;1649191188.5275507
44;45056000.0;45056000;1649191654.1505697
45;46080000.0;46080000;1649192119.534685
46;47104000.0;47104000;1649192585.3472307
47;48128000.0;48128000;1649193050.4411087
48;49152000.0;49152000;1649193516.3157058
49;50176000.0;50176000;1649193982.3650355
50;51200000.0;51200000;1649194500.3987052
