;test/env_step;Steps;Wall_Time
0;0.0;0;1650727663.5774188
1;256000.0;256000;1650727760.8832595
2;512000.0;512000;1650727858.3696034
3;768000.0;768000;1650727955.556987
4;1024000.0;1024000;1650728059.1771233
5;1280000.0;1280000;1650728171.7240934
6;1536000.0;1536000;1650728280.4104633
7;1792000.0;1792000;1650728376.7097483
8;2048000.0;2048000;1650728473.3782575
9;2304000.0;2304000;1650728570.5776768
10;2560000.0;2560000;1650728667.8037941
11;2816000.0;2816000;1650728764.6044562
12;3072000.0;3072000;1650728861.7891104
13;3328000.0;3328000;1650728958.8908997
14;3584000.0;3584000;1650729056.1931944
15;3840000.0;3840000;1650729153.3752575
16;4096000.0;4096000;1650729250.5930204
17;4352000.0;4352000;1650729347.90513
18;4608000.0;4608000;1650729444.578301
19;4864000.0;4864000;1650729541.0818095
20;5120000.0;5120000;1650729637.9261193
21;5376000.0;5376000;1650729735.2616413
22;5632000.0;5632000;1650729832.4572148
23;5888000.0;5888000;1650729929.6013837
24;6144000.0;6144000;1650730026.5207372
25;6400000.0;6400000;1650730123.022012
26;6656000.0;6656000;1650730219.592855
27;6912000.0;6912000;1650730316.0602028
28;7168000.0;7168000;1650730412.5550003
29;7424000.0;7424000;1650730509.2622404
30;7680000.0;7680000;1650730619.806586
31;7936000.0;7936000;1650730717.2945259
32;8192000.0;8192000;1650730814.6120725
33;8448000.0;8448000;1650730911.9331691
34;8704000.0;8704000;1650731009.0401845
35;8960000.0;8960000;1650731106.0263202
36;9216000.0;9216000;1650731203.3630877
37;9472000.0;9472000;1650731300.5321956
38;9728000.0;9728000;1650731397.4034665
39;9984000.0;9984000;1650731494.263545
40;10240000.0;10240000;1650731590.6761506
41;10496000.0;10496000;1650731687.787054
42;10752000.0;10752000;1650731784.566587
43;11008000.0;11008000;1650731881.212088
44;11264000.0;11264000;1650731977.9209359
45;11520000.0;11520000;1650732075.270431
46;11776000.0;11776000;1650732172.3106642
47;12032000.0;12032000;1650732269.2526178
48;12288000.0;12288000;1650732366.2342157
49;12544000.0;12544000;1650732463.1918168
50;12800000.0;12800000;1650732560.558329
