;test/env_step;Steps;Wall_Time
0;0.0;0;1648852301.700453
1;256000.0;256000;1648852421.4516258
2;512000.0;512000;1648852540.6691093
3;768000.0;768000;1648852660.3551507
4;1024000.0;1024000;1648852780.6164794
5;1280000.0;1280000;1648852900.7757068
6;1536000.0;1536000;1648853020.7090058
7;1792000.0;1792000;1648853140.3829503
8;2048000.0;2048000;1648853260.4546988
9;2304000.0;2304000;1648853381.490195
10;2560000.0;2560000;1648853501.2929912
11;2816000.0;2816000;1648853620.7685063
12;3072000.0;3072000;1648853740.2895699
13;3328000.0;3328000;1648853860.2776241
14;3584000.0;3584000;1648853979.7084026
15;3840000.0;3840000;1648854099.2656217
16;4096000.0;4096000;1648854218.9141316
17;4352000.0;4352000;1648854338.6994267
18;4608000.0;4608000;1648854458.5823686
19;4864000.0;4864000;1648854578.6021373
20;5120000.0;5120000;1648854698.508088
21;5376000.0;5376000;1648854818.6999567
22;5632000.0;5632000;1648854938.9278595
23;5888000.0;5888000;1648855059.0250645
24;6144000.0;6144000;1648855179.1850383
25;6400000.0;6400000;1648855298.7183683
26;6656000.0;6656000;1648855418.145416
27;6912000.0;6912000;1648855537.4899232
28;7168000.0;7168000;1648855656.829414
29;7424000.0;7424000;1648855777.2544625
30;7680000.0;7680000;1648855897.4599392
31;7936000.0;7936000;1648856017.4403117
32;8192000.0;8192000;1648856137.4199228
33;8448000.0;8448000;1648856257.5292127
34;8704000.0;8704000;1648856377.522819
35;8960000.0;8960000;1648856497.3322065
36;9216000.0;9216000;1648856617.400688
37;9472000.0;9472000;1648856737.3019419
38;9728000.0;9728000;1648856857.2634125
39;9984000.0;9984000;1648856977.0634573
40;10240000.0;10240000;1648857096.9159992
41;10496000.0;10496000;1648857216.3351383
42;10752000.0;10752000;1648857335.7694468
43;11008000.0;11008000;1648857455.473006
44;11264000.0;11264000;1648857575.5875156
45;11520000.0;11520000;1648857695.0686977
46;11776000.0;11776000;1648857814.1403692
47;12032000.0;12032000;1648857933.298152
48;12288000.0;12288000;1648858052.4102416
49;12544000.0;12544000;1648858172.039311
50;12800000.0;12800000;1648858291.6512544
