;test/env_step;Steps;Wall_Time
0;0.0;0;1648858309.2939494
1;256000.0;256000;1648858428.0383344
2;512000.0;512000;1648858546.6579213
3;768000.0;768000;1648858664.8706338
4;1024000.0;1024000;1648858783.1847377
5;1280000.0;1280000;1648858901.2932506
6;1536000.0;1536000;1648859019.722515
7;1792000.0;1792000;1648859138.1938102
8;2048000.0;2048000;1648859256.877923
9;2304000.0;2304000;1648859376.302117
10;2560000.0;2560000;1648859494.451474
11;2816000.0;2816000;1648859612.8360965
12;3072000.0;3072000;1648859731.2472138
13;3328000.0;3328000;1648859849.809378
14;3584000.0;3584000;1648859968.525991
15;3840000.0;3840000;1648860087.4011993
16;4096000.0;4096000;1648860206.3420525
17;4352000.0;4352000;1648860325.0854344
18;4608000.0;4608000;1648860443.104649
19;4864000.0;4864000;1648860561.2356565
20;5120000.0;5120000;1648860679.687196
21;5376000.0;5376000;1648860798.076667
22;5632000.0;5632000;1648860916.6025476
23;5888000.0;5888000;1648861035.2374783
24;6144000.0;6144000;1648861154.208491
25;6400000.0;6400000;1648861273.2061028
26;6656000.0;6656000;1648861391.698375
27;6912000.0;6912000;1648861510.2142065
28;7168000.0;7168000;1648861628.657366
29;7424000.0;7424000;1648861747.0521958
30;7680000.0;7680000;1648861865.0333736
31;7936000.0;7936000;1648861983.530229
32;8192000.0;8192000;1648862101.6348171
33;8448000.0;8448000;1648862220.0304458
34;8704000.0;8704000;1648862338.5766795
35;8960000.0;8960000;1648862457.0487347
36;9216000.0;9216000;1648862575.4316375
37;9472000.0;9472000;1648862693.9802096
38;9728000.0;9728000;1648862812.6040642
39;9984000.0;9984000;1648862930.998674
40;10240000.0;10240000;1648863049.7425632
41;10496000.0;10496000;1648863168.4280486
42;10752000.0;10752000;1648863286.5885644
43;11008000.0;11008000;1648863404.8776693
44;11264000.0;11264000;1648863523.6298134
45;11520000.0;11520000;1648863642.2175896
46;11776000.0;11776000;1648863760.3598456
47;12032000.0;12032000;1648863879.236811
48;12288000.0;12288000;1648863998.3685617
49;12544000.0;12544000;1648864117.4678018
50;12800000.0;12800000;1648864235.9418592
