;test/env_step;Steps;Wall_Time
0;0.0;0;1649490697.7349837
1;256000.0;256000;1649490820.3803244
2;512000.0;512000;1649490943.5209727
3;768000.0;768000;1649491066.2250175
4;1024000.0;1024000;1649491188.9276597
5;1280000.0;1280000;1649491311.4842322
6;1536000.0;1536000;1649491434.0951605
7;1792000.0;1792000;1649491556.6753254
8;2048000.0;2048000;1649491679.0422244
9;2304000.0;2304000;1649491801.4220328
10;2560000.0;2560000;1649491923.9428089
11;2816000.0;2816000;1649492046.5200617
12;3072000.0;3072000;1649492169.1233401
13;3328000.0;3328000;1649492292.0456312
14;3584000.0;3584000;1649492414.9140265
15;3840000.0;3840000;1649492537.7697597
16;4096000.0;4096000;1649492660.9974496
17;4352000.0;4352000;1649492784.2848978
18;4608000.0;4608000;1649492907.431493
19;4864000.0;4864000;1649493030.5787945
20;5120000.0;5120000;1649493153.9768276
21;5376000.0;5376000;1649493277.5424652
22;5632000.0;5632000;1649493400.9222116
23;5888000.0;5888000;1649493523.8823512
24;6144000.0;6144000;1649493646.7621386
25;6400000.0;6400000;1649493776.4594707
26;6656000.0;6656000;1649493915.9671385
27;6912000.0;6912000;1649494055.5768158
28;7168000.0;7168000;1649494194.9837081
29;7424000.0;7424000;1649494329.6656966
30;7680000.0;7680000;1649494452.1370015
31;7936000.0;7936000;1649494574.6647303
32;8192000.0;8192000;1649494697.2227616
33;8448000.0;8448000;1649494819.8826978
34;8704000.0;8704000;1649494942.551758
35;8960000.0;8960000;1649495065.2510076
36;9216000.0;9216000;1649495187.8167849
37;9472000.0;9472000;1649495310.5076663
38;9728000.0;9728000;1649495433.1868458
39;9984000.0;9984000;1649495556.077746
40;10240000.0;10240000;1649495679.0545847
41;10496000.0;10496000;1649495801.940884
42;10752000.0;10752000;1649495924.767546
43;11008000.0;11008000;1649496047.4741993
44;11264000.0;11264000;1649496170.3773022
45;11520000.0;11520000;1649496293.101413
46;11776000.0;11776000;1649496415.8156886
47;12032000.0;12032000;1649496538.5728476
48;12288000.0;12288000;1649496661.4494987
49;12544000.0;12544000;1649496784.3091917
50;12800000.0;12800000;1649496907.03207
