;test/env_step;Steps;Wall_Time
0;0.0;0;1650887744.1670873
1;256000.0;256000;1650887843.0366137
2;512000.0;512000;1650887942.2563643
3;768000.0;768000;1650888040.4647214
4;1024000.0;1024000;1650888138.999005
5;1280000.0;1280000;1650888237.4900615
6;1536000.0;1536000;1650888336.0720782
7;1792000.0;1792000;1650888435.3871465
8;2048000.0;2048000;1650888534.4795356
9;2304000.0;2304000;1650888633.5010948
10;2560000.0;2560000;1650888732.4762373
11;2816000.0;2816000;1650888831.8528624
12;3072000.0;3072000;1650888930.9030833
13;3328000.0;3328000;1650889029.444968
14;3584000.0;3584000;1650889127.301187
15;3840000.0;3840000;1650889225.6462657
16;4096000.0;4096000;1650889324.0228226
17;4352000.0;4352000;1650889422.4378374
18;4608000.0;4608000;1650889520.36407
19;4864000.0;4864000;1650889618.6545994
20;5120000.0;5120000;1650889717.7568238
21;5376000.0;5376000;1650889816.7855017
22;5632000.0;5632000;1650889915.8298802
23;5888000.0;5888000;1650890014.487848
24;6144000.0;6144000;1650890112.9926882
25;6400000.0;6400000;1650890211.8302624
26;6656000.0;6656000;1650890310.487434
27;6912000.0;6912000;1650890409.192725
28;7168000.0;7168000;1650890507.8334093
29;7424000.0;7424000;1650890606.390869
30;7680000.0;7680000;1650890705.0561905
31;7936000.0;7936000;1650890804.1136897
32;8192000.0;8192000;1650890902.7503452
33;8448000.0;8448000;1650891001.29639
34;8704000.0;8704000;1650891099.6409678
35;8960000.0;8960000;1650891198.1275742
36;9216000.0;9216000;1650891296.3677857
37;9472000.0;9472000;1650891394.6739748
38;9728000.0;9728000;1650891493.3897922
39;9984000.0;9984000;1650891591.8229885
40;10240000.0;10240000;1650891690.5093985
41;10496000.0;10496000;1650891788.9811532
42;10752000.0;10752000;1650891887.177686
43;11008000.0;11008000;1650891985.8047488
44;11264000.0;11264000;1650892083.8391814
45;11520000.0;11520000;1650892181.811161
46;11776000.0;11776000;1650892279.9973307
47;12032000.0;12032000;1650892378.157863
48;12288000.0;12288000;1650892476.4965246
49;12544000.0;12544000;1650892574.9241862
50;12800000.0;12800000;1650892673.9387703
