;test/env_step;Steps;Wall_Time
0;0.0;0;1649761837.7082188
1;2049734.0;2049734;1649763164.8067484
