;test/env_step;Steps;Wall_Time
0;0.0;0;1649039547.8200047
1;256000.0;256000;1649039692.6692247
2;512000.0;512000;1649039837.162788
3;768000.0;768000;1649039981.740019
4;1024000.0;1024000;1649040126.1929371
5;1280000.0;1280000;1649040270.6122642
6;1536000.0;1536000;1649040415.101344
7;1792000.0;1792000;1649040559.5572557
8;2048000.0;2048000;1649040703.5551467
9;2304000.0;2304000;1649040847.5723577
10;2560000.0;2560000;1649040992.3078902
11;2816000.0;2816000;1649041136.9258537
12;3072000.0;3072000;1649041281.2611394
13;3328000.0;3328000;1649041425.5427039
14;3584000.0;3584000;1649041569.8551164
15;3840000.0;3840000;1649041714.244734
16;4096000.0;4096000;1649041858.8630161
17;4352000.0;4352000;1649042003.1693487
18;4608000.0;4608000;1649042147.3794308
19;4864000.0;4864000;1649042292.1693072
20;5120000.0;5120000;1649042437.0373712
21;5376000.0;5376000;1649042581.8356824
22;5632000.0;5632000;1649042726.3588917
23;5888000.0;5888000;1649042871.16927
24;6144000.0;6144000;1649043015.6614408
25;6400000.0;6400000;1649043160.6043177
26;6656000.0;6656000;1649043304.9321883
27;6912000.0;6912000;1649043448.946822
28;7168000.0;7168000;1649043592.9258635
29;7424000.0;7424000;1649043736.8502116
30;7680000.0;7680000;1649043880.8882625
31;7936000.0;7936000;1649044024.8224614
32;8192000.0;8192000;1649044169.0137744
33;8448000.0;8448000;1649044313.0023398
34;8704000.0;8704000;1649044456.8040295
35;8960000.0;8960000;1649044600.9124923
36;9216000.0;9216000;1649044745.7427366
37;9472000.0;9472000;1649044892.1809125
38;9728000.0;9728000;1649045037.153441
39;9984000.0;9984000;1649045181.7839856
40;10240000.0;10240000;1649045328.687994
41;10496000.0;10496000;1649045480.3410285
42;10752000.0;10752000;1649045624.5982952
43;11008000.0;11008000;1649045769.383897
44;11264000.0;11264000;1649045914.4526796
45;11520000.0;11520000;1649046058.8704891
46;11776000.0;11776000;1649046203.1181192
47;12032000.0;12032000;1649046348.2623014
48;12288000.0;12288000;1649046492.9485276
49;12544000.0;12544000;1649046637.7157063
50;12800000.0;12800000;1649046782.5626655
