;test/env_step;Steps;Wall_Time
0;0.0;0;1649755858.3163803
1;1539359.0;1539359;1649756780.5266292
2;3077644.0;3077644;1649757694.53912
3;4615845.0;4615845;1649758606.985858
4;6158450.0;6158450;1649759549.5526495
5;7699821.0;7699821;1649760473.529967
6;9240634.0;9240634;1649761396.6336837
