;test/env_step;Steps;Wall_Time
0;0.0;0;1650882796.4151943
1;256000.0;256000;1650882895.7078466
2;512000.0;512000;1650882994.7834692
3;768000.0;768000;1650883093.7254336
4;1024000.0;1024000;1650883192.4050105
5;1280000.0;1280000;1650883290.9958236
6;1536000.0;1536000;1650883389.3445442
7;1792000.0;1792000;1650883487.4569964
8;2048000.0;2048000;1650883585.8509693
9;2304000.0;2304000;1650883684.2477698
10;2560000.0;2560000;1650883783.3220925
11;2816000.0;2816000;1650883882.18409
12;3072000.0;3072000;1650883980.934163
13;3328000.0;3328000;1650884079.3236096
14;3584000.0;3584000;1650884177.6924412
15;3840000.0;3840000;1650884276.1932025
16;4096000.0;4096000;1650884375.1335874
17;4352000.0;4352000;1650884473.9943342
18;4608000.0;4608000;1650884572.6747603
19;4864000.0;4864000;1650884671.6037412
20;5120000.0;5120000;1650884770.5145388
21;5376000.0;5376000;1650884869.455098
22;5632000.0;5632000;1650884968.1971455
23;5888000.0;5888000;1650885066.754615
24;6144000.0;6144000;1650885165.6369247
25;6400000.0;6400000;1650885264.3703752
26;6656000.0;6656000;1650885363.334026
27;6912000.0;6912000;1650885462.7111478
28;7168000.0;7168000;1650885561.7472548
29;7424000.0;7424000;1650885660.5873826
30;7680000.0;7680000;1650885759.419346
31;7936000.0;7936000;1650885858.0066702
32;8192000.0;8192000;1650885956.773839
33;8448000.0;8448000;1650886055.4540365
34;8704000.0;8704000;1650886154.4971368
35;8960000.0;8960000;1650886253.3405375
36;9216000.0;9216000;1650886350.9389503
37;9472000.0;9472000;1650886449.0147007
38;9728000.0;9728000;1650886547.3042362
39;9984000.0;9984000;1650886645.551566
40;10240000.0;10240000;1650886743.8309393
41;10496000.0;10496000;1650886841.74716
42;10752000.0;10752000;1650886939.9497683
43;11008000.0;11008000;1650887038.0923846
44;11264000.0;11264000;1650887136.6199744
45;11520000.0;11520000;1650887234.7396333
46;11776000.0;11776000;1650887333.0139093
47;12032000.0;12032000;1650887431.2700422
48;12288000.0;12288000;1650887529.78902
49;12544000.0;12544000;1650887628.4569545
50;12800000.0;12800000;1650887727.0737274
