;test/env_step;Steps;Wall_Time
0;0.0;0;1651355970.937121
1;256000.0;256000;1651356112.7361944
2;512000.0;512000;1651356258.1473322
3;768000.0;768000;1651356399.8374288
4;1024000.0;1024000;1651356541.873608
5;1280000.0;1280000;1651356683.3786514
6;1536000.0;1536000;1651356827.064515
7;1792000.0;1792000;1651356968.901662
8;2048000.0;2048000;1651357110.097541
9;2304000.0;2304000;1651357251.0761147
10;2560000.0;2560000;1651357392.0008206
11;2816000.0;2816000;1651357534.905493
12;3072000.0;3072000;1651357678.6009123
13;3328000.0;3328000;1651357821.6589046
14;3584000.0;3584000;1651357963.9688857
15;3840000.0;3840000;1651358105.872131
16;4096000.0;4096000;1651358249.262356
17;4352000.0;4352000;1651358390.001949
18;4608000.0;4608000;1651358531.283358
19;4864000.0;4864000;1651358672.7294655
20;5120000.0;5120000;1651358815.711478
21;5376000.0;5376000;1651358957.2833128
22;5632000.0;5632000;1651359102.9023902
23;5888000.0;5888000;1651359244.7272396
24;6144000.0;6144000;1651359385.887817
25;6400000.0;6400000;1651359531.175143
26;6656000.0;6656000;1651359672.649506
27;6912000.0;6912000;1651359813.7002747
28;7168000.0;7168000;1651359955.137249
29;7424000.0;7424000;1651360096.6524189
30;7680000.0;7680000;1651360237.6949658
31;7936000.0;7936000;1651360380.0264893
32;8192000.0;8192000;1651360521.5728068
33;8448000.0;8448000;1651360662.2989092
34;8704000.0;8704000;1651360805.1886396
35;8960000.0;8960000;1651360947.9601648
36;9216000.0;9216000;1651361089.9706395
37;9472000.0;9472000;1651361231.3295324
38;9728000.0;9728000;1651361374.7151318
39;9984000.0;9984000;1651361520.3472195
40;10240000.0;10240000;1651361664.0352488
41;10496000.0;10496000;1651361805.1126132
42;10752000.0;10752000;1651361947.9967067
43;11008000.0;11008000;1651362090.1715996
44;11264000.0;11264000;1651362232.28577
45;11520000.0;11520000;1651362374.1901379
46;11776000.0;11776000;1651362515.1242635
47;12032000.0;12032000;1651362656.7637422
48;12288000.0;12288000;1651362799.2011046
49;12544000.0;12544000;1651362942.1319065
50;12800000.0;12800000;1651363087.1493132
