;test/env_step;Steps;Wall_Time
0;0.0;0;1651376889.6653616
1;256000.0;256000;1651377029.8711615
2;512000.0;512000;1651377169.9401007
3;768000.0;768000;1651377310.0132053
4;1024000.0;1024000;1651377450.0883753
5;1280000.0;1280000;1651377589.5581603
6;1536000.0;1536000;1651377732.7484195
7;1792000.0;1792000;1651377873.646661
8;2048000.0;2048000;1651378014.5379465
9;2304000.0;2304000;1651378153.74486
10;2560000.0;2560000;1651378293.021174
11;2816000.0;2816000;1651378433.211956
12;3072000.0;3072000;1651378573.6512105
13;3328000.0;3328000;1651378713.7455132
14;3584000.0;3584000;1651378853.3823566
15;3840000.0;3840000;1651378993.5484688
16;4096000.0;4096000;1651379139.102413
17;4352000.0;4352000;1651379281.0031073
18;4608000.0;4608000;1651379420.7928934
19;4864000.0;4864000;1651379565.131429
20;5120000.0;5120000;1651379705.183814
21;5376000.0;5376000;1651379846.7909744
22;5632000.0;5632000;1651379987.2140505
23;5888000.0;5888000;1651380127.3864422
24;6144000.0;6144000;1651380267.5696445
25;6400000.0;6400000;1651380407.6274576
26;6656000.0;6656000;1651380547.1442392
27;6912000.0;6912000;1651380688.691421
28;7168000.0;7168000;1651380828.2881887
29;7424000.0;7424000;1651380967.7037387
30;7680000.0;7680000;1651381107.3429842
31;7936000.0;7936000;1651381248.415749
32;8192000.0;8192000;1651381391.779369
33;8448000.0;8448000;1651381532.793333
34;8704000.0;8704000;1651381672.4769669
35;8960000.0;8960000;1651381811.590423
36;9216000.0;9216000;1651381950.6505764
37;9472000.0;9472000;1651382091.093718
38;9728000.0;9728000;1651382232.3652759
39;9984000.0;9984000;1651382371.830754
40;10240000.0;10240000;1651382510.6980162
41;10496000.0;10496000;1651382650.5746646
42;10752000.0;10752000;1651382790.3962286
43;11008000.0;11008000;1651382929.642898
44;11264000.0;11264000;1651383072.1131198
45;11520000.0;11520000;1651383212.9530916
46;11776000.0;11776000;1651383354.0227306
47;12032000.0;12032000;1651383494.4884381
48;12288000.0;12288000;1651383634.175433
49;12544000.0;12544000;1651383773.3216693
50;12800000.0;12800000;1651383913.079533
