;test/env_step;Steps;Wall_Time
0;0.0;0;1649018050.2840655
1;256000.0;256000;1649018174.896372
2;512000.0;512000;1649018299.5335119
3;768000.0;768000;1649018423.9873455
4;1024000.0;1024000;1649018547.499248
5;1280000.0;1280000;1649018671.0027206
6;1536000.0;1536000;1649018794.843599
7;1792000.0;1792000;1649018918.561085
8;2048000.0;2048000;1649019042.6543865
9;2304000.0;2304000;1649019167.2782304
10;2560000.0;2560000;1649019291.8478692
11;2816000.0;2816000;1649019416.3317664
12;3072000.0;3072000;1649019540.7989244
13;3328000.0;3328000;1649019665.1949081
14;3584000.0;3584000;1649019789.582057
15;3840000.0;3840000;1649019913.8950374
16;4096000.0;4096000;1649020038.48153
17;4352000.0;4352000;1649020162.7752848
18;4608000.0;4608000;1649020287.174325
19;4864000.0;4864000;1649020411.3707635
20;5120000.0;5120000;1649020535.8638217
21;5376000.0;5376000;1649020660.4022357
22;5632000.0;5632000;1649020799.750483
23;5888000.0;5888000;1649020931.8753695
24;6144000.0;6144000;1649021055.7207072
25;6400000.0;6400000;1649021179.580596
26;6656000.0;6656000;1649021303.182988
27;6912000.0;6912000;1649021426.5283701
28;7168000.0;7168000;1649021550.0638883
29;7424000.0;7424000;1649021673.6705248
30;7680000.0;7680000;1649021796.8790448
31;7936000.0;7936000;1649021920.0720909
32;8192000.0;8192000;1649022043.3285232
33;8448000.0;8448000;1649022166.5354915
34;8704000.0;8704000;1649022290.0011582
35;8960000.0;8960000;1649022413.4950893
36;9216000.0;9216000;1649022536.9615738
37;9472000.0;9472000;1649022660.532026
38;9728000.0;9728000;1649022784.0719876
39;9984000.0;9984000;1649022907.5033586
40;10240000.0;10240000;1649023031.3040261
41;10496000.0;10496000;1649023155.3717837
42;10752000.0;10752000;1649023280.0413063
43;11008000.0;11008000;1649023404.3966053
44;11264000.0;11264000;1649023528.575854
45;11520000.0;11520000;1649023652.3301165
46;11776000.0;11776000;1649023776.319793
47;12032000.0;12032000;1649023900.3813581
48;12288000.0;12288000;1649024024.550653
49;12544000.0;12544000;1649024149.16616
50;12800000.0;12800000;1649024273.5123024
