;test/env_step;Steps;Wall_Time
0;0.0;0;1648888819.1501286
1;256000.0;256000;1648888947.5325634
2;512000.0;512000;1648889075.3752108
3;768000.0;768000;1648889199.7104142
4;1024000.0;1024000;1648889324.3367598
5;1280000.0;1280000;1648889448.84112
6;1536000.0;1536000;1648889583.4702535
7;1792000.0;1792000;1648889724.0747993
8;2048000.0;2048000;1648889853.3158545
9;2304000.0;2304000;1648889976.6795542
10;2560000.0;2560000;1648890100.8553457
11;2816000.0;2816000;1648890225.014098
12;3072000.0;3072000;1648890349.216105
13;3328000.0;3328000;1648890473.2061162
14;3584000.0;3584000;1648890606.687867
15;3840000.0;3840000;1648890730.1494446
16;4096000.0;4096000;1648890853.7370908
17;4352000.0;4352000;1648890977.7414324
18;4608000.0;4608000;1648891102.254205
19;4864000.0;4864000;1648891226.5981703
20;5120000.0;5120000;1648891350.9371164
21;5376000.0;5376000;1648891477.5987825
22;5632000.0;5632000;1648891603.9433808
23;5888000.0;5888000;1648891728.4422429
24;6144000.0;6144000;1648891852.4344835
25;6400000.0;6400000;1648891976.9855976
26;6656000.0;6656000;1648892107.1374233
27;6912000.0;6912000;1648892231.8118849
28;7168000.0;7168000;1648892356.0907373
29;7424000.0;7424000;1648892480.320606
30;7680000.0;7680000;1648892604.8445358
31;7936000.0;7936000;1648892740.4885721
32;8192000.0;8192000;1648892874.9893627
33;8448000.0;8448000;1648892999.0902169
34;8704000.0;8704000;1648893122.665241
35;8960000.0;8960000;1648893246.575575
36;9216000.0;9216000;1648893371.0772715
37;9472000.0;9472000;1648893495.5902352
38;9728000.0;9728000;1648893619.958628
39;9984000.0;9984000;1648893748.9589899
40;10240000.0;10240000;1648893887.1147854
41;10496000.0;10496000;1648894010.481845
42;10752000.0;10752000;1648894135.169746
43;11008000.0;11008000;1648894258.9053097
44;11264000.0;11264000;1648894382.8832824
45;11520000.0;11520000;1648894508.823064
46;11776000.0;11776000;1648894635.5844688
47;12032000.0;12032000;1648894762.7670062
48;12288000.0;12288000;1648894889.223451
49;12544000.0;12544000;1648895016.4158041
50;12800000.0;12800000;1648895142.631774
