;test/env_step;Steps;Wall_Time
0;0.0;0;1650722776.7983572
1;256000.0;256000;1650722873.989018
2;512000.0;512000;1650722970.7477026
3;768000.0;768000;1650723067.5540898
4;1024000.0;1024000;1650723164.5343056
5;1280000.0;1280000;1650723261.212019
6;1536000.0;1536000;1650723357.6609037
7;1792000.0;1792000;1650723454.2114615
8;2048000.0;2048000;1650723551.1867337
9;2304000.0;2304000;1650723648.0897098
10;2560000.0;2560000;1650723744.9285362
11;2816000.0;2816000;1650723841.6721911
12;3072000.0;3072000;1650723938.4787307
13;3328000.0;3328000;1650724035.1924195
14;3584000.0;3584000;1650724131.922566
15;3840000.0;3840000;1650724228.5135436
16;4096000.0;4096000;1650724324.8297098
17;4352000.0;4352000;1650724420.9695494
18;4608000.0;4608000;1650724517.0249183
19;4864000.0;4864000;1650724613.2266717
20;5120000.0;5120000;1650724709.3306937
21;5376000.0;5376000;1650724805.4659927
22;5632000.0;5632000;1650724901.5774558
23;5888000.0;5888000;1650724997.8026862
24;6144000.0;6144000;1650725093.8764017
25;6400000.0;6400000;1650725190.006725
26;6656000.0;6656000;1650725286.1354573
27;6912000.0;6912000;1650725382.3317049
28;7168000.0;7168000;1650725478.5892704
29;7424000.0;7424000;1650725574.7930782
30;7680000.0;7680000;1650725670.6671228
31;7936000.0;7936000;1650725766.7679648
32;8192000.0;8192000;1650725862.6782222
33;8448000.0;8448000;1650725958.7696176
34;8704000.0;8704000;1650726054.9402897
35;8960000.0;8960000;1650726151.4028487
36;9216000.0;9216000;1650726247.733886
37;9472000.0;9472000;1650726343.927096
38;9728000.0;9728000;1650726439.9667497
39;9984000.0;9984000;1650726535.9901502
40;10240000.0;10240000;1650726631.8981283
41;10496000.0;10496000;1650726728.0665722
42;10752000.0;10752000;1650726824.31392
43;11008000.0;11008000;1650726920.5890121
44;11264000.0;11264000;1650727016.3619761
45;11520000.0;11520000;1650727111.9213898
46;11776000.0;11776000;1650727208.0942736
47;12032000.0;12032000;1650727304.5252295
48;12288000.0;12288000;1650727400.8931162
49;12544000.0;12544000;1650727497.4317563
50;12800000.0;12800000;1650727593.8636575
