;test/env_step;Steps;Wall_Time
0;0.0;0;1648865091.827077
1;256000.0;256000;1648865189.5664506
2;512000.0;512000;1648865287.1753013
3;768000.0;768000;1648865384.7001784
4;1024000.0;1024000;1648865482.5129313
5;1280000.0;1280000;1648865580.22435
6;1536000.0;1536000;1648865677.704126
7;1792000.0;1792000;1648865775.3390107
8;2048000.0;2048000;1648865873.0243974
9;2304000.0;2304000;1648865970.0054967
10;2560000.0;2560000;1648866066.850708
11;2816000.0;2816000;1648866163.6070848
12;3072000.0;3072000;1648866260.657617
13;3328000.0;3328000;1648866357.7859905
14;3584000.0;3584000;1648866454.985597
15;3840000.0;3840000;1648866552.0982096
16;4096000.0;4096000;1648866649.4328682
17;4352000.0;4352000;1648866746.414113
18;4608000.0;4608000;1648866843.3591685
19;4864000.0;4864000;1648866940.6180148
20;5120000.0;5120000;1648867037.678024
21;5376000.0;5376000;1648867134.7606652
22;5632000.0;5632000;1648867231.9728801
23;5888000.0;5888000;1648867329.1764681
24;6144000.0;6144000;1648867426.14274
25;6400000.0;6400000;1648867523.1380694
26;6656000.0;6656000;1648867620.2241282
27;6912000.0;6912000;1648867717.303721
28;7168000.0;7168000;1648867814.284551
29;7424000.0;7424000;1648867911.4340248
30;7680000.0;7680000;1648868008.9245083
31;7936000.0;7936000;1648868106.1876266
32;8192000.0;8192000;1648868203.5978873
33;8448000.0;8448000;1648868301.5393608
34;8704000.0;8704000;1648868399.4870255
35;8960000.0;8960000;1648868497.4260852
36;9216000.0;9216000;1648868595.1807165
37;9472000.0;9472000;1648868693.2099023
38;9728000.0;9728000;1648868791.2325897
39;9984000.0;9984000;1648868889.2077398
40;10240000.0;10240000;1648868987.1451437
41;10496000.0;10496000;1648869085.2747297
42;10752000.0;10752000;1648869183.2253828
43;11008000.0;11008000;1648869281.2947216
44;11264000.0;11264000;1648869379.1596508
45;11520000.0;11520000;1648869476.7407005
46;11776000.0;11776000;1648869573.9382443
47;12032000.0;12032000;1648869671.0768118
48;12288000.0;12288000;1648869768.250164
49;12544000.0;12544000;1648869865.1544857
50;12800000.0;12800000;1648869962.2498658
