;test/env_step;Steps;Wall_Time
0;0.0;0;1651060752.6287482
1;256000.0;256000;1651060851.6001492
2;512000.0;512000;1651060950.303998
3;768000.0;768000;1651061048.9705303
4;1024000.0;1024000;1651061147.758096
5;1280000.0;1280000;1651061246.3160517
6;1536000.0;1536000;1651061345.0991323
7;1792000.0;1792000;1651061444.8273082
8;2048000.0;2048000;1651061544.4242132
9;2304000.0;2304000;1651061643.7378116
10;2560000.0;2560000;1651061741.9875052
11;2816000.0;2816000;1651061840.3068142
12;3072000.0;3072000;1651061938.988201
13;3328000.0;3328000;1651062037.211732
14;3584000.0;3584000;1651062135.671786
15;3840000.0;3840000;1651062235.0215738
16;4096000.0;4096000;1651062334.3306537
17;4352000.0;4352000;1651062433.4201577
18;4608000.0;4608000;1651062532.5304246
19;4864000.0;4864000;1651062631.6997864
20;5120000.0;5120000;1651062730.836468
21;5376000.0;5376000;1651062830.0580626
22;5632000.0;5632000;1651062929.1948717
23;5888000.0;5888000;1651063028.5227365
24;6144000.0;6144000;1651063127.701107
25;6400000.0;6400000;1651063226.8800256
26;6656000.0;6656000;1651063325.9667206
27;6912000.0;6912000;1651063424.7992225
28;7168000.0;7168000;1651063523.8846478
29;7424000.0;7424000;1651063623.057322
30;7680000.0;7680000;1651063721.867515
31;7936000.0;7936000;1651063821.1383598
32;8192000.0;8192000;1651063920.4316142
33;8448000.0;8448000;1651064019.6183176
34;8704000.0;8704000;1651064118.5367064
35;8960000.0;8960000;1651064217.8896277
36;9216000.0;9216000;1651064317.5929804
37;9472000.0;9472000;1651064417.0510943
38;9728000.0;9728000;1651064516.2677648
39;9984000.0;9984000;1651064615.4143312
40;10240000.0;10240000;1651064714.6898048
41;10496000.0;10496000;1651064813.721959
42;10752000.0;10752000;1651064912.8426654
43;11008000.0;11008000;1651065012.1417983
44;11264000.0;11264000;1651065111.2065954
45;11520000.0;11520000;1651065210.5785937
46;11776000.0;11776000;1651065310.2073715
47;12032000.0;12032000;1651065409.4924812
48;12288000.0;12288000;1651065508.856149
49;12544000.0;12544000;1651065608.3816657
50;12800000.0;12800000;1651065708.2682357
