;test/env_step;Steps;Wall_Time
0;0.0;0;1648907033.7741191
1;256000.0;256000;1648907168.332991
2;512000.0;512000;1648907303.0734308
3;768000.0;768000;1648907437.660494
4;1024000.0;1024000;1648907567.1265867
5;1280000.0;1280000;1648907685.8212469
6;1536000.0;1536000;1648907804.3626704
7;1792000.0;1792000;1648907922.9565332
8;2048000.0;2048000;1648908041.4219046
9;2304000.0;2304000;1648908159.7417276
10;2560000.0;2560000;1648908277.7208276
11;2816000.0;2816000;1648908395.6963968
12;3072000.0;3072000;1648908513.6965206
13;3328000.0;3328000;1648908632.0090315
14;3584000.0;3584000;1648908750.0969293
15;3840000.0;3840000;1648908868.2055955
16;4096000.0;4096000;1648908986.3914082
17;4352000.0;4352000;1648909104.4392893
18;4608000.0;4608000;1648909222.5699096
19;4864000.0;4864000;1648909340.6952622
20;5120000.0;5120000;1648909458.8443582
21;5376000.0;5376000;1648909576.802811
22;5632000.0;5632000;1648909695.286607
23;5888000.0;5888000;1648909814.1287155
24;6144000.0;6144000;1648909933.097579
25;6400000.0;6400000;1648910052.0085008
26;6656000.0;6656000;1648910170.8713553
27;6912000.0;6912000;1648910289.8881721
28;7168000.0;7168000;1648910408.683657
29;7424000.0;7424000;1648910527.3562348
30;7680000.0;7680000;1648910646.108494
31;7936000.0;7936000;1648910764.882107
32;8192000.0;8192000;1648910883.6870468
33;8448000.0;8448000;1648911002.6651368
34;8704000.0;8704000;1648911121.6021695
35;8960000.0;8960000;1648911240.4461675
36;9216000.0;9216000;1648911358.9240236
37;9472000.0;9472000;1648911477.2438486
38;9728000.0;9728000;1648911595.5853834
39;9984000.0;9984000;1648911713.8219259
40;10240000.0;10240000;1648911832.1555462
41;10496000.0;10496000;1648911950.4660356
42;10752000.0;10752000;1648912068.7277555
43;11008000.0;11008000;1648912187.0425067
44;11264000.0;11264000;1648912306.1026332
45;11520000.0;11520000;1648912425.3014266
46;11776000.0;11776000;1648912543.8606257
47;12032000.0;12032000;1648912662.1165953
48;12288000.0;12288000;1648912780.229765
49;12544000.0;12544000;1648912898.6847708
50;12800000.0;12800000;1648913017.2721384
