;test/env_step;Steps;Wall_Time
0;0.0;0;1651348814.1647446
1;256000.0;256000;1651348955.9335647
2;512000.0;512000;1651349099.5757565
3;768000.0;768000;1651349241.4487898
4;1024000.0;1024000;1651349385.1699126
5;1280000.0;1280000;1651349528.3170645
6;1536000.0;1536000;1651349671.417539
7;1792000.0;1792000;1651349815.762187
8;2048000.0;2048000;1651349960.7345722
9;2304000.0;2304000;1651350103.9121063
10;2560000.0;2560000;1651350245.6636777
11;2816000.0;2816000;1651350387.5045085
12;3072000.0;3072000;1651350530.0437737
13;3328000.0;3328000;1651350673.569412
14;3584000.0;3584000;1651350815.525159
15;3840000.0;3840000;1651350957.1436493
16;4096000.0;4096000;1651351099.8139908
17;4352000.0;4352000;1651351244.7906964
18;4608000.0;4608000;1651351388.873812
19;4864000.0;4864000;1651351532.1791763
20;5120000.0;5120000;1651351674.65844
21;5376000.0;5376000;1651351817.0214682
22;5632000.0;5632000;1651351959.8125255
23;5888000.0;5888000;1651352101.7830877
24;6144000.0;6144000;1651352244.4958317
25;6400000.0;6400000;1651352386.898442
26;6656000.0;6656000;1651352531.3516521
27;6912000.0;6912000;1651352673.4198668
28;7168000.0;7168000;1651352816.4491646
29;7424000.0;7424000;1651352958.4379227
30;7680000.0;7680000;1651353101.5522277
31;7936000.0;7936000;1651353243.4790783
32;8192000.0;8192000;1651353385.461604
33;8448000.0;8448000;1651353526.378135
34;8704000.0;8704000;1651353671.1634908
35;8960000.0;8960000;1651353814.4678566
36;9216000.0;9216000;1651353956.4236848
37;9472000.0;9472000;1651354098.3255317
38;9728000.0;9728000;1651354240.759173
39;9984000.0;9984000;1651354382.4319935
40;10240000.0;10240000;1651354525.204405
41;10496000.0;10496000;1651354668.332265
42;10752000.0;10752000;1651354810.5953243
43;11008000.0;11008000;1651354954.0264974
44;11264000.0;11264000;1651355096.2232893
45;11520000.0;11520000;1651355239.4996908
46;11776000.0;11776000;1651355383.5769522
47;12032000.0;12032000;1651355525.2274213
48;12288000.0;12288000;1651355667.3237562
49;12544000.0;12544000;1651355811.2044506
50;12800000.0;12800000;1651355953.18861
