;test/env_step;Steps;Wall_Time
0;0.0;0;1650732450.818863
1;256000.0;256000;1650732550.2156198
2;512000.0;512000;1650732649.717729
3;768000.0;768000;1650732749.317026
4;1024000.0;1024000;1650732848.8226228
5;1280000.0;1280000;1650732948.2040591
6;1536000.0;1536000;1650733047.4415321
7;1792000.0;1792000;1650733147.209225
8;2048000.0;2048000;1650733246.9601219
9;2304000.0;2304000;1650733346.5914254
10;2560000.0;2560000;1650733446.2106376
11;2816000.0;2816000;1650733545.8618233
12;3072000.0;3072000;1650733645.6013553
13;3328000.0;3328000;1650733745.1316223
14;3584000.0;3584000;1650733844.390589
15;3840000.0;3840000;1650733943.1605122
16;4096000.0;4096000;1650734042.1122172
17;4352000.0;4352000;1650734141.0865154
18;4608000.0;4608000;1650734239.8110607
19;4864000.0;4864000;1650734338.2854288
20;5120000.0;5120000;1650734436.5115747
21;5376000.0;5376000;1650734535.0534809
22;5632000.0;5632000;1650734634.382788
23;5888000.0;5888000;1650734733.624901
24;6144000.0;6144000;1650734833.1889234
25;6400000.0;6400000;1650734932.7991538
26;6656000.0;6656000;1650735032.1097474
27;6912000.0;6912000;1650735131.5929282
28;7168000.0;7168000;1650735230.1937683
29;7424000.0;7424000;1650735329.2912364
30;7680000.0;7680000;1650735428.1936889
31;7936000.0;7936000;1650735527.3750994
32;8192000.0;8192000;1650735626.071497
33;8448000.0;8448000;1650735724.9316297
34;8704000.0;8704000;1650735823.9820385
35;8960000.0;8960000;1650735923.376993
36;9216000.0;9216000;1650736022.329741
37;9472000.0;9472000;1650736121.0071056
38;9728000.0;9728000;1650736220.0120876
39;9984000.0;9984000;1650736318.7653797
40;10240000.0;10240000;1650736417.2606559
41;10496000.0;10496000;1650736515.9236662
42;10752000.0;10752000;1650736615.3542976
43;11008000.0;11008000;1650736715.1964052
44;11264000.0;11264000;1650736814.8528728
45;11520000.0;11520000;1650736913.6148665
46;11776000.0;11776000;1650737012.44902
47;12032000.0;12032000;1650737111.8341665
48;12288000.0;12288000;1650737211.6589065
49;12544000.0;12544000;1650737311.2752135
50;12800000.0;12800000;1650737411.0360765
