;test/env_step;Steps;Wall_Time
0;0.0;0;1649061477.4811401
1;256000.0;256000;1649061622.541767
2;512000.0;512000;1649061767.8757274
3;768000.0;768000;1649061914.3925047
4;1024000.0;1024000;1649062072.8161285
5;1280000.0;1280000;1649062232.4188569
6;1536000.0;1536000;1649062392.719897
7;1792000.0;1792000;1649062546.8587232
8;2048000.0;2048000;1649062692.443717
9;2304000.0;2304000;1649062838.033401
10;2560000.0;2560000;1649062984.7655027
11;2816000.0;2816000;1649063133.832346
12;3072000.0;3072000;1649063283.2724457
13;3328000.0;3328000;1649063430.5995798
14;3584000.0;3584000;1649063576.4252336
15;3840000.0;3840000;1649063722.3069553
16;4096000.0;4096000;1649063868.7601268
17;4352000.0;4352000;1649064014.9365451
18;4608000.0;4608000;1649064161.2476492
19;4864000.0;4864000;1649064314.1537921
20;5120000.0;5120000;1649064476.180902
21;5376000.0;5376000;1649064629.3423169
22;5632000.0;5632000;1649064774.5279424
23;5888000.0;5888000;1649064920.8810446
24;6144000.0;6144000;1649065065.8886
25;6400000.0;6400000;1649065210.9130013
26;6656000.0;6656000;1649065355.8475258
27;6912000.0;6912000;1649065500.9400163
28;7168000.0;7168000;1649065648.733494
29;7424000.0;7424000;1649065796.0767193
30;7680000.0;7680000;1649065942.1028516
31;7936000.0;7936000;1649066088.2309573
32;8192000.0;8192000;1649066233.5489464
33;8448000.0;8448000;1649066379.1902947
34;8704000.0;8704000;1649066537.3692505
35;8960000.0;8960000;1649066699.6549444
36;9216000.0;9216000;1649066856.0784247
37;9472000.0;9472000;1649067007.5528133
38;9728000.0;9728000;1649067160.1120157
39;9984000.0;9984000;1649067308.8636055
40;10240000.0;10240000;1649067459.078179
41;10496000.0;10496000;1649067608.7446477
42;10752000.0;10752000;1649067757.679373
43;11008000.0;11008000;1649067907.5989358
44;11264000.0;11264000;1649068057.3691063
45;11520000.0;11520000;1649068206.8279493
46;11776000.0;11776000;1649068356.766026
47;12032000.0;12032000;1649068506.471581
48;12288000.0;12288000;1649068654.5885003
49;12544000.0;12544000;1649068804.1229262
50;12800000.0;12800000;1649068953.6535158
