;test/env_step;Steps;Wall_Time
0;0.0;0;1651288489.1363869
1;256000.0;256000;1651288635.8266351
2;512000.0;512000;1651288782.647801
3;768000.0;768000;1651288929.222305
4;1024000.0;1024000;1651289075.660708
5;1280000.0;1280000;1651289222.1879923
6;1536000.0;1536000;1651289368.328059
7;1792000.0;1792000;1651289530.1073012
8;2048000.0;2048000;1651289680.6894689
9;2304000.0;2304000;1651289826.8613415
10;2560000.0;2560000;1651289972.6753576
11;2816000.0;2816000;1651290118.954509
12;3072000.0;3072000;1651290265.8736274
13;3328000.0;3328000;1651290412.045232
14;3584000.0;3584000;1651290558.005861
15;3840000.0;3840000;1651290704.217539
16;4096000.0;4096000;1651290850.7729428
17;4352000.0;4352000;1651291013.0432246
18;4608000.0;4608000;1651291174.4231856
19;4864000.0;4864000;1651291323.4205964
20;5120000.0;5120000;1651291470.208504
21;5376000.0;5376000;1651291617.340703
22;5632000.0;5632000;1651291764.4689326
23;5888000.0;5888000;1651291911.3718855
24;6144000.0;6144000;1651292057.9254816
25;6400000.0;6400000;1651292204.349768
26;6656000.0;6656000;1651292351.452132
27;6912000.0;6912000;1651292498.0717635
28;7168000.0;7168000;1651292644.0753825
29;7424000.0;7424000;1651292790.6491039
30;7680000.0;7680000;1651292936.7992647
31;7936000.0;7936000;1651293082.8298206
32;8192000.0;8192000;1651293228.9895208
33;8448000.0;8448000;1651293374.9665256
34;8704000.0;8704000;1651293520.9828746
35;8960000.0;8960000;1651293666.8868062
36;9216000.0;9216000;1651293813.5317078
37;9472000.0;9472000;1651293971.5841565
38;9728000.0;9728000;1651294122.204983
39;9984000.0;9984000;1651294280.6735864
40;10240000.0;10240000;1651294432.9900448
41;10496000.0;10496000;1651294586.7270052
42;10752000.0;10752000;1651294733.4441736
43;11008000.0;11008000;1651294880.4677913
44;11264000.0;11264000;1651295027.308682
45;11520000.0;11520000;1651295174.266301
46;11776000.0;11776000;1651295321.061406
47;12032000.0;12032000;1651295467.2947714
48;12288000.0;12288000;1651295613.4339714
49;12544000.0;12544000;1651295759.6718516
50;12800000.0;12800000;1651295905.4260242
