;test/env_step;Steps;Wall_Time
0;0.0;0;1649046801.9693656
1;256000.0;256000;1649046946.160068
2;512000.0;512000;1649047090.5824819
3;768000.0;768000;1649047233.9551349
4;1024000.0;1024000;1649047378.1435783
5;1280000.0;1280000;1649047522.2942774
6;1536000.0;1536000;1649047666.2638671
7;1792000.0;1792000;1649047809.8113995
8;2048000.0;2048000;1649047953.6821086
9;2304000.0;2304000;1649048096.804497
10;2560000.0;2560000;1649048239.9902477
11;2816000.0;2816000;1649048384.1935987
12;3072000.0;3072000;1649048528.200823
13;3328000.0;3328000;1649048672.133371
14;3584000.0;3584000;1649048816.0119169
15;3840000.0;3840000;1649048959.9155579
16;4096000.0;4096000;1649049103.9699006
17;4352000.0;4352000;1649049248.1240845
18;4608000.0;4608000;1649049392.0505002
19;4864000.0;4864000;1649049535.7565339
20;5120000.0;5120000;1649049679.628244
21;5376000.0;5376000;1649049823.4913607
22;5632000.0;5632000;1649049967.2414854
23;5888000.0;5888000;1649050111.1981308
24;6144000.0;6144000;1649050255.0561755
25;6400000.0;6400000;1649050398.902923
26;6656000.0;6656000;1649050545.2164955
27;6912000.0;6912000;1649050704.6580029
28;7168000.0;7168000;1649050864.1466796
29;7424000.0;7424000;1649051023.4061358
30;7680000.0;7680000;1649051182.8200605
31;7936000.0;7936000;1649051342.1873374
32;8192000.0;8192000;1649051501.7445042
33;8448000.0;8448000;1649051650.995514
34;8704000.0;8704000;1649051794.350019
35;8960000.0;8960000;1649051937.6108162
36;9216000.0;9216000;1649052080.5580301
37;9472000.0;9472000;1649052223.250439
38;9728000.0;9728000;1649052366.0359142
39;9984000.0;9984000;1649052508.9436839
40;10240000.0;10240000;1649052651.96863
41;10496000.0;10496000;1649052794.789612
42;10752000.0;10752000;1649052938.0654223
43;11008000.0;11008000;1649053081.3748884
44;11264000.0;11264000;1649053224.7102635
45;11520000.0;11520000;1649053368.198648
46;11776000.0;11776000;1649053511.5866342
47;12032000.0;12032000;1649053655.4162636
48;12288000.0;12288000;1649053799.163624
49;12544000.0;12544000;1649053942.749431
50;12800000.0;12800000;1649054086.3902183
