;test/env_step;Steps;Wall_Time
0;0.0;0;1649702849.7741485
1;256000.0;256000;1649702968.9023128
2;512000.0;512000;1649703087.5553403
3;768000.0;768000;1649703205.831402
4;1024000.0;1024000;1649703324.118304
5;1280000.0;1280000;1649703442.6638436
6;1536000.0;1536000;1649703561.3952625
7;1792000.0;1792000;1649703679.9484653
8;2048000.0;2048000;1649703798.6476166
9;2304000.0;2304000;1649703917.2995224
10;2560000.0;2560000;1649704035.4276087
11;2816000.0;2816000;1649704153.462455
12;3072000.0;3072000;1649704271.434677
13;3328000.0;3328000;1649704389.5988815
14;3584000.0;3584000;1649704507.7241824
15;3840000.0;3840000;1649704625.8917606
16;4096000.0;4096000;1649704743.6114185
17;4352000.0;4352000;1649704861.4000702
18;4608000.0;4608000;1649704979.3193023
19;4864000.0;4864000;1649705097.3906226
20;5120000.0;5120000;1649705215.1934326
21;5376000.0;5376000;1649705332.9401615
22;5632000.0;5632000;1649705451.0375288
23;5888000.0;5888000;1649705569.0178382
24;6144000.0;6144000;1649705687.1879117
25;6400000.0;6400000;1649705805.0730772
26;6656000.0;6656000;1649705922.9891942
27;6912000.0;6912000;1649706040.8898304
28;7168000.0;7168000;1649706159.323387
29;7424000.0;7424000;1649706278.3800313
30;7680000.0;7680000;1649706397.0381222
31;7936000.0;7936000;1649706515.7305334
32;8192000.0;8192000;1649706634.546496
33;8448000.0;8448000;1649706753.5843742
34;8704000.0;8704000;1649706872.6336741
35;8960000.0;8960000;1649706990.9750566
36;9216000.0;9216000;1649707109.5298235
37;9472000.0;9472000;1649707228.217991
38;9728000.0;9728000;1649707346.423515
39;9984000.0;9984000;1649707464.4832656
40;10240000.0;10240000;1649707582.435042
41;10496000.0;10496000;1649707700.0237978
42;10752000.0;10752000;1649707817.9481096
43;11008000.0;11008000;1649707935.8851168
44;11264000.0;11264000;1649708054.2242832
45;11520000.0;11520000;1649708172.6620145
46;11776000.0;11776000;1649708291.023015
47;12032000.0;12032000;1649708409.6154482
48;12288000.0;12288000;1649708528.16356
49;12544000.0;12544000;1649708646.7024891
50;12800000.0;12800000;1649708765.3132412
