;test/env_step;Steps;Wall_Time
0;0.0;0;1651355921.2304232
1;256000.0;256000;1651356059.789237
2;512000.0;512000;1651356197.9220304
3;768000.0;768000;1651356336.379315
4;1024000.0;1024000;1651356475.9221568
5;1280000.0;1280000;1651356614.7122288
6;1536000.0;1536000;1651356753.5734496
7;1792000.0;1792000;1651356892.2413852
8;2048000.0;2048000;1651357030.8139
9;2304000.0;2304000;1651357169.328101
10;2560000.0;2560000;1651357308.218378
11;2816000.0;2816000;1651357447.0414622
12;3072000.0;3072000;1651357585.5614078
13;3328000.0;3328000;1651357724.0653744
14;3584000.0;3584000;1651357862.7302277
15;3840000.0;3840000;1651358002.3296828
16;4096000.0;4096000;1651358141.0586083
17;4352000.0;4352000;1651358279.4469182
18;4608000.0;4608000;1651358417.433155
19;4864000.0;4864000;1651358554.6088898
20;5120000.0;5120000;1651358692.1321738
21;5376000.0;5376000;1651358829.3898416
22;5632000.0;5632000;1651358966.5911708
23;5888000.0;5888000;1651359104.0585642
24;6144000.0;6144000;1651359241.0683687
25;6400000.0;6400000;1651359378.5804691
26;6656000.0;6656000;1651359516.032268
27;6912000.0;6912000;1651359653.4960225
28;7168000.0;7168000;1651359790.5545595
29;7424000.0;7424000;1651359927.7051494
30;7680000.0;7680000;1651360064.8499894
31;7936000.0;7936000;1651360202.264434
32;8192000.0;8192000;1651360339.8365557
33;8448000.0;8448000;1651360477.5039966
34;8704000.0;8704000;1651360614.9677403
35;8960000.0;8960000;1651360752.320154
36;9216000.0;9216000;1651360890.1427228
37;9472000.0;9472000;1651361027.7217202
38;9728000.0;9728000;1651361164.744325
39;9984000.0;9984000;1651361301.8652287
40;10240000.0;10240000;1651361438.799204
41;10496000.0;10496000;1651361576.0874786
42;10752000.0;10752000;1651361713.4812047
43;11008000.0;11008000;1651361851.8505654
44;11264000.0;11264000;1651361989.9923306
45;11520000.0;11520000;1651362128.6850188
46;11776000.0;11776000;1651362267.235135
47;12032000.0;12032000;1651362405.8615031
48;12288000.0;12288000;1651362544.6324983
49;12544000.0;12544000;1651362682.9456642
50;12800000.0;12800000;1651362822.0277157
