;test/env_step;Steps;Wall_Time
0;0.0;0;1650777492.1326437
1;256000.0;256000;1650777617.1181958
2;512000.0;512000;1650777742.804206
3;768000.0;768000;1650777868.5654647
4;1024000.0;1024000;1650777993.9881873
5;1280000.0;1280000;1650778118.866852
6;1536000.0;1536000;1650778243.8081872
7;1792000.0;1792000;1650778368.6255903
8;2048000.0;2048000;1650778493.6296756
9;2304000.0;2304000;1650778618.621526
10;2560000.0;2560000;1650778743.4102907
11;2816000.0;2816000;1650778868.5364604
12;3072000.0;3072000;1650778993.2215452
13;3328000.0;3328000;1650779118.647921
14;3584000.0;3584000;1650779244.4002235
15;3840000.0;3840000;1650779370.0756109
16;4096000.0;4096000;1650779495.6986425
17;4352000.0;4352000;1650779621.4618483
18;4608000.0;4608000;1650779747.2449937
19;4864000.0;4864000;1650779873.0353174
20;5120000.0;5120000;1650779998.5775182
21;5376000.0;5376000;1650780123.8879945
22;5632000.0;5632000;1650780249.0529914
23;5888000.0;5888000;1650780373.9750714
24;6144000.0;6144000;1650780499.202952
25;6400000.0;6400000;1650780624.8402581
26;6656000.0;6656000;1650780750.2444549
27;6912000.0;6912000;1650780876.0449271
28;7168000.0;7168000;1650781001.7905989
29;7424000.0;7424000;1650781126.8355148
30;7680000.0;7680000;1650781251.8216367
31;7936000.0;7936000;1650781376.5716543
32;8192000.0;8192000;1650781501.623138
33;8448000.0;8448000;1650781626.8833182
34;8704000.0;8704000;1650781752.0916302
35;8960000.0;8960000;1650781877.2268844
36;9216000.0;9216000;1650782002.301451
37;9472000.0;9472000;1650782127.3994586
38;9728000.0;9728000;1650782252.403643
39;9984000.0;9984000;1650782377.6028378
40;10240000.0;10240000;1650782502.7586758
41;10496000.0;10496000;1650782627.7137713
42;10752000.0;10752000;1650782752.7433486
43;11008000.0;11008000;1650782878.5466604
44;11264000.0;11264000;1650783004.376081
45;11520000.0;11520000;1650783130.2149599
46;11776000.0;11776000;1650783255.7739506
47;12032000.0;12032000;1650783381.3777065
48;12288000.0;12288000;1650783506.8693228
49;12544000.0;12544000;1650783632.0028782
50;12800000.0;12800000;1650783757.2201345
