;test/env_step;Steps;Wall_Time
0;0.0;0;1651055746.7329054
1;256000.0;256000;1651055846.5586686
2;512000.0;512000;1651055946.3493
3;768000.0;768000;1651056046.0366187
4;1024000.0;1024000;1651056145.0759027
5;1280000.0;1280000;1651056244.06812
6;1536000.0;1536000;1651056343.495754
7;1792000.0;1792000;1651056443.2187126
8;2048000.0;2048000;1651056542.7857673
9;2304000.0;2304000;1651056642.6107538
10;2560000.0;2560000;1651056742.5312808
11;2816000.0;2816000;1651056842.1937175
12;3072000.0;3072000;1651056941.348568
13;3328000.0;3328000;1651057040.3124166
14;3584000.0;3584000;1651057139.3300846
15;3840000.0;3840000;1651057238.0374553
16;4096000.0;4096000;1651057336.6336124
17;4352000.0;4352000;1651057435.555419
18;4608000.0;4608000;1651057534.5975769
19;4864000.0;4864000;1651057633.983745
20;5120000.0;5120000;1651057733.5314348
21;5376000.0;5376000;1651057833.2055266
22;5632000.0;5632000;1651057932.7999728
23;5888000.0;5888000;1651058032.821384
24;6144000.0;6144000;1651058132.0634148
25;6400000.0;6400000;1651058230.8344784
26;6656000.0;6656000;1651058330.7794962
27;6912000.0;6912000;1651058430.506683
28;7168000.0;7168000;1651058529.875891
29;7424000.0;7424000;1651058629.2811325
30;7680000.0;7680000;1651058728.139446
31;7936000.0;7936000;1651058827.2734337
32;8192000.0;8192000;1651058926.796799
33;8448000.0;8448000;1651059026.1577356
34;8704000.0;8704000;1651059125.8371825
35;8960000.0;8960000;1651059225.7533622
36;9216000.0;9216000;1651059325.4509218
37;9472000.0;9472000;1651059425.2919097
38;9728000.0;9728000;1651059524.7240593
39;9984000.0;9984000;1651059624.2795725
40;10240000.0;10240000;1651059723.777359
41;10496000.0;10496000;1651059823.5310347
42;10752000.0;10752000;1651059923.0536156
43;11008000.0;11008000;1651060022.85772
44;11264000.0;11264000;1651060122.3894567
45;11520000.0;11520000;1651060221.9975522
46;11776000.0;11776000;1651060321.233998
47;12032000.0;12032000;1651060420.7023652
48;12288000.0;12288000;1651060520.0925093
49;12544000.0;12544000;1651060619.6253607
50;12800000.0;12800000;1651060718.855294
