;test/env_step;Steps;Wall_Time
0;0.0;0;1649515961.319994
1;256000.0;256000;1649516081.2868629
2;512000.0;512000;1649516201.1999269
3;768000.0;768000;1649516321.0171955
4;1024000.0;1024000;1649516440.7923484
5;1280000.0;1280000;1649516560.5547945
6;1536000.0;1536000;1649516692.7117064
7;1792000.0;1792000;1649516828.3865356
8;2048000.0;2048000;1649516963.9991314
9;2304000.0;2304000;1649517099.6407278
10;2560000.0;2560000;1649517235.147979
11;2816000.0;2816000;1649517370.8136642
12;3072000.0;3072000;1649517506.2944486
13;3328000.0;3328000;1649517641.8322418
14;3584000.0;3584000;1649517777.404473
15;3840000.0;3840000;1649517913.099889
16;4096000.0;4096000;1649518048.6046112
17;4352000.0;4352000;1649518184.2775
18;4608000.0;4608000;1649518319.7407327
19;4864000.0;4864000;1649518455.236841
20;5120000.0;5120000;1649518590.80043
21;5376000.0;5376000;1649518726.3309004
22;5632000.0;5632000;1649518861.9211495
23;5888000.0;5888000;1649518997.4367871
24;6144000.0;6144000;1649519133.0284317
25;6400000.0;6400000;1649519268.5576982
26;6656000.0;6656000;1649519404.1503582
27;6912000.0;6912000;1649519539.600396
28;7168000.0;7168000;1649519675.033561
29;7424000.0;7424000;1649519810.7182472
30;7680000.0;7680000;1649519946.2963746
31;7936000.0;7936000;1649520081.8716173
32;8192000.0;8192000;1649520217.3457541
33;8448000.0;8448000;1649520352.9335485
34;8704000.0;8704000;1649520488.3809526
35;8960000.0;8960000;1649520624.0609224
36;9216000.0;9216000;1649520750.865214
37;9472000.0;9472000;1649520869.9164486
38;9728000.0;9728000;1649520988.8884327
39;9984000.0;9984000;1649521107.8562083
40;10240000.0;10240000;1649521226.8510633
41;10496000.0;10496000;1649521345.6777396
42;10752000.0;10752000;1649521464.7048366
43;11008000.0;11008000;1649521583.6667757
44;11264000.0;11264000;1649521702.6954348
45;11520000.0;11520000;1649521821.653836
46;11776000.0;11776000;1649521940.7494702
47;12032000.0;12032000;1649522059.724674
48;12288000.0;12288000;1649522178.7296474
49;12544000.0;12544000;1649522297.7161622
50;12800000.0;12800000;1649522416.6775665
