;test/env_step;Steps;Wall_Time
0;0.0;0;1648894446.8554606
1;256000.0;256000;1648894576.7830982
2;512000.0;512000;1648894696.6788156
3;768000.0;768000;1648894816.9627995
4;1024000.0;1024000;1648894940.8375463
5;1280000.0;1280000;1648895060.494008
6;1536000.0;1536000;1648895179.8173609
7;1792000.0;1792000;1648895313.5966687
8;2048000.0;2048000;1648895431.846414
9;2304000.0;2304000;1648895550.0247138
10;2560000.0;2560000;1648895669.7785778
11;2816000.0;2816000;1648895790.3359237
12;3072000.0;3072000;1648895910.5982776
13;3328000.0;3328000;1648896030.8295774
14;3584000.0;3584000;1648896151.3498514
15;3840000.0;3840000;1648896271.7715032
16;4096000.0;4096000;1648896392.0773537
17;4352000.0;4352000;1648896512.4629936
18;4608000.0;4608000;1648896633.0847611
19;4864000.0;4864000;1648896754.428836
20;5120000.0;5120000;1648896875.5581036
21;5376000.0;5376000;1648896996.098783
22;5632000.0;5632000;1648897116.764934
23;5888000.0;5888000;1648897237.2358084
24;6144000.0;6144000;1648897357.457112
25;6400000.0;6400000;1648897477.684874
26;6656000.0;6656000;1648897598.0359275
27;6912000.0;6912000;1648897718.3217795
28;7168000.0;7168000;1648897838.067904
29;7424000.0;7424000;1648897958.0160491
30;7680000.0;7680000;1648898078.963038
31;7936000.0;7936000;1648898199.517276
32;8192000.0;8192000;1648898319.6497602
33;8448000.0;8448000;1648898439.8238082
34;8704000.0;8704000;1648898559.8594542
35;8960000.0;8960000;1648898679.8079627
36;9216000.0;9216000;1648898799.9352682
37;9472000.0;9472000;1648898921.2672904
38;9728000.0;9728000;1648899041.6458364
39;9984000.0;9984000;1648899161.3852377
40;10240000.0;10240000;1648899281.619248
41;10496000.0;10496000;1648899401.7758832
42;10752000.0;10752000;1648899522.00966
43;11008000.0;11008000;1648899642.084462
44;11264000.0;11264000;1648899762.2086492
45;11520000.0;11520000;1648899882.2907703
46;11776000.0;11776000;1648900002.1618032
47;12032000.0;12032000;1648900122.2146566
48;12288000.0;12288000;1648900242.8423672
49;12544000.0;12544000;1648900363.5276575
50;12800000.0;12800000;1648900483.523978
