;test/env_step;Steps;Wall_Time
0;0.0;0;1650717887.3326764
1;256000.0;256000;1650717988.1459758
2;512000.0;512000;1650718088.3809004
3;768000.0;768000;1650718189.1839156
4;1024000.0;1024000;1650718290.391107
5;1280000.0;1280000;1650718391.1451702
6;1536000.0;1536000;1650718491.364656
7;1792000.0;1792000;1650718591.8622606
8;2048000.0;2048000;1650718692.028717
9;2304000.0;2304000;1650718792.135033
10;2560000.0;2560000;1650718892.1013758
11;2816000.0;2816000;1650718992.2506151
12;3072000.0;3072000;1650719092.9655945
13;3328000.0;3328000;1650719193.4862075
14;3584000.0;3584000;1650719294.2265065
15;3840000.0;3840000;1650719394.4303875
16;4096000.0;4096000;1650719494.796512
17;4352000.0;4352000;1650719594.6847272
18;4608000.0;4608000;1650719694.9875956
19;4864000.0;4864000;1650719794.7428102
20;5120000.0;5120000;1650719894.9051886
21;5376000.0;5376000;1650719995.1850367
22;5632000.0;5632000;1650720095.4027104
23;5888000.0;5888000;1650720195.7617183
24;6144000.0;6144000;1650720295.829155
25;6400000.0;6400000;1650720396.3558893
26;6656000.0;6656000;1650720496.674511
27;6912000.0;6912000;1650720597.1179075
28;7168000.0;7168000;1650720696.9722424
29;7424000.0;7424000;1650720796.6781144
30;7680000.0;7680000;1650720896.4965467
31;7936000.0;7936000;1650720996.6109245
32;8192000.0;8192000;1650721096.926166
33;8448000.0;8448000;1650721197.3764668
34;8704000.0;8704000;1650721297.767987
35;8960000.0;8960000;1650721398.1593652
36;9216000.0;9216000;1650721498.557763
37;9472000.0;9472000;1650721599.0182416
38;9728000.0;9728000;1650721699.1314662
39;9984000.0;9984000;1650721799.857035
40;10240000.0;10240000;1650721900.944521
41;10496000.0;10496000;1650722001.4073899
42;10752000.0;10752000;1650722102.0019383
43;11008000.0;11008000;1650722202.9050992
44;11264000.0;11264000;1650722303.9107804
45;11520000.0;11520000;1650722404.367973
46;11776000.0;11776000;1650722504.0154333
47;12032000.0;12032000;1650722603.7566676
48;12288000.0;12288000;1650722703.7864285
49;12544000.0;12544000;1650722804.521953
50;12800000.0;12800000;1650722905.1885037
