;test/env_step;Steps;Wall_Time
0;0.0;0;1649054105.5769086
1;256000.0;256000;1649054265.8393228
2;512000.0;512000;1649054427.001462
3;768000.0;768000;1649054588.2642555
4;1024000.0;1024000;1649054749.9914002
5;1280000.0;1280000;1649054903.9359086
6;1536000.0;1536000;1649055049.4932826
7;1792000.0;1792000;1649055194.6532068
8;2048000.0;2048000;1649055339.9265566
9;2304000.0;2304000;1649055485.0899563
10;2560000.0;2560000;1649055630.0605023
11;2816000.0;2816000;1649055774.9372454
12;3072000.0;3072000;1649055920.1689954
13;3328000.0;3328000;1649056065.4608846
14;3584000.0;3584000;1649056210.647638
15;3840000.0;3840000;1649056355.7896006
16;4096000.0;4096000;1649056501.3377922
17;4352000.0;4352000;1649056646.873083
18;4608000.0;4608000;1649056792.520616
19;4864000.0;4864000;1649056938.205757
20;5120000.0;5120000;1649057083.9814944
21;5376000.0;5376000;1649057229.9642603
22;5632000.0;5632000;1649057376.1863225
23;5888000.0;5888000;1649057522.1860204
24;6144000.0;6144000;1649057668.4549212
25;6400000.0;6400000;1649057814.3162615
26;6656000.0;6656000;1649057959.6444848
27;6912000.0;6912000;1649058105.2200239
28;7168000.0;7168000;1649058250.7234519
29;7424000.0;7424000;1649058396.2841465
30;7680000.0;7680000;1649058541.8942628
31;7936000.0;7936000;1649058689.640877
32;8192000.0;8192000;1649058835.8025854
33;8448000.0;8448000;1649058981.9734273
34;8704000.0;8704000;1649059127.9885297
35;8960000.0;8960000;1649059274.2548623
36;9216000.0;9216000;1649059420.12279
37;9472000.0;9472000;1649059565.8905375
38;9728000.0;9728000;1649059714.6676679
39;9984000.0;9984000;1649059860.4513597
40;10240000.0;10240000;1649060006.1211367
41;10496000.0;10496000;1649060152.067938
42;10752000.0;10752000;1649060297.5404162
43;11008000.0;11008000;1649060443.0055864
44;11264000.0;11264000;1649060587.878044
45;11520000.0;11520000;1649060732.7976232
46;11776000.0;11776000;1649060877.81366
47;12032000.0;12032000;1649061022.8709085
48;12288000.0;12288000;1649061168.0520897
49;12544000.0;12544000;1649061313.4415998
50;12800000.0;12800000;1649061458.6944845
