;test/env_step;Steps;Wall_Time
0;0.0;0;1651266373.6483848
1;256000.0;256000;1651266520.2318842
2;512000.0;512000;1651266669.6813023
3;768000.0;768000;1651266831.6658087
4;1024000.0;1024000;1651266993.755566
5;1280000.0;1280000;1651267144.9545949
6;1536000.0;1536000;1651267290.4880722
7;1792000.0;1792000;1651267436.7164192
8;2048000.0;2048000;1651267583.224599
9;2304000.0;2304000;1651267729.5290804
10;2560000.0;2560000;1651267875.635529
11;2816000.0;2816000;1651268021.1560216
12;3072000.0;3072000;1651268166.8204284
13;3328000.0;3328000;1651268312.2207835
14;3584000.0;3584000;1651268457.4500906
15;3840000.0;3840000;1651268602.9368668
16;4096000.0;4096000;1651268748.9441981
17;4352000.0;4352000;1651268895.2400007
18;4608000.0;4608000;1651269041.4705985
19;4864000.0;4864000;1651269186.9187295
20;5120000.0;5120000;1651269332.5079854
21;5376000.0;5376000;1651269478.117795
22;5632000.0;5632000;1651269623.6598806
23;5888000.0;5888000;1651269769.321122
24;6144000.0;6144000;1651269914.867135
25;6400000.0;6400000;1651270062.3914206
26;6656000.0;6656000;1651270212.8635252
27;6912000.0;6912000;1651270359.2622116
28;7168000.0;7168000;1651270504.988625
29;7424000.0;7424000;1651270650.7685204
30;7680000.0;7680000;1651270796.3452907
31;7936000.0;7936000;1651270941.8831832
32;8192000.0;8192000;1651271087.8130572
33;8448000.0;8448000;1651271234.2248344
34;8704000.0;8704000;1651271380.6332512
35;8960000.0;8960000;1651271526.945437
36;9216000.0;9216000;1651271672.5401738
37;9472000.0;9472000;1651271818.2931747
38;9728000.0;9728000;1651271964.3755503
39;9984000.0;9984000;1651272110.624072
40;10240000.0;10240000;1651272256.5562513
41;10496000.0;10496000;1651272402.1171355
42;10752000.0;10752000;1651272547.787517
43;11008000.0;11008000;1651272694.6443543
44;11264000.0;11264000;1651272840.6937132
45;11520000.0;11520000;1651272986.4108617
46;11776000.0;11776000;1651273132.0759766
47;12032000.0;12032000;1651273278.3330398
48;12288000.0;12288000;1651273424.815357
49;12544000.0;12544000;1651273570.231589
50;12800000.0;12800000;1651273715.7696187
