;test/env_step;Steps;Wall_Time
0;0.0;0;1648959413.780375
1;256000.0;256000;1648959506.1385365
2;512000.0;512000;1648959598.0982552
3;768000.0;768000;1648959689.8057501
4;1024000.0;1024000;1648959781.6589568
5;1280000.0;1280000;1648959873.3494055
6;1536000.0;1536000;1648959965.2908335
7;1792000.0;1792000;1648960056.9768453
8;2048000.0;2048000;1648960148.715602
9;2304000.0;2304000;1648960240.2951844
10;2560000.0;2560000;1648960332.0324523
11;2816000.0;2816000;1648960423.9515676
12;3072000.0;3072000;1648960516.0609233
13;3328000.0;3328000;1648960608.2656755
14;3584000.0;3584000;1648960707.3037362
15;3840000.0;3840000;1648960814.3055758
16;4096000.0;4096000;1648960921.1774032
17;4352000.0;4352000;1648961028.177809
18;4608000.0;4608000;1648961135.1235101
19;4864000.0;4864000;1648961242.0860436
20;5120000.0;5120000;1648961349.0056186
21;5376000.0;5376000;1648961445.4324203
22;5632000.0;5632000;1648961537.6460903
23;5888000.0;5888000;1648961629.8999867
24;6144000.0;6144000;1648961722.136923
25;6400000.0;6400000;1648961814.3561049
26;6656000.0;6656000;1648961906.6928844
27;6912000.0;6912000;1648961998.9422996
28;7168000.0;7168000;1648962091.2847705
29;7424000.0;7424000;1648962183.6780074
30;7680000.0;7680000;1648962275.9824727
31;7936000.0;7936000;1648962367.9240453
32;8192000.0;8192000;1648962459.4405668
33;8448000.0;8448000;1648962551.633644
34;8704000.0;8704000;1648962643.9503086
35;8960000.0;8960000;1648962736.3145664
36;9216000.0;9216000;1648962828.3926697
37;9472000.0;9472000;1648962920.106493
38;9728000.0;9728000;1648963011.8320806
39;9984000.0;9984000;1648963103.8797588
40;10240000.0;10240000;1648963196.026837
41;10496000.0;10496000;1648963288.102353
42;10752000.0;10752000;1648963380.2451854
43;11008000.0;11008000;1648963472.2108274
44;11264000.0;11264000;1648963564.34926
45;11520000.0;11520000;1648963656.4462197
46;11776000.0;11776000;1648963748.6054978
47;12032000.0;12032000;1648963840.3061304
48;12288000.0;12288000;1648963931.5456922
49;12544000.0;12544000;1648964022.923402
50;12800000.0;12800000;1648964114.3017797
