;test/env_step;Steps;Wall_Time
0;0.0;0;1648913036.0355024
1;256000.0;256000;1648913155.9062905
2;512000.0;512000;1648913280.446286
3;768000.0;768000;1648913414.5468545
4;1024000.0;1024000;1648913533.9792445
5;1280000.0;1280000;1648913653.0848954
6;1536000.0;1536000;1648913772.608454
7;1792000.0;1792000;1648913892.3802888
8;2048000.0;2048000;1648914012.0368254
9;2304000.0;2304000;1648914131.838779
10;2560000.0;2560000;1648914251.5834901
11;2816000.0;2816000;1648914371.3428771
12;3072000.0;3072000;1648914490.9992878
13;3328000.0;3328000;1648914610.830815
14;3584000.0;3584000;1648914730.6693783
15;3840000.0;3840000;1648914850.3608673
16;4096000.0;4096000;1648914970.0091746
17;4352000.0;4352000;1648915089.5624673
18;4608000.0;4608000;1648915209.063116
19;4864000.0;4864000;1648915327.8981802
20;5120000.0;5120000;1648915446.7408464
21;5376000.0;5376000;1648915565.4578724
22;5632000.0;5632000;1648915684.3869383
23;5888000.0;5888000;1648915803.0378618
24;6144000.0;6144000;1648915921.5921054
25;6400000.0;6400000;1648916040.330936
26;6656000.0;6656000;1648916159.282824
27;6912000.0;6912000;1648916278.2613492
28;7168000.0;7168000;1648916397.0410047
29;7424000.0;7424000;1648916515.892903
30;7680000.0;7680000;1648916634.5849006
31;7936000.0;7936000;1648916753.2676198
32;8192000.0;8192000;1648916872.0289328
33;8448000.0;8448000;1648916990.819159
34;8704000.0;8704000;1648917109.4945621
35;8960000.0;8960000;1648917228.244616
36;9216000.0;9216000;1648917347.031491
37;9472000.0;9472000;1648917465.951002
38;9728000.0;9728000;1648917584.6274412
39;9984000.0;9984000;1648917703.2773
40;10240000.0;10240000;1648917822.0483727
41;10496000.0;10496000;1648917940.7892327
42;10752000.0;10752000;1648918059.8760674
43;11008000.0;11008000;1648918178.7393143
44;11264000.0;11264000;1648918297.7778358
45;11520000.0;11520000;1648918417.6516209
46;11776000.0;11776000;1648918537.4110296
47;12032000.0;12032000;1648918657.4366505
48;12288000.0;12288000;1648918777.4013371
49;12544000.0;12544000;1648918897.1503165
50;12800000.0;12800000;1648919016.9858487
