;test/env_step;Steps;Wall_Time
0;0.0;0;1648964136.0840893
1;256000.0;256000;1648964293.7984703
2;512000.0;512000;1648964450.9374957
3;768000.0;768000;1648964607.9556572
4;1024000.0;1024000;1648964765.1273198
5;1280000.0;1280000;1648964922.1460564
6;1536000.0;1536000;1648965063.7922375
7;1792000.0;1792000;1648965205.1657982
8;2048000.0;2048000;1648965346.4245608
9;2304000.0;2304000;1648965488.3971174
10;2560000.0;2560000;1648965630.298324
11;2816000.0;2816000;1648965772.3028207
12;3072000.0;3072000;1648965914.4649758
13;3328000.0;3328000;1648966056.487418
14;3584000.0;3584000;1648966198.4098492
15;3840000.0;3840000;1648966340.275459
16;4096000.0;4096000;1648966482.321561
17;4352000.0;4352000;1648966624.2079358
18;4608000.0;4608000;1648966765.977802
19;4864000.0;4864000;1648966907.4753428
20;5120000.0;5120000;1648967048.5218735
21;5376000.0;5376000;1648967189.4480383
22;5632000.0;5632000;1648967330.458545
23;5888000.0;5888000;1648967471.4972222
24;6144000.0;6144000;1648967612.7206564
25;6400000.0;6400000;1648967753.8277977
26;6656000.0;6656000;1648967894.9880989
27;6912000.0;6912000;1648968036.0972655
28;7168000.0;7168000;1648968177.2109993
29;7424000.0;7424000;1648968318.3075912
30;7680000.0;7680000;1648968459.3523026
31;7936000.0;7936000;1648968600.825463
32;8192000.0;8192000;1648968742.483714
33;8448000.0;8448000;1648968884.1254
34;8704000.0;8704000;1648969025.7782812
35;8960000.0;8960000;1648969167.4935484
36;9216000.0;9216000;1648969309.236058
37;9472000.0;9472000;1648969450.875187
38;9728000.0;9728000;1648969592.558697
39;9984000.0;9984000;1648969734.2174737
40;10240000.0;10240000;1648969875.9502733
41;10496000.0;10496000;1648970017.6297596
42;10752000.0;10752000;1648970159.2426379
43;11008000.0;11008000;1648970300.6550086
44;11264000.0;11264000;1648970453.622766
45;11520000.0;11520000;1648970610.6926
46;11776000.0;11776000;1648970767.6941102
47;12032000.0;12032000;1648970924.7680492
48;12288000.0;12288000;1648971081.9297767
49;12544000.0;12544000;1648971232.6462855
50;12800000.0;12800000;1648971374.6696167
