;test/env_step;Steps;Wall_Time
0;0.0;0;1650767571.0544138
1;256000.0;256000;1650767696.5987504
2;512000.0;512000;1650767822.03443
3;768000.0;768000;1650767947.401833
4;1024000.0;1024000;1650768072.5050526
5;1280000.0;1280000;1650768197.114577
6;1536000.0;1536000;1650768322.5748117
7;1792000.0;1792000;1650768448.2176132
8;2048000.0;2048000;1650768572.8475485
9;2304000.0;2304000;1650768697.747742
10;2560000.0;2560000;1650768823.259465
11;2816000.0;2816000;1650768948.7367823
12;3072000.0;3072000;1650769074.1534204
13;3328000.0;3328000;1650769199.2582788
14;3584000.0;3584000;1650769324.4636354
15;3840000.0;3840000;1650769450.098398
16;4096000.0;4096000;1650769575.5946586
17;4352000.0;4352000;1650769700.9823163
18;4608000.0;4608000;1650769826.7865744
19;4864000.0;4864000;1650769952.5360043
20;5120000.0;5120000;1650770078.2883918
21;5376000.0;5376000;1650770203.8131838
22;5632000.0;5632000;1650770328.8337815
23;5888000.0;5888000;1650770453.6907835
24;6144000.0;6144000;1650770578.598881
25;6400000.0;6400000;1650770703.5550807
26;6656000.0;6656000;1650770828.4105635
27;6912000.0;6912000;1650770953.2428503
28;7168000.0;7168000;1650771078.250214
29;7424000.0;7424000;1650771203.2841272
30;7680000.0;7680000;1650771328.230406
31;7936000.0;7936000;1650771453.045312
32;8192000.0;8192000;1650771578.2194586
33;8448000.0;8448000;1650771704.0121126
34;8704000.0;8704000;1650771828.9774542
35;8960000.0;8960000;1650771953.518046
36;9216000.0;9216000;1650772077.9476037
37;9472000.0;9472000;1650772202.8457203
38;9728000.0;9728000;1650772327.4337213
39;9984000.0;9984000;1650772452.4330337
40;10240000.0;10240000;1650772577.8951573
41;10496000.0;10496000;1650772703.2142437
42;10752000.0;10752000;1650772829.2266216
43;11008000.0;11008000;1650772955.0481858
44;11264000.0;11264000;1650773079.78398
45;11520000.0;11520000;1650773204.5560834
46;11776000.0;11776000;1650773329.484143
47;12032000.0;12032000;1650773454.256915
48;12288000.0;12288000;1650773579.65718
49;12544000.0;12544000;1650773711.8837738
50;12800000.0;12800000;1650773854.2885528
