;test/env_step;Steps;Wall_Time
0;0.0;0;1648999222.0483868
1;256000.0;256000;1648999355.2030706
2;512000.0;512000;1648999494.2944698
3;768000.0;768000;1648999633.3835459
4;1024000.0;1024000;1648999772.5696986
5;1280000.0;1280000;1648999911.4662683
6;1536000.0;1536000;1649000050.3841631
7;1792000.0;1792000;1649000189.3249612
8;2048000.0;2048000;1649000328.285797
9;2304000.0;2304000;1649000467.2568018
10;2560000.0;2560000;1649000606.1711714
11;2816000.0;2816000;1649000744.9601285
12;3072000.0;3072000;1649000883.9855347
13;3328000.0;3328000;1649001009.9101093
14;3584000.0;3584000;1649001132.5637414
15;3840000.0;3840000;1649001255.4089546
16;4096000.0;4096000;1649001378.213242
17;4352000.0;4352000;1649001500.8936727
18;4608000.0;4608000;1649001623.41347
19;4864000.0;4864000;1649001745.910381
20;5120000.0;5120000;1649001868.0598538
21;5376000.0;5376000;1649001989.878657
22;5632000.0;5632000;1649002112.639747
23;5888000.0;5888000;1649002235.4559999
24;6144000.0;6144000;1649002358.4564776
25;6400000.0;6400000;1649002481.2836509
26;6656000.0;6656000;1649002604.4296124
27;6912000.0;6912000;1649002727.414923
28;7168000.0;7168000;1649002850.2389548
29;7424000.0;7424000;1649002972.8838632
30;7680000.0;7680000;1649003095.3683226
31;7936000.0;7936000;1649003217.556739
32;8192000.0;8192000;1649003339.686974
33;8448000.0;8448000;1649003462.0498793
34;8704000.0;8704000;1649003584.3315198
35;8960000.0;8960000;1649003706.4855807
36;9216000.0;9216000;1649003828.4025328
37;9472000.0;9472000;1649003950.346719
38;9728000.0;9728000;1649004072.198247
39;9984000.0;9984000;1649004193.99499
40;10240000.0;10240000;1649004315.851524
41;10496000.0;10496000;1649004437.7729023
42;10752000.0;10752000;1649004559.7427068
43;11008000.0;11008000;1649004681.719133
44;11264000.0;11264000;1649004803.605226
45;11520000.0;11520000;1649004925.6357315
46;11776000.0;11776000;1649005047.8487582
47;12032000.0;12032000;1649005170.2209425
48;12288000.0;12288000;1649005297.8111472
49;12544000.0;12544000;1649005437.0435815
50;12800000.0;12800000;1649005576.415622
