;test/env_step;Steps;Wall_Time
0;0.0;0;1651281074.9847276
1;256000.0;256000;1651281221.9470446
2;512000.0;512000;1651281369.1856847
3;768000.0;768000;1651281520.7132735
4;1024000.0;1024000;1651281675.7247584
5;1280000.0;1280000;1651281823.1795998
6;1536000.0;1536000;1651281970.7959208
7;1792000.0;1792000;1651282117.92326
8;2048000.0;2048000;1651282265.565268
9;2304000.0;2304000;1651282413.1933823
10;2560000.0;2560000;1651282560.2495787
11;2816000.0;2816000;1651282707.6788025
12;3072000.0;3072000;1651282855.4933462
13;3328000.0;3328000;1651283002.871614
14;3584000.0;3584000;1651283150.399525
15;3840000.0;3840000;1651283297.6877143
16;4096000.0;4096000;1651283445.212853
17;4352000.0;4352000;1651283592.2709026
18;4608000.0;4608000;1651283739.0759184
19;4864000.0;4864000;1651283886.2690992
20;5120000.0;5120000;1651284033.79302
21;5376000.0;5376000;1651284180.9508164
22;5632000.0;5632000;1651284328.1550415
23;5888000.0;5888000;1651284474.8833213
24;6144000.0;6144000;1651284621.9129372
25;6400000.0;6400000;1651284769.2074895
26;6656000.0;6656000;1651284916.5799444
27;6912000.0;6912000;1651285063.6018794
28;7168000.0;7168000;1651285211.156558
29;7424000.0;7424000;1651285358.3650963
30;7680000.0;7680000;1651285505.2627652
31;7936000.0;7936000;1651285664.5606272
32;8192000.0;8192000;1651285811.6178584
33;8448000.0;8448000;1651285958.8593051
34;8704000.0;8704000;1651286106.4381862
35;8960000.0;8960000;1651286254.3577018
36;9216000.0;9216000;1651286401.3484516
37;9472000.0;9472000;1651286548.1401436
38;9728000.0;9728000;1651286695.0279694
39;9984000.0;9984000;1651286841.7702413
40;10240000.0;10240000;1651286991.1333342
41;10496000.0;10496000;1651287137.9673905
42;10752000.0;10752000;1651287285.535397
43;11008000.0;11008000;1651287433.3715024
44;11264000.0;11264000;1651287580.1778734
45;11520000.0;11520000;1651287727.1950061
46;11776000.0;11776000;1651287874.3415082
47;12032000.0;12032000;1651288021.4750743
48;12288000.0;12288000;1651288174.2600117
49;12544000.0;12544000;1651288323.6731963
50;12800000.0;12800000;1651288471.704375
