;test/env_step;Steps;Wall_Time
0;0.0;0;1651105546.8804097
1;256000.0;256000;1651105640.8348432
2;512000.0;512000;1651105734.4239147
3;768000.0;768000;1651105828.0379853
4;1024000.0;1024000;1651105921.8474412
5;1280000.0;1280000;1651106021.84235
6;1536000.0;1536000;1651106131.5266604
7;1792000.0;1792000;1651106235.7064571
8;2048000.0;2048000;1651106329.535464
9;2304000.0;2304000;1651106422.882332
10;2560000.0;2560000;1651106516.3335671
11;2816000.0;2816000;1651106609.631952
12;3072000.0;3072000;1651106702.9934978
13;3328000.0;3328000;1651106807.1799042
14;3584000.0;3584000;1651106900.741522
15;3840000.0;3840000;1651106994.1003711
16;4096000.0;4096000;1651107087.251355
17;4352000.0;4352000;1651107180.5803356
18;4608000.0;4608000;1651107273.5489523
19;4864000.0;4864000;1651107366.5921478
20;5120000.0;5120000;1651107462.7404258
21;5376000.0;5376000;1651107556.385648
22;5632000.0;5632000;1651107649.8447354
23;5888000.0;5888000;1651107742.856886
24;6144000.0;6144000;1651107835.7308762
25;6400000.0;6400000;1651107928.736944
26;6656000.0;6656000;1651108021.6483161
27;6912000.0;6912000;1651108114.6798577
28;7168000.0;7168000;1651108207.6744416
29;7424000.0;7424000;1651108300.9220574
30;7680000.0;7680000;1651108393.4636462
31;7936000.0;7936000;1651108486.5887303
32;8192000.0;8192000;1651108579.6428955
33;8448000.0;8448000;1651108672.7993543
34;8704000.0;8704000;1651108765.6736128
35;8960000.0;8960000;1651108859.2281215
36;9216000.0;9216000;1651108952.1764665
37;9472000.0;9472000;1651109045.0140433
38;9728000.0;9728000;1651109138.0942662
39;9984000.0;9984000;1651109231.2076697
40;10240000.0;10240000;1651109324.8801348
41;10496000.0;10496000;1651109418.2310786
42;10752000.0;10752000;1651109512.0452034
43;11008000.0;11008000;1651109605.638047
44;11264000.0;11264000;1651109698.8870614
45;11520000.0;11520000;1651109791.9385183
46;11776000.0;11776000;1651109885.062353
47;12032000.0;12032000;1651109978.1389287
48;12288000.0;12288000;1651110071.0390735
49;12544000.0;12544000;1651110164.0615225
50;12800000.0;12800000;1651110256.695248
