;test/env_step;Steps;Wall_Time
0;0.0;0;1649452182.0266368
1;256000.0;256000;1649452276.6067417
2;512000.0;512000;1649452370.8307648
3;768000.0;768000;1649452465.0077665
4;1024000.0;1024000;1649452558.8914764
5;1280000.0;1280000;1649452652.6083887
6;1536000.0;1536000;1649452746.3372598
7;1792000.0;1792000;1649452840.0224469
8;2048000.0;2048000;1649452934.0128438
9;2304000.0;2304000;1649453028.0877936
10;2560000.0;2560000;1649453122.3407578
11;2816000.0;2816000;1649453216.4533288
12;3072000.0;3072000;1649453310.5431862
13;3328000.0;3328000;1649453404.598985
14;3584000.0;3584000;1649453498.3628454
15;3840000.0;3840000;1649453592.3385234
16;4096000.0;4096000;1649453686.3658297
17;4352000.0;4352000;1649453780.4375288
18;4608000.0;4608000;1649453874.442626
19;4864000.0;4864000;1649453968.4500585
20;5120000.0;5120000;1649454062.3105223
21;5376000.0;5376000;1649454156.1757143
22;5632000.0;5632000;1649454250.2200902
23;5888000.0;5888000;1649454344.136692
24;6144000.0;6144000;1649454438.0816643
25;6400000.0;6400000;1649454532.0712254
26;6656000.0;6656000;1649454626.0369287
27;6912000.0;6912000;1649454719.9751241
28;7168000.0;7168000;1649454813.9990578
29;7424000.0;7424000;1649454907.9705887
30;7680000.0;7680000;1649455001.843305
31;7936000.0;7936000;1649455095.806907
32;8192000.0;8192000;1649455189.743486
33;8448000.0;8448000;1649455283.6637204
34;8704000.0;8704000;1649455377.491407
35;8960000.0;8960000;1649455471.5700939
36;9216000.0;9216000;1649455565.5782259
37;9472000.0;9472000;1649455659.7631907
38;9728000.0;9728000;1649455753.8268278
39;9984000.0;9984000;1649455847.9855943
40;10240000.0;10240000;1649455942.20809
41;10496000.0;10496000;1649456036.389952
42;10752000.0;10752000;1649456130.4232073
43;11008000.0;11008000;1649456224.4751828
44;11264000.0;11264000;1649456318.5142756
45;11520000.0;11520000;1649456412.5010345
46;11776000.0;11776000;1649456506.5567713
47;12032000.0;12032000;1649456599.9767125
48;12288000.0;12288000;1649456693.4584289
49;12544000.0;12544000;1649456787.1001828
50;12800000.0;12800000;1649456880.4974878
