;test/env_step;Steps;Wall_Time
0;0.0;0;1651076233.5911787
1;256000.0;256000;1651076330.1088219
2;512000.0;512000;1651076426.2085514
3;768000.0;768000;1651076522.363384
4;1024000.0;1024000;1651076618.6282947
5;1280000.0;1280000;1651076714.9819777
6;1536000.0;1536000;1651076811.2899053
7;1792000.0;1792000;1651076908.0888572
8;2048000.0;2048000;1651077004.670831
9;2304000.0;2304000;1651077100.7944546
10;2560000.0;2560000;1651077197.172251
11;2816000.0;2816000;1651077293.547323
12;3072000.0;3072000;1651077390.1943305
13;3328000.0;3328000;1651077486.0897472
14;3584000.0;3584000;1651077581.6119823
15;3840000.0;3840000;1651077676.9301178
16;4096000.0;4096000;1651077772.212431
17;4352000.0;4352000;1651077867.7765503
18;4608000.0;4608000;1651077963.7903666
19;4864000.0;4864000;1651078059.334047
20;5120000.0;5120000;1651078155.0834384
21;5376000.0;5376000;1651078250.7639961
22;5632000.0;5632000;1651078346.7479713
23;5888000.0;5888000;1651078442.4742923
24;6144000.0;6144000;1651078538.222447
25;6400000.0;6400000;1651078634.1685524
26;6656000.0;6656000;1651078730.6864238
27;6912000.0;6912000;1651078827.185362
28;7168000.0;7168000;1651078923.4550679
29;7424000.0;7424000;1651079019.6606176
30;7680000.0;7680000;1651079115.9685934
31;7936000.0;7936000;1651079212.4437833
32;8192000.0;8192000;1651079308.5085125
33;8448000.0;8448000;1651079404.5094898
34;8704000.0;8704000;1651079500.2787552
35;8960000.0;8960000;1651079596.447686
36;9216000.0;9216000;1651079692.2551196
37;9472000.0;9472000;1651079788.4961479
38;9728000.0;9728000;1651079885.137154
39;9984000.0;9984000;1651079982.0774293
40;10240000.0;10240000;1651080078.9238431
41;10496000.0;10496000;1651080175.271622
42;10752000.0;10752000;1651080271.1358926
43;11008000.0;11008000;1651080366.939049
44;11264000.0;11264000;1651080462.9337196
45;11520000.0;11520000;1651080558.9389038
46;11776000.0;11776000;1651080654.9592988
47;12032000.0;12032000;1651080751.1695015
48;12288000.0;12288000;1651080847.279889
49;12544000.0;12544000;1651080943.9509
50;12800000.0;12800000;1651081040.5049958
