;test/env_step;Steps;Wall_Time
0;0.0;0;1650717760.6402597
1;256000.0;256000;1650717859.4088988
2;512000.0;512000;1650717961.4648552
3;768000.0;768000;1650718071.648114
4;1024000.0;1024000;1650718170.338087
5;1280000.0;1280000;1650718269.5958145
6;1536000.0;1536000;1650718371.4734898
7;1792000.0;1792000;1650718470.6131837
8;2048000.0;2048000;1650718569.9544933
9;2304000.0;2304000;1650718668.6885421
10;2560000.0;2560000;1650718767.4064674
11;2816000.0;2816000;1650718867.021568
12;3072000.0;3072000;1650718966.395524
13;3328000.0;3328000;1650719065.623488
14;3584000.0;3584000;1650719164.8884299
15;3840000.0;3840000;1650719264.2705705
16;4096000.0;4096000;1650719362.9177976
17;4352000.0;4352000;1650719461.3824422
18;4608000.0;4608000;1650719560.1870215
19;4864000.0;4864000;1650719658.4743192
20;5120000.0;5120000;1650719756.9843729
21;5376000.0;5376000;1650719855.2510982
22;5632000.0;5632000;1650719953.6920338
23;5888000.0;5888000;1650720052.2447608
24;6144000.0;6144000;1650720151.650568
25;6400000.0;6400000;1650720250.197908
26;6656000.0;6656000;1650720348.5404477
27;6912000.0;6912000;1650720447.13813
28;7168000.0;7168000;1650720545.2446895
29;7424000.0;7424000;1650720643.963252
30;7680000.0;7680000;1650720742.8297734
31;7936000.0;7936000;1650720841.7996454
32;8192000.0;8192000;1650720940.9352577
33;8448000.0;8448000;1650721040.157168
34;8704000.0;8704000;1650721138.5116253
35;8960000.0;8960000;1650721236.7081017
36;9216000.0;9216000;1650721334.900207
37;9472000.0;9472000;1650721433.4656184
38;9728000.0;9728000;1650721532.2238407
39;9984000.0;9984000;1650721630.7148964
40;10240000.0;10240000;1650721729.02532
41;10496000.0;10496000;1650721827.378554
42;10752000.0;10752000;1650721925.7871087
43;11008000.0;11008000;1650722029.939171
44;11264000.0;11264000;1650722131.27435
45;11520000.0;11520000;1650722229.878512
46;11776000.0;11776000;1650722328.6452284
47;12032000.0;12032000;1650722427.3633025
48;12288000.0;12288000;1650722525.7831016
49;12544000.0;12544000;1650722623.8599174
50;12800000.0;12800000;1650722722.167784
