;rew;Steps;Wall_Time
0;-2.1470913887023926;5;1651501406.0944629
1;-2.892178773880005;10;1651501410.8430321
2;-3.9287302494049072;20;1651501419.9594204
3;-4.799893856048584;30;1651501433.373719
4;-5.588020324707031;40;1651501451.1650136
5;-6.373536109924316;50;1651501473.2108052
6;-9.75911808013916;100;1651501516.991821
