;avg_time;Steps;Wall_Time
0;0.013355000875890255;20;1651501976.7217686
1;0.009873084723949432;30;1651501986.5983248
2;0.011026603169739246;40;1651501997.6278958
3;0.012972560711205006;50;1651502010.6031482
