;avg_time;Steps;Wall_Time
0;0.012836323119699955;20;1651502298.9175146
1;0.009409327059984207;30;1651502308.328996
2;0.010494044050574303;40;1651502318.8259768
3;0.013404028490185738;50;1651502332.2329288
