;avg_time;Steps;Wall_Time
0;0.013098319992423058;20;1651502219.997961
1;0.009442191570997238;30;1651502229.4429302
2;0.010847795754671097;40;1651502240.293461
3;0.01373613253235817;50;1651502254.032333
