;test/length;Steps;Wall_Time
0;9.361562728881836;0;1649702187.1524348
