;test/length;Steps;Wall_Time
0;9.595937728881836;0;1649763789.4807098
