;test/length;Steps;Wall_Time
0;7.13406229019165;0;1649763558.248969
