;eval/std;Steps;Wall_Time
0;0.4037097990512848;5;1651526442.7893713
1;0.34795060753822327;10;1651526442.8217163
2;0.32099881768226624;20;1651526442.8699257
3;0.3211963176727295;30;1651526442.9625525
4;0.3396831154823303;40;1651526443.0515137
5;0.33689308166503906;50;1651526443.1649735
6;0.40157976746559143;100;1651526443.4356163
