;train/length;Steps;Wall_Time
0;9.671875;4952;1649763792.084435
