;std;Steps;Wall_Time
0;1.1503746509552002;20;1651699352.2250834
1;1.3615397214889526;30;1651699352.4441364
2;1.6124677658081055;40;1651699352.6352
3;1.788703441619873;50;1651699352.8408105
4;2.877845525741577;100;1651699353.1609156
