;std;Steps;Wall_Time
0;0.4182320237159729;5;1651501085.8519795
1;0.3452220559120178;10;1651501090.6865864
2;0.3330954909324646;20;1651501099.9497135
3;0.35663989186286926;30;1651501113.670169
4;0.36438918113708496;40;1651501131.7636147
5;0.3854449689388275;50;1651501154.0235116
