;std;Steps;Wall_Time
0;1.1258381605148315;20;1651502397.6408556
1;1.4417303800582886;30;1651502407.434181
2;1.5777748823165894;40;1651502418.49652
3;1.960631012916565;50;1651502432.7153487
4;2.9634604454040527;100;1651502457.573768
