;std;Steps;Wall_Time
0;0.4054357707500458;5;1651501406.0947106
1;0.3462674915790558;10;1651501410.8433666
2;0.3362756371498108;20;1651501419.9601953
3;0.3358636498451233;30;1651501433.3739583
4;0.3496415615081787;40;1651501451.165257
5;0.3684298098087311;50;1651501473.2110689
