;avg_time;Steps;Wall_Time
0;0.009026458486914635;5;1651500906.0551414
1;0.004691321402788162;10;1651500910.7494996
2;0.008848555386066437;20;1651500919.6009114
3;0.013173735700547695;30;1651500932.7776687
4;0.017469367012381554;40;1651500950.2511125
5;0.021619748324155807;50;1651500971.8746514
