;test/reward_std;Steps;Wall_Time
0;1.2194976806640625;0;1651251770.5046682
