;test/reward_std;Steps;Wall_Time
0;0.9020311832427979;0;1649763558.2489924
