;test/reward_std;Steps;Wall_Time
0;1.063110113143921;0;1649702187.1524577
