;test/reward_std;Steps;Wall_Time
0;0.7162098288536072;0;1649753741.5320857
1;1.126333475112915;1024981;1649754378.417983
2;1.1499366760253906;2052729;1649754980.4093273
3;1.1400847434997559;3078636;1649755581.043597
