;test/length_std;Steps;Wall_Time
0;0.0;0;1651273733.131379
1;0.0;256000;1651273879.6276257
2;0.0;512000;1651274025.3709693
3;0.0;768000;1651274171.2364833
4;0.0;1024000;1651274317.6599932
5;0.0;1280000;1651274463.8260186
6;0.0;1536000;1651274609.8887293
7;0.0;1792000;1651274756.6051047
8;0.0;2048000;1651274902.7823462
9;0.0;2304000;1651275049.1564858
10;0.0;2560000;1651275195.602988
11;0.0;2816000;1651275342.478906
12;0.0;3072000;1651275489.01545
13;0.0;3328000;1651275635.1068196
14;0.0;3584000;1651275781.6187348
15;0.0;3840000;1651275928.0068402
16;0.0;4096000;1651276074.8103087
17;0.0;4352000;1651276221.346644
18;0.0;4608000;1651276367.633113
19;0.0;4864000;1651276516.6408043
20;0.0;5120000;1651276663.4364285
21;0.0;5376000;1651276809.8778636
22;0.0;5632000;1651276956.3692636
23;0.0;5888000;1651277102.854406
24;0.0;6144000;1651277249.084227
25;0.0;6400000;1651277395.711201
26;0.0;6656000;1651277542.2721548
27;0.0;6912000;1651277688.6367323
28;0.0;7168000;1651277835.0524306
29;0.0;7424000;1651277981.1040137
30;0.0;7680000;1651278127.0553222
31;0.0;7936000;1651278273.1924095
32;0.0;8192000;1651278419.775753
33;0.0;8448000;1651278566.358355
34;0.0;8704000;1651278713.3954947
35;0.0;8960000;1651278860.0540009
36;0.0;9216000;1651279006.9500744
37;0.0;9472000;1651279153.584214
38;0.0;9728000;1651279299.8862114
39;0.0;9984000;1651279445.972714
40;0.0;10240000;1651279592.507042
41;0.0;10496000;1651279738.482176
42;0.0;10752000;1651279884.5277174
43;0.0;11008000;1651280030.7386017
44;0.0;11264000;1651280179.391056
45;0.0;11520000;1651280326.1158843
46;0.0;11776000;1651280472.2177966
47;0.0;12032000;1651280618.4716897
48;0.0;12288000;1651280764.936261
49;0.0;12544000;1651280911.3169312
50;0.0;12800000;1651281057.7150846
