;test/length_std;Steps;Wall_Time
0;2.414841651916504;0;1649702187.15248
