;test/length_std;Steps;Wall_Time
0;0.0;0;1649211342.9126422
1;0.0;1024000;1649211808.128957
2;0.0;2048000;1649212272.2142668
3;0.0;3072000;1649212734.309033
4;0.0;4096000;1649213197.1028178
5;0.0;5120000;1649213659.8998938
6;0.0;6144000;1649214123.2618687
7;0.0;7168000;1649214586.4418795
8;0.0;8192000;1649215049.9417808
9;0.0;9216000;1649215513.9565563
10;0.0;10240000;1649215978.1894119
11;0.0;11264000;1649216442.0518074
12;0.0;12288000;1649216904.6872556
13;0.0;13312000;1649217368.782064
14;0.0;14336000;1649217835.569998
15;0.0;15360000;1649218299.7014127
16;0.0;16384000;1649218761.7954469
17;0.0;17408000;1649219224.5316608
18;0.0;18432000;1649219687.3958175
19;0.0;19456000;1649220151.0574572
20;0.0;20480000;1649220614.6171947
21;0.0;21504000;1649221077.836287
22;0.0;22528000;1649221538.6455197
23;0.0;23552000;1649221999.1191573
24;0.0;24576000;1649222460.3955982
25;0.0;25600000;1649222921.925787
26;0.0;26624000;1649223382.7715917
27;0.0;27648000;1649223842.783191
28;0.0;28672000;1649224303.5525284
29;0.0;29696000;1649224763.960942
30;0.0;30720000;1649225224.20101
31;0.0;31744000;1649225685.1047244
32;0.0;32768000;1649226144.9023695
33;0.0;33792000;1649226605.3389153
34;0.0;34816000;1649227066.0712967
35;0.0;35840000;1649227528.5989287
36;0.0;36864000;1649227991.386915
37;0.0;37888000;1649228453.847561
38;0.0;38912000;1649228916.5183196
39;0.0;39936000;1649229378.9310677
40;0.0;40960000;1649229842.4714174
41;0.0;41984000;1649230304.8138552
42;0.0;43008000;1649230766.6836505
43;0.0;44032000;1649231228.5368063
44;0.0;45056000;1649231691.4703107
45;0.0;46080000;1649232154.33966
46;0.0;47104000;1649232616.736879
47;0.0;48128000;1649233079.4843893
48;0.0;49152000;1649233542.1578822
49;0.0;50176000;1649234005.176025
50;0.0;51200000;1649234472.197306
