;train/reward;Steps;Wall_Time
0;-6.2687835693359375;1280;1648149350.6527898
1;-6.187716484069824;2560;1648149351.7523644
2;-6.053393363952637;3840;1648149352.85542
3;-6.025572776794434;5120;1648149353.9610517
4;-6.287620544433594;6400;1648149355.0633547
5;-6.196035385131836;7680;1648149356.167352
6;-6.398848056793213;8960;1648149357.2675922
7;-6.174079895019531;10240;1648149358.3732257
8;-6.220773696899414;11520;1648149359.5060165
9;-5.989768028259277;12800;1648149360.6094298
