;test/length_std;Steps;Wall_Time
0;0.0;0;1649171083.3000064
1;0.0;1024000;1649171552.7375393
2;0.0;2048000;1649172022.175327
3;0.0;3072000;1649172489.208344
4;0.0;4096000;1649172954.4624557
5;0.0;5120000;1649173420.14928
6;0.0;6144000;1649173889.238728
7;0.0;7168000;1649174359.3276863
8;0.0;8192000;1649174828.8589177
9;0.0;9216000;1649175298.1074846
10;0.0;10240000;1649175768.4694223
11;0.0;11264000;1649176238.045381
12;0.0;12288000;1649176707.233839
13;0.0;13312000;1649177176.906581
14;0.0;14336000;1649177647.0303535
15;0.0;15360000;1649178117.2577164
16;0.0;16384000;1649178586.0690272
17;0.0;17408000;1649179054.3539357
18;0.0;18432000;1649179522.4621453
19;0.0;19456000;1649179991.0398202
20;0.0;20480000;1649180459.7500484
21;0.0;21504000;1649180930.1227033
22;0.0;22528000;1649181396.6326284
23;0.0;23552000;1649181861.8528137
24;0.0;24576000;1649182327.1183918
25;0.0;25600000;1649182792.3805022
26;0.0;26624000;1649183258.6072903
27;0.0;27648000;1649183724.8140666
28;0.0;28672000;1649184188.9644868
29;0.0;29696000;1649184652.9618192
30;0.0;30720000;1649185116.7795932
31;0.0;31744000;1649185583.0895252
32;0.0;32768000;1649186050.183889
33;0.0;33792000;1649186517.8885448
34;0.0;34816000;1649186985.598065
35;0.0;35840000;1649187454.504253
36;0.0;36864000;1649187922.05631
37;0.0;37888000;1649188388.86557
38;0.0;38912000;1649188855.5286508
39;0.0;39936000;1649189321.5610623
40;0.0;40960000;1649189788.0932763
41;0.0;41984000;1649190255.0996969
42;0.0;43008000;1649190722.4389644
43;0.0;44032000;1649191188.5277243
44;0.0;45056000;1649191654.1507337
45;0.0;46080000;1649192119.534821
46;0.0;47104000;1649192585.3473685
47;0.0;48128000;1649193050.4412644
48;0.0;49152000;1649193516.3158638
49;0.0;50176000;1649193982.3651614
50;0.0;51200000;1649194500.3988593
