;test/length_std;Steps;Wall_Time
0;2.369767189025879;0;1649763789.480754
