;test/length_std;Steps;Wall_Time
0;2.0829031467437744;0;1649701668.0596144
