;test/length_std;Steps;Wall_Time
0;2.0303544998168945;0;1649763558.2490146
