;test/length_std;Steps;Wall_Time
0;1.828869104385376;0;1649761837.7085245
1;2.429948329925537;2049734;1649763164.8069022
