;std;Steps;Wall_Time
0;0.4168458580970764;5;1651500906.0551083
1;0.3453485071659088;10;1651500910.749464
2;0.32931602001190186;20;1651500919.6008747
3;0.3141535222530365;30;1651500932.7776377
4;0.32810887694358826;40;1651500950.251078
5;0.3379126191139221;50;1651500971.8746178
