;std;Steps;Wall_Time
0;0.4309054911136627;5;1651501268.515448
1;0.35052990913391113;10;1651501273.4289265
2;0.3561495244503021;20;1651501282.7310853
3;0.3759673833847046;30;1651501296.4161143
4;0.38710057735443115;40;1651501314.5346036
5;0.41456347703933716;50;1651501337.0374696
