;test/length_std;Steps;Wall_Time
0;0.0;0;1648150093.623095
1;0.0;1280000;1648154191.8972898
2;0.0;2560000;1648158557.2092762
3;0.0;3840000;1648162921.666235
4;0.0;5120000;1648167281.2989426
5;0.0;6400000;1648171643.8529534
6;0.0;7680000;1648176007.8675194
7;0.0;8960000;1648180372.8488848
8;0.0;10240000;1648184737.8693662
9;0.0;11520000;1648189103.268095
10;0.0;12800000;1648193470.0596857
11;0.0;14080000;1648197829.257755
12;0.0;15360000;1648202204.6975074
13;0.0;16640000;1648206578.555528
14;0.0;17920000;1648210953.2214346
15;0.0;19200000;1648215319.3910346
16;0.0;20480000;1648219682.903353
17;0.0;21760000;1648224047.4897838
18;0.0;23040000;1648228410.7633975
19;0.0;24320000;1648232776.7827175
20;0.0;25600000;1648237142.4670136
21;0.0;26880000;1648241506.4973965
22;0.0;28160000;1648245868.5022175
23;0.0;29440000;1648250236.731355
24;0.0;30720000;1648254615.589805
25;0.0;32000000;1648258996.1768153
26;0.0;33280000;1648263371.9708693
27;0.0;34560000;1648267748.8477702
28;0.0;35840000;1648272117.3805108
29;0.0;37120000;1648276484.3668847
30;0.0;38400000;1648280841.9103417
31;0.0;39680000;1648285198.4751735
32;0.0;40960000;1648289565.942492
33;0.0;42240000;1648291660.139293
34;0.0;43520000;1648292886.2662807
