;test/length_std;Steps;Wall_Time
0;0.0;0;1648160702.9577582
1;0.0;64000;1648161069.2938952
