;rew;Steps;Wall_Time
0;-2.1249799728393555;5;1651499483.241241
1;-2.8802497386932373;10;1651499487.6101496
2;-3.8915858268737793;20;1651499495.7726078
3;-4.710700035095215;30;1651499507.8892405
4;-5.445144176483154;40;1651499523.8855693
5;-6.1522064208984375;50;1651499543.6569004
6;-9.299371719360352;100;1651499582.8919826
