;test/reward;Steps;Wall_Time
0;3.6675500869750977;0;1649702187.152409
