;std;Steps;Wall_Time
0;0.4114612340927124;5;1651499483.241464
1;0.3406374752521515;10;1651499487.6103494
2;0.31994515657424927;20;1651499495.7728467
3;0.31068992614746094;30;1651499507.8894975
4;0.31990790367126465;40;1651499523.8858082
5;0.3403686285018921;50;1651499543.6571314
