;test/reward;Steps;Wall_Time
0;-10.351768493652344;0;1651251770.5046182
