;test/reward;Steps;Wall_Time
0;2.142334461212158;0;1649761837.7084527
1;7.879390716552734;2049734;1649763164.8068335
