;test/reward;Steps;Wall_Time
0;2.6595187187194824;0;1649701668.0595458
