;test/reward;Steps;Wall_Time
0;3.7217812538146973;0;1649763789.480684
