;test/reward;Steps;Wall_Time
0;2.695415735244751;0;1649763558.2489424
