;rew;Steps;Wall_Time
0;1.5465799570083618;20;1651502709.1198344
1;2.0896599292755127;30;1651502711.8045366
2;2.1604299545288086;40;1651502714.6161551
3;2.6477200984954834;50;1651502717.8748374
4;3.696619995785877;100;1651502720.8748374