;rew;Steps;Wall_Time
0;-2.1627814769744873;5;1651501750.4545355
1;-2.895516872406006;10;1651501755.3088717
2;-3.928513765335083;20;1651501764.6814387
3;-4.810858726501465;30;1651501778.3236938
4;-5.685633659362793;40;1651501796.4059215
5;-6.557736873626709;50;1651501818.911182
6;-10.514791488647461;100;1651501863.5839508
