;rew;Steps;Wall_Time
0;5.160669803619385;20;1651501976.7214477
1;8.048299789428711;30;1651501986.5980356
2;9.148770332336426;40;1651501997.6276915
3;10.958410263061523;50;1651502010.6028447
4;16.819509506225586;100;1651502029.9850857
