;rew;Steps;Wall_Time
0;5.016980171203613;20;1651502397.6405687
1;8.21222972869873;30;1651502407.4340122
2;9.585149765014648;40;1651502418.4962962
3;12.823559761047363;50;1651502432.7150981
4;23.04810905456543;100;1651502457.5735896
