;rew;Steps;Wall_Time
0;-2.1242592334747314;5;1651500906.0548744
1;-2.8828468322753906;10;1651500910.748819
2;-3.8982417583465576;20;1651500919.6001084
3;-4.705033779144287;30;1651500932.7773921
4;-5.447083950042725;40;1651500950.2504044
5;-6.149661064147949;50;1651500971.8738391
6;-9.282687187194824;100;1651501014.0883465
