;rew;Steps;Wall_Time
0;-4.834585666656494;20;1651526517.9521997
1;-8.081562995910645;30;1651526518.1031656
2;-9.427234649658203;40;1651526518.2704043
3;-12.775211334228516;50;1651526518.45611
4;-22.732646942138672;100;1651526518.7599869
