;rew;Steps;Wall_Time
0;-2.150036573410034;5;1651501268.5152345
1;-2.9518418312072754;10;1651501273.428622
2;-4.066646575927734;20;1651501282.7308419
3;-4.9827680587768555;30;1651501296.415877
4;-5.883059024810791;40;1651501314.5343516
5;-6.712114334106445;50;1651501337.0372314
6;-10.393939018249512;100;1651501381.6838746
