;rew;Steps;Wall_Time
0;-2.1470913887023926;5;1651501085.8517537
1;-2.901315927505493;10;1651501090.6863873
2;-3.945054531097412;20;1651501099.9494379
3;-4.825475215911865;30;1651501113.6699228
4;-5.637842178344727;40;1651501131.7633698
5;-6.449617862701416;50;1651501154.0227258
6;-9.972100257873535;100;1651501201.7239347
