;rew;Steps;Wall_Time
0;4.912899971008301;20;1651502298.9165723
1;8.097660064697266;30;1651502308.3286862
2;9.280619621276855;40;1651502318.8256986
3;12.422369956970215;50;1651502332.2326555
4;21.957969665527344;100;1651502354.2951007
