;rew;Steps;Wall_Time
0;4.546450138092041;20;1651502123.3362627
1;7.595170021057129;30;1651502132.1333554
2;8.718110084533691;40;1651502142.0283327
3;11.842140197753906;50;1651502154.650097
4;20.574539184570312;100;1651502175.2213168
