;rew;Steps;Wall_Time
0;4.802909851074219;20;1651502219.9976566
1;7.994870185852051;30;1651502229.4427264
2;9.202839851379395;40;1651502240.2931833
3;12.26809024810791;50;1651502254.0320632
4;21.669189453125;100;1651502277.3662865
