;learnrate_pg0;Steps;Wall_Time
0;9.999999747378752e-05;0;1647953877.9846675
