;std;Steps;Wall_Time
0;1.1356624364852905;20;1651502123.336812
1;1.4574576616287231;30;1651502132.1336422
2;1.6074022054672241;40;1651502142.0291128
3;1.9195524454116821;50;1651502154.650377
