;std;Steps;Wall_Time
0;1.0746632814407349;20;1651501976.7217338
1;1.45271897315979;30;1651501986.598278
2;1.6562011241912842;40;1651501997.6278656
3;2.0181548595428467;50;1651502010.6031125
4;2.7141973972320557;100;1651502029.985453
