;std;Steps;Wall_Time
0;1.0842251777648926;20;1651502219.9979267
1;1.4211465120315552;30;1651502229.4429
2;1.583999514579773;40;1651502240.2934139
3;2.0126492977142334;50;1651502254.0323005
4;3.3973240852355957;100;1651502277.3666399
