;std;Steps;Wall_Time
0;0.41223177313804626;5;1651501750.4547563
1;0.3521754741668701;10;1651501755.309149
2;0.33667299151420593;20;1651501764.6822088
3;0.36034446954727173;30;1651501778.3239458
4;0.3880535960197449;40;1651501796.406196
5;0.4602380096912384;50;1651501818.9114397
