;std;Steps;Wall_Time
0;0.39711132645606995;20;1651699393.3938448
1;0.45546120405197144;30;1651699393.477595
2;0.5029181838035583;40;1651699393.58687
3;0.5492221117019653;50;1651699393.7249281
4;0.7348010540008545;100;1651699393.9932337
