;std;Steps;Wall_Time
0;1.0664305686950684;20;1651502298.9174786
1;1.3813745975494385;30;1651502308.328964
2;1.5598055124282837;40;1651502318.825946
3;1.913231611251831;50;1651502332.2329
