;train/episode;Steps;Wall_Time
0;32.0;1280;1648149350.652714
1;32.0;2560;1648149351.752302
2;32.0;3840;1648149352.855373
3;32.0;5120;1648149353.960988
4;32.0;6400;1648149355.063286
5;32.0;7680;1648149356.1672902
6;32.0;8960;1648149357.2675288
7;32.0;10240;1648149358.3731565
8;32.0;11520;1648149359.5059469
9;32.0;12800;1648149360.6093647
