;train/episode;Steps;Wall_Time
0;32.0;1280;1647648153.064473
1;32.0;2560;1647648154.22057
2;32.0;3840;1647648155.381252
3;32.0;5120;1647648156.5375314
4;32.0;6400;1647648157.6899912
5;32.0;7680;1647648158.861339
6;32.0;8960;1647648160.012746
7;32.0;10240;1647648161.1666942
8;32.0;11520;1647648162.3197777
9;32.0;12800;1647648163.4699547
10;32.0;14080;1647648164.6190157
11;32.0;15360;1647648165.7706685
12;32.0;16640;1647648166.935292
13;32.0;17920;1647648168.0876453
14;32.0;19200;1647648169.2613776
15;32.0;20480;1647648170.411601
16;32.0;21760;1647648171.5631335
17;32.0;23040;1647648172.7168353
18;32.0;24320;1647648173.871935
19;32.0;25600;1647648175.0262518
20;32.0;26880;1647648176.180035
21;32.0;28160;1647648177.331261
22;32.0;29440;1647648178.4830434
23;32.0;30720;1647648179.6533267
24;32.0;32000;1647648180.8082743
25;32.0;33280;1647648181.9592154
26;32.0;34560;1647648183.1211174
27;32.0;35840;1647648184.2738798
28;32.0;37120;1647648185.4264975
29;32.0;38400;1647648186.577041
30;32.0;39680;1647648187.7305465
31;32.0;40960;1647648188.8853068
32;32.0;42240;1647648190.048485
