;train/episode;Steps;Wall_Time
0;32.0;1280;1648149648.6557293
1;32.0;2560;1648149649.7751226
2;32.0;3840;1648149650.8877702
3;32.0;5120;1648149652.0026362
4;32.0;6400;1648149653.1456492
5;32.0;7680;1648149654.2719018
6;32.0;8960;1648149655.3916087
7;32.0;10240;1648149656.5093584
8;32.0;11520;1648149657.626824
9;32.0;12800;1648149658.7431383
10;32.0;14080;1648149659.8522112
11;32.0;15360;1648149660.9698107
12;32.0;16640;1648149662.0877678
13;32.0;17920;1648149663.2043276
14;32.0;19200;1648149664.352736
15;32.0;20480;1648149665.4739778
16;32.0;21760;1648149666.5933945
17;32.0;23040;1648149667.7082446
18;32.0;24320;1648149668.8239398
19;32.0;25600;1648149669.9373264
20;32.0;26880;1648149671.0607765
21;32.0;28160;1648149672.1706312
22;32.0;29440;1648149673.288698
23;32.0;30720;1648149674.4301875
24;32.0;32000;1648149675.546233
25;32.0;33280;1648149676.662912
26;32.0;34560;1648149677.781214
27;32.0;35840;1648149678.9061704
28;32.0;37120;1648149680.0211866
29;32.0;38400;1648149681.13752
30;32.0;39680;1648149682.251341
31;32.0;40960;1648149683.3754332
32;32.0;42240;1648149684.4987755
33;32.0;43520;1648149685.6258214
34;32.0;44800;1648149686.7399373
35;32.0;46080;1648149687.8505528
36;32.0;47360;1648149688.9674888
37;32.0;48640;1648149690.075506
38;32.0;49920;1648149691.1933079
39;32.0;51200;1648149692.310252
40;32.0;52480;1648149693.425263
41;32.0;53760;1648149694.5388274
42;32.0;55040;1648149695.6799557
43;32.0;56320;1648149696.7972372
44;32.0;57600;1648149697.9104288
45;32.0;58880;1648149699.0203981
