;train/length;Steps;Wall_Time
0;20.0;1280;1648149350.652815
1;20.0;2560;1648149351.7523897
2;20.0;3840;1648149352.8554614
3;20.0;5120;1648149353.9610765
4;20.0;6400;1648149355.0633798
5;20.0;7680;1648149356.167377
6;20.0;8960;1648149357.2676172
7;20.0;10240;1648149358.3732505
8;20.0;11520;1648149359.5060587
9;20.0;12800;1648149360.6094549
