;train/reward;Steps;Wall_Time
0;3.7398438453674316;4952;1649763792.084408
