;rew;Steps;Wall_Time
0;2.1336429119110107;5;1651526442.7891748
1;2.8670494556427;10;1651526442.8212032
2;3.883364200592041;20;1651526442.8697958
3;4.708474159240723;30;1651526442.9624076
4;5.471884727478027;40;1651526443.0514016
5;6.169581890106201;50;1651526443.1648703
6;9.40282154083252;100;1651526443.434822
