;rew;Steps;Wall_Time
0;-4.5380778312683105;20;1651699352.2248712
1;-7.764593601226807;30;1651699352.440717
2;-8.771764755249023;40;1651699352.6307223
3;-12.16818618774414;50;1651699352.840645
4;-22.484983444213867;100;1651699353.1607432
