;rew;Steps;Wall_Time
0;4.112281322479248;20;1651699393.3936024
1;5.155414581298828;30;1651699393.4767416
2;6.208939552307129;40;1651699393.5865443
3;7.210257530212402;50;1651699393.724559
4;11.918220520019531;100;1651699393.993065
