;test/reward_std;Steps;Wall_Time
0;1.206027865409851;0;1647857787.2958443
