;test/reward_std;Steps;Wall_Time
0;1.2257000207901;0;1647648151.9133942
