;test/reward_std;Steps;Wall_Time
0;1.24189293384552;0;1647648247.572018
