;test/reward_std;Steps;Wall_Time
0;1.0942364931106567;0;1648149564.4268463
