;test/reward_std;Steps;Wall_Time
0;1.1669461727142334;0;1648160702.957735
1;0.7631792426109314;64000;1648161069.293872
