;test/reward_std;Steps;Wall_Time
0;1.0897095203399658;0;1647602799.1954882
