;test/reward_std;Steps;Wall_Time
0;1.0929261445999146;0;1648293736.987588
