;test/reward_std;Steps;Wall_Time
0;1.2395331859588623;0;1647613992.7276282
