;test/reward_std;Steps;Wall_Time
0;1.2143735885620117;0;1647648014.9274013
