;test/reward_std;Steps;Wall_Time
0;1.186233639717102;0;1647946703.7576277
