;test/reward_std;Steps;Wall_Time
0;1.1198396682739258;0;1648214893.2816327
