;test/reward_std;Steps;Wall_Time
0;1.0815047025680542;0;1648149647.5523465
