;test/reward_std;Steps;Wall_Time
0;1.0806963443756104;0;1648149349.543666
