;LR;Steps;Wall_Time
0;0.00019999999494757503;1;1649763789.5817742
