;LR;Steps;Wall_Time
0;0.00019999999494757503;1;1649702187.2455955
