;test/reward;Steps;Wall_Time
0;-10.36359691619873;0;1647648151.9133463
