;test/reward;Steps;Wall_Time
0;-10.387165069580078;0;1647857787.2957978
