;test/reward;Steps;Wall_Time
0;-7.494292736053467;0;1648214893.281548
