;test/reward;Steps;Wall_Time
0;-7.512765884399414;0;1647602799.1954358
