;test/reward;Steps;Wall_Time
0;-10.456952095031738;0;1647613992.72758
