;test/reward;Steps;Wall_Time
0;-7.542588233947754;0;1648149647.5522995
