;test/reward;Steps;Wall_Time
0;-7.354662895202637;0;1648149564.4268005
