;test/reward;Steps;Wall_Time
0;-7.299149990081787;0;1648149349.5436146
