;test/reward;Steps;Wall_Time
0;-10.460774421691895;0;1647946703.757581
