;test/reward;Steps;Wall_Time
0;-10.471808433532715;0;1647648247.5719712
