;test/reward;Steps;Wall_Time
0;-10.495664596557617;0;1647648014.9273515
