;test/reward;Steps;Wall_Time
0;-7.554957389831543;0;1648160702.9576848
1;-5.604228496551514;64000;1648161069.2938223
