;test/env_step;Steps;Wall_Time
0;0.0;0;1651177283.1220973
1;256000.0;256000;1651177589.6115608
2;512000.0;512000;1651177894.2924037
3;768000.0;768000;1651178198.219497
4;1024000.0;1024000;1651178503.6380754
5;1280000.0;1280000;1651178816.390105
6;1536000.0;1536000;1651179118.9286704
7;1792000.0;1792000;1651179428.8903863
8;2048000.0;2048000;1651179731.3753808
9;2304000.0;2304000;1651180039.0577383
10;2560000.0;2560000;1651180348.387671
11;2816000.0;2816000;1651180655.5243957
12;3072000.0;3072000;1651180960.1523921
13;3328000.0;3328000;1651181266.2532578
14;3584000.0;3584000;1651181568.0232587
15;3840000.0;3840000;1651181873.3328578
16;4096000.0;4096000;1651182180.068384
17;4352000.0;4352000;1651182486.1725945
18;4608000.0;4608000;1651182788.7760894
19;4864000.0;4864000;1651183092.8164873
20;5120000.0;5120000;1651183400.395234
21;5376000.0;5376000;1651183706.4150183
22;5632000.0;5632000;1651184013.920514
23;5888000.0;5888000;1651184317.576247
24;6144000.0;6144000;1651184624.7369978
25;6400000.0;6400000;1651184935.2387538
26;6656000.0;6656000;1651185237.558493
27;6912000.0;6912000;1651185541.805166
28;7168000.0;7168000;1651185849.520854
29;7424000.0;7424000;1651186152.4769733
30;7680000.0;7680000;1651186456.4170542
31;7936000.0;7936000;1651186756.41628
32;8192000.0;8192000;1651187067.5547776
33;8448000.0;8448000;1651187368.9038603
34;8704000.0;8704000;1651187672.2639089
35;8960000.0;8960000;1651187976.6600504
36;9216000.0;9216000;1651188280.4975388
37;9472000.0;9472000;1651188583.9528892
38;9728000.0;9728000;1651188884.447054
39;9984000.0;9984000;1651189194.332637
40;10240000.0;10240000;1651189496.7225566
41;10496000.0;10496000;1651189801.6295066
42;10752000.0;10752000;1651190108.1688433
43;11008000.0;11008000;1651190409.7647548
44;11264000.0;11264000;1651190718.5586958
45;11520000.0;11520000;1651191021.5657477
46;11776000.0;11776000;1651191327.2447498
47;12032000.0;12032000;1651191630.2848468
48;12288000.0;12288000;1651191929.250113
49;12544000.0;12544000;1651192238.6256535
50;12800000.0;12800000;1651192540.6104195
