;test/env_step;Steps;Wall_Time
0;0.0;0;1651158971.8693695
1;1024000.0;1024000;1651160278.5936885
2;2048000.0;2048000;1651161592.3827002
3;3072000.0;3072000;1651162886.1628523
4;4096000.0;4096000;1651164190.4939313
5;5120000.0;5120000;1651165496.29526
6;6144000.0;6144000;1651166795.7733967
7;7168000.0;7168000;1651168103.125653
8;8192000.0;8192000;1651169418.800004
9;9216000.0;9216000;1651170718.7506728
10;10240000.0;10240000;1651172017.6246283
11;11264000.0;11264000;1651173324.741148
12;12288000.0;12288000;1651174638.0939336
13;13312000.0;13312000;1651175943.6888719
14;14336000.0;14336000;1651177238.762312
15;15360000.0;15360000;1651178531.4177206
16;16384000.0;16384000;1651179823.2323997
17;17408000.0;17408000;1651181113.7794757
18;18432000.0;18432000;1651182404.333786
19;19456000.0;19456000;1651183692.686371
20;20480000.0;20480000;1651185057.529064
21;21504000.0;21504000;1651187046.0466893
22;22528000.0;22528000;1651188967.8515358
23;23552000.0;23552000;1651190879.374683
24;24576000.0;24576000;1651192789.8687885
25;25600000.0;25600000;1651194702.0589373
26;26624000.0;26624000;1651196612.9906883
27;27648000.0;27648000;1651198523.374036
28;28672000.0;28672000;1651200433.761708
29;29696000.0;29696000;1651202344.1918097
30;30720000.0;30720000;1651204258.3202488
31;31744000.0;31744000;1651206169.55151
32;32768000.0;32768000;1651208079.961435
33;33792000.0;33792000;1651209988.1727564
34;34816000.0;34816000;1651211897.912193
35;35840000.0;35840000;1651213807.7114685
36;36864000.0;36864000;1651215720.4370918
37;37888000.0;37888000;1651217630.6012151
38;38912000.0;38912000;1651219544.1868887
39;39936000.0;39936000;1651221288.9209647
40;40960000.0;40960000;1651222584.7208529
41;41984000.0;41984000;1651223881.6610768
42;43008000.0;43008000;1651225176.5126812
43;44032000.0;44032000;1651226469.030885
44;45056000.0;45056000;1651227767.8901775
45;46080000.0;46080000;1651229053.7802799
46;47104000.0;47104000;1651230344.9992406
47;48128000.0;48128000;1651231642.9348528
48;49152000.0;49152000;1651232952.8153603
49;50176000.0;50176000;1651234265.2045932
50;51200000.0;51200000;1651235359.9307375
