;test/env_step;Steps;Wall_Time
0;0.0;0;1651159122.5756457
1;256000.0;256000;1651159445.5640843
2;512000.0;512000;1651159767.624611
3;768000.0;768000;1651160091.5768666
4;1024000.0;1024000;1651160416.8376832
5;1280000.0;1280000;1651160742.9882338
6;1536000.0;1536000;1651161066.855484
7;1792000.0;1792000;1651161389.3310711
8;2048000.0;2048000;1651161713.5970829
9;2304000.0;2304000;1651162036.6413596
10;2560000.0;2560000;1651162361.5717595
11;2816000.0;2816000;1651162685.5001132
12;3072000.0;3072000;1651163008.7500632
13;3328000.0;3328000;1651163333.2928572
14;3584000.0;3584000;1651163659.7481885
15;3840000.0;3840000;1651163986.0679498
16;4096000.0;4096000;1651164310.6563358
17;4352000.0;4352000;1651164632.8190868
18;4608000.0;4608000;1651164955.647663
19;4864000.0;4864000;1651165278.3933976
20;5120000.0;5120000;1651165602.3528552
21;5376000.0;5376000;1651165927.1313872
22;5632000.0;5632000;1651166252.0653257
23;5888000.0;5888000;1651166585.8804924
24;6144000.0;6144000;1651166916.554276
25;6400000.0;6400000;1651167250.529491
26;6656000.0;6656000;1651167575.562794
27;6912000.0;6912000;1651167898.6398103
28;7168000.0;7168000;1651168225.8941307
29;7424000.0;7424000;1651168560.3829901
30;7680000.0;7680000;1651168884.7429774
31;7936000.0;7936000;1651169208.6486049
32;8192000.0;8192000;1651169535.350263
33;8448000.0;8448000;1651169860.65439
34;8704000.0;8704000;1651170184.5223756
35;8960000.0;8960000;1651170509.7017076
36;9216000.0;9216000;1651170832.6428702
37;9472000.0;9472000;1651171156.8092208
38;9728000.0;9728000;1651171482.453377
39;9984000.0;9984000;1651171806.999575
40;10240000.0;10240000;1651172129.736162
41;10496000.0;10496000;1651172453.9972908
42;10752000.0;10752000;1651172778.596182
43;11008000.0;11008000;1651173102.7262928
44;11264000.0;11264000;1651173427.9296768
45;11520000.0;11520000;1651173753.5212011
46;11776000.0;11776000;1651174077.525046
47;12032000.0;12032000;1651174401.1753888
48;12288000.0;12288000;1651174725.83449
49;12544000.0;12544000;1651175049.3017795
50;12800000.0;12800000;1651175372.9628365
