;test/env_step;Steps;Wall_Time
0;0.0;0;1651251080.2838378
1;51200.0;51200;1651251103.242736
2;102400.0;102400;1651251125.3341825
3;153600.0;153600;1651251146.789368
4;204800.0;204800;1651251168.5686686
5;256000.0;256000;1651251189.9948342
6;307200.0;307200;1651251211.4623957
7;358400.0;358400;1651251232.5226543
8;409600.0;409600;1651251253.6549337
9;460800.0;460800;1651251275.1536407
10;512000.0;512000;1651251296.2895403
11;563200.0;563200;1651251317.9554923
12;614400.0;614400;1651251339.405165
13;665600.0;665600;1651251361.3549807
14;716800.0;716800;1651251382.671679
15;768000.0;768000;1651251404.0795836
16;819200.0;819200;1651251425.3012967
17;870400.0;870400;1651251446.370722
18;921600.0;921600;1651251468.0999854
19;972800.0;972800;1651251489.7001734
20;1024000.0;1024000;1651251511.7153478
21;1075200.0;1075200;1651251532.7843223
22;1126400.0;1126400;1651251554.017331
23;1177600.0;1177600;1651251574.8716447
24;1228800.0;1228800;1651251595.7464688
25;1280000.0;1280000;1651251616.9135273
26;1331200.0;1331200;1651251638.1749651
27;1382400.0;1382400;1651251659.3316698
28;1433600.0;1433600;1651251680.6218822
29;1484800.0;1484800;1651251702.193909
30;1536000.0;1536000;1651251723.8019302
31;1587200.0;1587200;1651251744.9763262
32;1638400.0;1638400;1651251766.993624
33;1689600.0;1689600;1651251788.5972915
34;1740800.0;1740800;1651251810.046555
35;1792000.0;1792000;1651251831.419803
36;1843200.0;1843200;1651251853.9595644
37;1894400.0;1894400;1651251876.1391516
38;1945600.0;1945600;1651251898.253484
