;test/env_step;Steps;Wall_Time
0;0.0;0;1651158867.869305
1;1024000.0;1024000;1651160027.341482
2;2048000.0;2048000;1651161336.2964728
3;3072000.0;3072000;1651162635.0066063
4;4096000.0;4096000;1651163932.4363441
5;5120000.0;5120000;1651165229.8558228
6;6144000.0;6144000;1651166535.7795212
7;7168000.0;7168000;1651167835.1588383
8;8192000.0;8192000;1651169152.647611
9;9216000.0;9216000;1651170454.200521
10;10240000.0;10240000;1651171750.6338303
11;11264000.0;11264000;1651173046.199182
12;12288000.0;12288000;1651174357.020084
13;13312000.0;13312000;1651175661.5735161
14;14336000.0;14336000;1651176952.6526618
15;15360000.0;15360000;1651178245.5278938
16;16384000.0;16384000;1651179532.4648495
17;17408000.0;17408000;1651180824.9527981
18;18432000.0;18432000;1651182115.4335601
19;19456000.0;19456000;1651183402.4358554
20;20480000.0;20480000;1651184687.433783
21;21504000.0;21504000;1651186587.4365354
22;22528000.0;22528000;1651188530.153799
23;23552000.0;23552000;1651190440.7443256
24;24576000.0;24576000;1651192350.8881352
25;25600000.0;25600000;1651194261.6283991
26;26624000.0;26624000;1651196171.081338
27;27648000.0;27648000;1651198082.6157868
28;28672000.0;28672000;1651199991.0315006
29;29696000.0;29696000;1651201902.4798071
30;30720000.0;30720000;1651203814.6239874
31;31744000.0;31744000;1651205725.0858319
32;32768000.0;32768000;1651207635.9558427
33;33792000.0;33792000;1651209548.2477763
34;34816000.0;34816000;1651211457.980795
35;35840000.0;35840000;1651213371.1833947
36;36864000.0;36864000;1651215282.335534
37;37888000.0;37888000;1651217192.416937
38;38912000.0;38912000;1651219102.8239563
39;39936000.0;39936000;1651220991.095292
40;40960000.0;40960000;1651222284.5055053
41;41984000.0;41984000;1651223593.3294842
42;43008000.0;43008000;1651224887.6089516
43;44032000.0;44032000;1651226174.5858564
44;45056000.0;45056000;1651227465.068657
45;46080000.0;46080000;1651228760.6180468
46;47104000.0;47104000;1651230049.6959493
47;48128000.0;48128000;1651231343.4239578
48;49152000.0;49152000;1651232653.788513
49;50176000.0;50176000;1651233962.965737
50;51200000.0;51200000;1651235254.2902277
