;test/env_step;Steps;Wall_Time
0;0.0;0;1651184902.525336
1;64000.0;64000;1651185078.3893275
2;128000.0;128000;1651185262.2322626
3;192000.0;192000;1651185445.811896
4;256000.0;256000;1651185629.8568833
5;320000.0;320000;1651185813.7648852
6;384000.0;384000;1651185997.528095
7;448000.0;448000;1651186179.6394823
8;512000.0;512000;1651186365.0235846
9;576000.0;576000;1651186548.7905524
10;640000.0;640000;1651186729.3208566
11;704000.0;704000;1651186910.0076966
12;768000.0;768000;1651187090.566371
13;832000.0;832000;1651187271.530495
14;896000.0;896000;1651187454.3979292
