;test/env_step;Steps;Wall_Time
0;0.0;0;1648970345.092548
1;256000.0;256000;1648970469.1590106
2;512000.0;512000;1648970593.2044165
3;768000.0;768000;1648970717.1578085
4;1024000.0;1024000;1648970841.2780101
5;1280000.0;1280000;1648970965.275344
6;1536000.0;1536000;1648971089.1352894
7;1792000.0;1792000;1648971212.8941076
8;2048000.0;2048000;1648971336.850904
9;2304000.0;2304000;1648971460.8345509
10;2560000.0;2560000;1648971584.5795567
11;2816000.0;2816000;1648971708.3312755
12;3072000.0;3072000;1648971832.155295
13;3328000.0;3328000;1648971956.104903
14;3584000.0;3584000;1648972079.9190223
15;3840000.0;3840000;1648972203.8267987
16;4096000.0;4096000;1648972327.6646209
17;4352000.0;4352000;1648972450.9791691
18;4608000.0;4608000;1648972574.3652983
19;4864000.0;4864000;1648972697.6957924
20;5120000.0;5120000;1648972821.025683
21;5376000.0;5376000;1648972944.1901236
22;5632000.0;5632000;1648973067.550397
23;5888000.0;5888000;1648973190.8260462
24;6144000.0;6144000;1648973314.0468504
25;6400000.0;6400000;1648973437.178372
26;6656000.0;6656000;1648973560.5294156
27;6912000.0;6912000;1648973683.792134
28;7168000.0;7168000;1648973807.0580492
29;7424000.0;7424000;1648973930.352572
30;7680000.0;7680000;1648974053.5979285
31;7936000.0;7936000;1648974176.8229887
32;8192000.0;8192000;1648974300.0789444
33;8448000.0;8448000;1648974423.471571
34;8704000.0;8704000;1648974546.8545482
35;8960000.0;8960000;1648974670.059907
36;9216000.0;9216000;1648974793.2011735
37;9472000.0;9472000;1648974916.435961
38;9728000.0;9728000;1648975039.7135847
39;9984000.0;9984000;1648975163.0084178
40;10240000.0;10240000;1648975286.440406
41;10496000.0;10496000;1648975409.907813
42;10752000.0;10752000;1648975533.4719374
43;11008000.0;11008000;1648975657.2581747
44;11264000.0;11264000;1648975781.7598822
45;11520000.0;11520000;1648975905.7082589
46;11776000.0;11776000;1648976029.3913238
47;12032000.0;12032000;1648976153.4091103
48;12288000.0;12288000;1648976277.5736952
49;12544000.0;12544000;1648976401.5542865
50;12800000.0;12800000;1648976525.3518457
