;test/env_step;Steps;Wall_Time
0;0.0;0;1648876129.7541869
1;256000.0;256000;1648876260.5888345
2;512000.0;512000;1648876385.1562543
3;768000.0;768000;1648876509.5435996
4;1024000.0;1024000;1648876634.4053333
5;1280000.0;1280000;1648876762.3554795
6;1536000.0;1536000;1648876890.0291667
7;1792000.0;1792000;1648877017.53149
8;2048000.0;2048000;1648877145.3309042
9;2304000.0;2304000;1648877272.912141
10;2560000.0;2560000;1648877399.9165134
11;2816000.0;2816000;1648877527.4287467
12;3072000.0;3072000;1648877655.1343253
13;3328000.0;3328000;1648877782.1107674
14;3584000.0;3584000;1648877908.6141028
15;3840000.0;3840000;1648878035.2483118
16;4096000.0;4096000;1648878162.2959168
17;4352000.0;4352000;1648878289.2926335
18;4608000.0;4608000;1648878416.606518
19;4864000.0;4864000;1648878543.7228322
20;5120000.0;5120000;1648878671.1885457
21;5376000.0;5376000;1648878798.7323034
22;5632000.0;5632000;1648878925.7894294
23;5888000.0;5888000;1648879052.831772
24;6144000.0;6144000;1648879179.9655893
25;6400000.0;6400000;1648879307.8777797
26;6656000.0;6656000;1648879434.7537587
27;6912000.0;6912000;1648879561.7209918
28;7168000.0;7168000;1648879688.887088
29;7424000.0;7424000;1648879815.6538103
30;7680000.0;7680000;1648879942.5617378
31;7936000.0;7936000;1648880069.292188
32;8192000.0;8192000;1648880195.9987009
33;8448000.0;8448000;1648880323.0395334
34;8704000.0;8704000;1648880450.503628
35;8960000.0;8960000;1648880577.1647866
36;9216000.0;9216000;1648880703.8657107
37;9472000.0;9472000;1648880831.1262095
38;9728000.0;9728000;1648880958.2132359
39;9984000.0;9984000;1648881085.2407098
40;10240000.0;10240000;1648881212.6391263
41;10496000.0;10496000;1648881339.8318346
42;10752000.0;10752000;1648881466.9392433
43;11008000.0;11008000;1648881594.0905676
44;11264000.0;11264000;1648881721.4020557
45;11520000.0;11520000;1648881848.8642533
46;11776000.0;11776000;1648881976.1686423
47;12032000.0;12032000;1648882103.6893842
48;12288000.0;12288000;1648882231.1729887
49;12544000.0;12544000;1648882357.8894997
50;12800000.0;12800000;1648882484.633749
