;test/env_step;Steps;Wall_Time
0;0.0;0;1648924671.6226978
1;256000.0;256000;1648924764.5813382
2;512000.0;512000;1648924857.5050745
3;768000.0;768000;1648924950.1180177
4;1024000.0;1024000;1648925043.0550427
5;1280000.0;1280000;1648925135.8986356
6;1536000.0;1536000;1648925228.8598008
7;1792000.0;1792000;1648925321.7749844
8;2048000.0;2048000;1648925414.7233982
9;2304000.0;2304000;1648925507.5599222
10;2560000.0;2560000;1648925600.2263775
11;2816000.0;2816000;1648925693.043424
12;3072000.0;3072000;1648925785.9355195
13;3328000.0;3328000;1648925878.8695493
14;3584000.0;3584000;1648925971.5678377
15;3840000.0;3840000;1648926064.3133047
16;4096000.0;4096000;1648926156.98164
17;4352000.0;4352000;1648926249.8086553
18;4608000.0;4608000;1648926342.928324
19;4864000.0;4864000;1648926435.7967017
20;5120000.0;5120000;1648926528.615408
21;5376000.0;5376000;1648926621.4445438
22;5632000.0;5632000;1648926713.898192
23;5888000.0;5888000;1648926806.7165265
24;6144000.0;6144000;1648926899.7065263
25;6400000.0;6400000;1648926992.6610122
26;6656000.0;6656000;1648927085.494558
27;6912000.0;6912000;1648927178.6580045
28;7168000.0;7168000;1648927271.957145
29;7424000.0;7424000;1648927365.1602902
30;7680000.0;7680000;1648927458.1883821
31;7936000.0;7936000;1648927551.3740802
32;8192000.0;8192000;1648927644.434018
33;8448000.0;8448000;1648927737.2813537
34;8704000.0;8704000;1648927830.0720205
35;8960000.0;8960000;1648927922.9700682
36;9216000.0;9216000;1648928015.5759616
37;9472000.0;9472000;1648928108.3928592
38;9728000.0;9728000;1648928200.9415452
39;9984000.0;9984000;1648928293.734024
40;10240000.0;10240000;1648928386.412214
41;10496000.0;10496000;1648928479.1225154
42;10752000.0;10752000;1648928571.5979435
43;11008000.0;11008000;1648928663.6015158
44;11264000.0;11264000;1648928755.86165
45;11520000.0;11520000;1648928848.1151576
46;11776000.0;11776000;1648928940.5874891
47;12032000.0;12032000;1648929033.0804555
48;12288000.0;12288000;1648929125.2549398
49;12544000.0;12544000;1648929217.499072
50;12800000.0;12800000;1648929309.8013737
