;test/env_step;Steps;Wall_Time
0;0.0;0;1650717839.4116495
1;256000.0;256000;1650717938.3819191
2;512000.0;512000;1650718037.3025486
3;768000.0;768000;1650718135.9367378
4;1024000.0;1024000;1650718234.2792537
5;1280000.0;1280000;1650718332.3704424
6;1536000.0;1536000;1650718430.4149585
7;1792000.0;1792000;1650718528.4542127
8;2048000.0;2048000;1650718626.6693356
9;2304000.0;2304000;1650718724.4514592
10;2560000.0;2560000;1650718822.9260945
11;2816000.0;2816000;1650718921.35707
12;3072000.0;3072000;1650719019.8665552
13;3328000.0;3328000;1650719118.1827052
14;3584000.0;3584000;1650719216.632708
15;3840000.0;3840000;1650719314.7387023
16;4096000.0;4096000;1650719413.1889546
17;4352000.0;4352000;1650719511.6662593
18;4608000.0;4608000;1650719610.2666478
19;4864000.0;4864000;1650719709.3655307
20;5120000.0;5120000;1650719808.7315865
21;5376000.0;5376000;1650719907.5309107
22;5632000.0;5632000;1650720006.222433
23;5888000.0;5888000;1650720104.312572
24;6144000.0;6144000;1650720202.3524969
25;6400000.0;6400000;1650720300.9269598
26;6656000.0;6656000;1650720399.4285748
27;6912000.0;6912000;1650720498.1705732
28;7168000.0;7168000;1650720596.963054
29;7424000.0;7424000;1650720695.7309802
30;7680000.0;7680000;1650720794.2053273
31;7936000.0;7936000;1650720892.3740733
32;8192000.0;8192000;1650720990.5732052
33;8448000.0;8448000;1650721088.7433476
34;8704000.0;8704000;1650721187.0778558
35;8960000.0;8960000;1650721285.178967
36;9216000.0;9216000;1650721383.1557817
37;9472000.0;9472000;1650721481.0936449
38;9728000.0;9728000;1650721578.749659
39;9984000.0;9984000;1650721676.7194564
40;10240000.0;10240000;1650721774.6616404
41;10496000.0;10496000;1650721872.2392743
42;10752000.0;10752000;1650721970.0833743
43;11008000.0;11008000;1650722068.5664806
44;11264000.0;11264000;1650722167.160713
45;11520000.0;11520000;1650722265.686397
46;11776000.0;11776000;1650722364.414893
47;12032000.0;12032000;1650722463.3092282
48;12288000.0;12288000;1650722562.31608
49;12544000.0;12544000;1650722660.9135704
50;12800000.0;12800000;1650722759.593035
