;test/env_step;Steps;Wall_Time
0;0.0;0;1650764847.8121374
1;256000.0;256000;1650764973.09121
2;512000.0;512000;1650765097.6681957
3;768000.0;768000;1650765222.2863564
4;1024000.0;1024000;1650765346.7987638
5;1280000.0;1280000;1650765471.8355405
6;1536000.0;1536000;1650765596.4327953
7;1792000.0;1792000;1650765720.9579487
8;2048000.0;2048000;1650765845.2818618
9;2304000.0;2304000;1650765970.1598036
10;2560000.0;2560000;1650766095.4989538
11;2816000.0;2816000;1650766220.5682828
12;3072000.0;3072000;1650766345.8081741
13;3328000.0;3328000;1650766471.153692
14;3584000.0;3584000;1650766596.293951
15;3840000.0;3840000;1650766721.1732032
16;4096000.0;4096000;1650766846.2262218
17;4352000.0;4352000;1650766972.0876744
18;4608000.0;4608000;1650767097.5891242
19;4864000.0;4864000;1650767222.84646
20;5120000.0;5120000;1650767347.733881
21;5376000.0;5376000;1650767473.0469675
22;5632000.0;5632000;1650767598.597771
23;5888000.0;5888000;1650767724.3104935
24;6144000.0;6144000;1650767849.7825496
25;6400000.0;6400000;1650767975.5267298
26;6656000.0;6656000;1650768101.3069115
27;6912000.0;6912000;1650768227.0580153
28;7168000.0;7168000;1650768352.9188864
29;7424000.0;7424000;1650768478.4814296
30;7680000.0;7680000;1650768604.0737813
31;7936000.0;7936000;1650768729.2984643
32;8192000.0;8192000;1650768854.6776428
33;8448000.0;8448000;1650768980.1846344
34;8704000.0;8704000;1650769105.5115054
35;8960000.0;8960000;1650769230.326136
36;9216000.0;9216000;1650769354.8837237
37;9472000.0;9472000;1650769479.303705
38;9728000.0;9728000;1650769604.337219
39;9984000.0;9984000;1650769729.2235801
40;10240000.0;10240000;1650769854.4661543
41;10496000.0;10496000;1650769979.2350986
42;10752000.0;10752000;1650770103.766176
43;11008000.0;11008000;1650770228.7615938
44;11264000.0;11264000;1650770353.9480703
45;11520000.0;11520000;1650770478.971804
46;11776000.0;11776000;1650770603.4687712
47;12032000.0;12032000;1650770727.7675364
48;12288000.0;12288000;1650770852.162433
49;12544000.0;12544000;1650770976.5930512
50;12800000.0;12800000;1650771100.7845135
