;test/env_step;Steps;Wall_Time
0;0.0;0;1649480892.7577183
1;256000.0;256000;1649480989.359526
2;512000.0;512000;1649481085.923645
3;768000.0;768000;1649481182.4225976
4;1024000.0;1024000;1649481278.6658032
5;1280000.0;1280000;1649481375.0750706
6;1536000.0;1536000;1649481471.4911406
7;1792000.0;1792000;1649481568.0935807
8;2048000.0;2048000;1649481664.828442
9;2304000.0;2304000;1649481761.4128137
10;2560000.0;2560000;1649481857.7578552
11;2816000.0;2816000;1649481954.305292
12;3072000.0;3072000;1649482050.8129299
13;3328000.0;3328000;1649482147.1491637
14;3584000.0;3584000;1649482243.622848
15;3840000.0;3840000;1649482339.9005067
16;4096000.0;4096000;1649482436.4122581
17;4352000.0;4352000;1649482532.8485904
18;4608000.0;4608000;1649482629.2108243
19;4864000.0;4864000;1649482739.9600656
20;5120000.0;5120000;1649482851.6611211
21;5376000.0;5376000;1649482963.2904153
22;5632000.0;5632000;1649483074.7724872
23;5888000.0;5888000;1649483177.3377802
24;6144000.0;6144000;1649483272.765847
25;6400000.0;6400000;1649483368.225703
26;6656000.0;6656000;1649483463.6347904
27;6912000.0;6912000;1649483559.1849859
28;7168000.0;7168000;1649483654.5146434
29;7424000.0;7424000;1649483749.8244202
30;7680000.0;7680000;1649483845.115218
31;7936000.0;7936000;1649483940.5044029
32;8192000.0;8192000;1649484035.971045
33;8448000.0;8448000;1649484131.3498347
34;8704000.0;8704000;1649484226.6676967
35;8960000.0;8960000;1649484322.2130919
36;9216000.0;9216000;1649484417.4813335
37;9472000.0;9472000;1649484512.843426
38;9728000.0;9728000;1649484608.128615
39;9984000.0;9984000;1649484703.4844863
40;10240000.0;10240000;1649484798.7869978
41;10496000.0;10496000;1649484894.0660207
42;10752000.0;10752000;1649484989.4928443
43;11008000.0;11008000;1649485084.8969653
44;11264000.0;11264000;1649485180.1956928
45;11520000.0;11520000;1649485275.5489943
46;11776000.0;11776000;1649485370.8112981
47;12032000.0;12032000;1649485468.990082
48;12288000.0;12288000;1649485571.6284456
49;12544000.0;12544000;1649485667.5553498
50;12800000.0;12800000;1649485763.0744822
