;test/env_step;Steps;Wall_Time
0;0.0;0;1648909953.018691
1;256000.0;256000;1648910114.1085572
2;512000.0;512000;1648910274.97109
3;768000.0;768000;1648910435.8668985
4;1024000.0;1024000;1648910596.6433911
5;1280000.0;1280000;1648910757.3407786
6;1536000.0;1536000;1648910917.9767642
7;1792000.0;1792000;1648911078.6398292
8;2048000.0;2048000;1648911233.4695964
9;2304000.0;2304000;1648911378.780709
10;2560000.0;2560000;1648911524.1876805
11;2816000.0;2816000;1648911669.667924
12;3072000.0;3072000;1648911815.2123048
13;3328000.0;3328000;1648911960.780388
14;3584000.0;3584000;1648912106.6636717
15;3840000.0;3840000;1648912252.4289308
16;4096000.0;4096000;1648912398.3765535
17;4352000.0;4352000;1648912544.2255473
18;4608000.0;4608000;1648912690.0866027
19;4864000.0;4864000;1648912835.8032942
20;5120000.0;5120000;1648912981.4889011
21;5376000.0;5376000;1648913127.0564847
22;5632000.0;5632000;1648913272.6953716
23;5888000.0;5888000;1648913418.200926
24;6144000.0;6144000;1648913563.3986008
25;6400000.0;6400000;1648913708.9928267
26;6656000.0;6656000;1648913864.5805542
27;6912000.0;6912000;1648914025.15844
28;7168000.0;7168000;1648914185.9608002
29;7424000.0;7424000;1648914346.6543813
30;7680000.0;7680000;1648914507.3399253
31;7936000.0;7936000;1648914660.5494704
32;8192000.0;8192000;1648914805.5950727
33;8448000.0;8448000;1648914950.5050151
34;8704000.0;8704000;1648915095.3366857
35;8960000.0;8960000;1648915241.0395792
36;9216000.0;9216000;1648915386.874854
37;9472000.0;9472000;1648915532.747746
38;9728000.0;9728000;1648915679.1614501
39;9984000.0;9984000;1648915825.2900949
40;10240000.0;10240000;1648915970.5970004
41;10496000.0;10496000;1648916115.9680686
42;10752000.0;10752000;1648916261.3006365
43;11008000.0;11008000;1648916407.0199318
44;11264000.0;11264000;1648916552.714627
45;11520000.0;11520000;1648916698.3812304
46;11776000.0;11776000;1648916843.914049
47;12032000.0;12032000;1648916989.6743708
48;12288000.0;12288000;1648917135.1498888
49;12544000.0;12544000;1648917280.7953608
50;12800000.0;12800000;1648917426.5320332
