;test/env_step;Steps;Wall_Time
0;0.0;0;1649555465.8136163
1;256000.0;256000;1649555565.2327578
2;512000.0;512000;1649555664.6555169
3;768000.0;768000;1649555778.655369
4;1024000.0;1024000;1649555892.876896
5;1280000.0;1280000;1649556006.6765003
6;1536000.0;1536000;1649556120.290288
7;1792000.0;1792000;1649556233.9400089
8;2048000.0;2048000;1649556347.5966253
9;2304000.0;2304000;1649556461.114164
10;2560000.0;2560000;1649556574.635777
11;2816000.0;2816000;1649556688.1783955
12;3072000.0;3072000;1649556801.931145
13;3328000.0;3328000;1649556915.6052964
14;3584000.0;3584000;1649557029.2647922
15;3840000.0;3840000;1649557131.3820302
16;4096000.0;4096000;1649557229.4705193
17;4352000.0;4352000;1649557327.461616
18;4608000.0;4608000;1649557425.4708846
19;4864000.0;4864000;1649557523.4111094
20;5120000.0;5120000;1649557621.4592407
21;5376000.0;5376000;1649557719.4783764
22;5632000.0;5632000;1649557817.4602747
23;5888000.0;5888000;1649557915.5515225
24;6144000.0;6144000;1649558013.5531783
25;6400000.0;6400000;1649558111.668245
26;6656000.0;6656000;1649558210.3174696
27;6912000.0;6912000;1649558309.3943014
28;7168000.0;7168000;1649558408.5462408
29;7424000.0;7424000;1649558507.6943064
30;7680000.0;7680000;1649558606.7756178
31;7936000.0;7936000;1649558705.9148154
32;8192000.0;8192000;1649558805.015203
33;8448000.0;8448000;1649558904.460594
34;8704000.0;8704000;1649559004.009291
35;8960000.0;8960000;1649559103.3717115
36;9216000.0;9216000;1649559203.0030372
37;9472000.0;9472000;1649559302.6013327
38;9728000.0;9728000;1649559402.2336466
39;9984000.0;9984000;1649559501.7506523
40;10240000.0;10240000;1649559601.2824366
41;10496000.0;10496000;1649559700.138903
42;10752000.0;10752000;1649559798.539399
43;11008000.0;11008000;1649559897.2159398
44;11264000.0;11264000;1649559995.5298617
45;11520000.0;11520000;1649560093.7463658
46;11776000.0;11776000;1649560192.0021691
47;12032000.0;12032000;1649560290.2932703
48;12288000.0;12288000;1649560403.1558087
49;12544000.0;12544000;1649560516.960642
50;12800000.0;12800000;1649560625.2872791
