;test/env_step;Steps;Wall_Time
0;0.0;0;1650732921.4324615
1;256000.0;256000;1650733021.717334
2;512000.0;512000;1650733121.0639126
3;768000.0;768000;1650733220.456047
4;1024000.0;1024000;1650733319.6499565
5;1280000.0;1280000;1650733419.0701563
6;1536000.0;1536000;1650733518.7384481
7;1792000.0;1792000;1650733618.6119766
8;2048000.0;2048000;1650733718.2183754
9;2304000.0;2304000;1650733817.9180381
10;2560000.0;2560000;1650733917.3338165
11;2816000.0;2816000;1650734017.2408876
12;3072000.0;3072000;1650734117.2725482
13;3328000.0;3328000;1650734217.3892422
14;3584000.0;3584000;1650734316.7368777
15;3840000.0;3840000;1650734416.893998
16;4096000.0;4096000;1650734517.500585
17;4352000.0;4352000;1650734624.852929
18;4608000.0;4608000;1650734740.2187366
19;4864000.0;4864000;1650734843.7771578
20;5120000.0;5120000;1650734943.0267525
21;5376000.0;5376000;1650735042.6798987
22;5632000.0;5632000;1650735142.3926141
23;5888000.0;5888000;1650735242.138782
24;6144000.0;6144000;1650735341.6474018
25;6400000.0;6400000;1650735441.285207
26;6656000.0;6656000;1650735540.8377905
27;6912000.0;6912000;1650735640.8385384
28;7168000.0;7168000;1650735740.401596
29;7424000.0;7424000;1650735839.7665544
30;7680000.0;7680000;1650735939.5193615
31;7936000.0;7936000;1650736039.4618487
32;8192000.0;8192000;1650736139.611831
33;8448000.0;8448000;1650736239.646159
34;8704000.0;8704000;1650736339.9253116
35;8960000.0;8960000;1650736440.287692
36;9216000.0;9216000;1650736540.0497587
37;9472000.0;9472000;1650736640.15728
38;9728000.0;9728000;1650736739.7301595
39;9984000.0;9984000;1650736840.0195177
40;10240000.0;10240000;1650736940.331637
41;10496000.0;10496000;1650737040.8318212
42;10752000.0;10752000;1650737141.1226046
43;11008000.0;11008000;1650737240.8806157
44;11264000.0;11264000;1650737340.627197
45;11520000.0;11520000;1650737440.43598
46;11776000.0;11776000;1650737539.316978
47;12032000.0;12032000;1650737638.101777
48;12288000.0;12288000;1650737744.0653224
49;12544000.0;12544000;1650737857.8047957
50;12800000.0;12800000;1650737960.7483976
