;test/env_step;Steps;Wall_Time
0;0.0;0;1648948220.3897028
1;256000.0;256000;1648948316.329098
2;512000.0;512000;1648948412.111867
3;768000.0;768000;1648948507.717075
4;1024000.0;1024000;1648948603.5573814
5;1280000.0;1280000;1648948699.3909538
6;1536000.0;1536000;1648948795.0789602
7;1792000.0;1792000;1648948890.7184627
8;2048000.0;2048000;1648948986.7146616
9;2304000.0;2304000;1648949082.6503086
10;2560000.0;2560000;1648949178.6137912
11;2816000.0;2816000;1648949274.7814686
12;3072000.0;3072000;1648949370.917734
13;3328000.0;3328000;1648949467.052965
14;3584000.0;3584000;1648949563.0824497
15;3840000.0;3840000;1648949659.1200929
16;4096000.0;4096000;1648949755.2616696
17;4352000.0;4352000;1648949851.3051617
18;4608000.0;4608000;1648949947.3940496
19;4864000.0;4864000;1648950043.500535
20;5120000.0;5120000;1648950139.5068483
21;5376000.0;5376000;1648950235.4735818
22;5632000.0;5632000;1648950331.3951
23;5888000.0;5888000;1648950427.5288868
24;6144000.0;6144000;1648950523.5387142
25;6400000.0;6400000;1648950619.5332694
26;6656000.0;6656000;1648950715.5523596
27;6912000.0;6912000;1648950811.593433
28;7168000.0;7168000;1648950907.6179028
29;7424000.0;7424000;1648951003.5969837
30;7680000.0;7680000;1648951099.6204317
31;7936000.0;7936000;1648951195.6164732
32;8192000.0;8192000;1648951291.6759574
33;8448000.0;8448000;1648951387.7425592
34;8704000.0;8704000;1648951483.8784063
35;8960000.0;8960000;1648951579.9511828
36;9216000.0;9216000;1648951675.8461463
37;9472000.0;9472000;1648951771.806809
38;9728000.0;9728000;1648951867.6554816
39;9984000.0;9984000;1648951963.5880153
40;10240000.0;10240000;1648952059.5129642
41;10496000.0;10496000;1648952155.3914545
42;10752000.0;10752000;1648952251.3862767
43;11008000.0;11008000;1648952347.2835927
44;11264000.0;11264000;1648952443.1301808
45;11520000.0;11520000;1648952539.0215907
46;11776000.0;11776000;1648952635.0554693
47;12032000.0;12032000;1648952731.0672543
48;12288000.0;12288000;1648952826.9828432
49;12544000.0;12544000;1648952922.936914
50;12800000.0;12800000;1648953018.891472
