;test/env_step;Steps;Wall_Time
0;0.0;0;1648869980.6385634
1;256000.0;256000;1648870103.0491884
2;512000.0;512000;1648870225.1816545
3;768000.0;768000;1648870347.7848177
4;1024000.0;1024000;1648870470.1136048
5;1280000.0;1280000;1648870592.05549
6;1536000.0;1536000;1648870714.300863
7;1792000.0;1792000;1648870836.7848458
8;2048000.0;2048000;1648870959.251746
9;2304000.0;2304000;1648871081.460062
10;2560000.0;2560000;1648871203.3903682
11;2816000.0;2816000;1648871325.2550888
12;3072000.0;3072000;1648871447.2012112
13;3328000.0;3328000;1648871569.6476479
14;3584000.0;3584000;1648871692.1549613
15;3840000.0;3840000;1648871814.2583263
16;4096000.0;4096000;1648871936.0260465
17;4352000.0;4352000;1648872058.187061
18;4608000.0;4608000;1648872180.1608684
19;4864000.0;4864000;1648872301.8256888
20;5120000.0;5120000;1648872423.7555296
21;5376000.0;5376000;1648872546.0564802
22;5632000.0;5632000;1648872668.9296212
23;5888000.0;5888000;1648872793.2364604
24;6144000.0;6144000;1648872914.9803667
25;6400000.0;6400000;1648873036.6510077
26;6656000.0;6656000;1648873158.5053859
27;6912000.0;6912000;1648873280.2604713
28;7168000.0;7168000;1648873402.350071
29;7424000.0;7424000;1648873525.1020584
30;7680000.0;7680000;1648873647.5708053
31;7936000.0;7936000;1648873769.3950267
32;8192000.0;8192000;1648873891.3757546
33;8448000.0;8448000;1648874013.47221
34;8704000.0;8704000;1648874135.291448
35;8960000.0;8960000;1648874256.9831696
36;9216000.0;9216000;1648874379.0657818
37;9472000.0;9472000;1648874501.8395126
38;9728000.0;9728000;1648874639.7801704
39;9984000.0;9984000;1648874768.1269383
40;10240000.0;10240000;1648874889.6562407
41;10496000.0;10496000;1648875011.1367693
42;10752000.0;10752000;1648875132.7531612
43;11008000.0;11008000;1648875254.2611864
44;11264000.0;11264000;1648875376.2057889
45;11520000.0;11520000;1648875498.6063683
46;11776000.0;11776000;1648875620.6635313
47;12032000.0;12032000;1648875743.1555362
48;12288000.0;12288000;1648875865.79976
49;12544000.0;12544000;1648875988.547259
50;12800000.0;12800000;1648876111.2202885
