;test/env_step;Steps;Wall_Time
0;0.0;0;1650877735.0322957
1;256000.0;256000;1650877836.603769
2;512000.0;512000;1650877937.8504386
3;768000.0;768000;1650878038.8993793
4;1024000.0;1024000;1650878139.9080858
5;1280000.0;1280000;1650878241.1311917
6;1536000.0;1536000;1650878342.1074774
7;1792000.0;1792000;1650878442.6416914
8;2048000.0;2048000;1650878543.808778
9;2304000.0;2304000;1650878644.8039784
10;2560000.0;2560000;1650878745.587491
11;2816000.0;2816000;1650878846.3213086
12;3072000.0;3072000;1650878947.0746756
13;3328000.0;3328000;1650879047.8763247
14;3584000.0;3584000;1650879148.69148
15;3840000.0;3840000;1650879249.5520551
16;4096000.0;4096000;1650879350.1342902
17;4352000.0;4352000;1650879450.5469258
18;4608000.0;4608000;1650879551.2308812
19;4864000.0;4864000;1650879652.0059483
20;5120000.0;5120000;1650879752.9437659
21;5376000.0;5376000;1650879853.8874402
22;5632000.0;5632000;1650879954.7873118
23;5888000.0;5888000;1650880055.8276527
24;6144000.0;6144000;1650880156.8891463
25;6400000.0;6400000;1650880258.1106431
26;6656000.0;6656000;1650880358.9779236
27;6912000.0;6912000;1650880460.2969985
28;7168000.0;7168000;1650880561.3826778
29;7424000.0;7424000;1650880662.4174118
30;7680000.0;7680000;1650880763.281373
31;7936000.0;7936000;1650880864.5033298
32;8192000.0;8192000;1650880965.578953
33;8448000.0;8448000;1650881066.623794
34;8704000.0;8704000;1650881167.6860533
35;8960000.0;8960000;1650881268.6686852
36;9216000.0;9216000;1650881369.1647305
37;9472000.0;9472000;1650881469.7417119
38;9728000.0;9728000;1650881570.5707886
39;9984000.0;9984000;1650881671.4682913
40;10240000.0;10240000;1650881772.0586686
41;10496000.0;10496000;1650881872.8382719
42;10752000.0;10752000;1650881973.7143614
43;11008000.0;11008000;1650882074.6664906
44;11264000.0;11264000;1650882175.316968
45;11520000.0;11520000;1650882276.0198534
46;11776000.0;11776000;1650882376.5981295
47;12032000.0;12032000;1650882477.2821445
48;12288000.0;12288000;1650882578.148227
49;12544000.0;12544000;1650882678.6507823
50;12800000.0;12800000;1650882778.9874392
