;test/env_step;Steps;Wall_Time
0;0.0;0;1649588191.715869
1;256000.0;256000;1649588311.108629
2;512000.0;512000;1649588430.16081
3;768000.0;768000;1649588548.287429
4;1024000.0;1024000;1649588671.5846343
5;1280000.0;1280000;1649588789.790582
6;1536000.0;1536000;1649588913.344273
7;1792000.0;1792000;1649589031.9569175
8;2048000.0;2048000;1649589152.823203
9;2304000.0;2304000;1649589271.1516514
10;2560000.0;2560000;1649589389.2368057
11;2816000.0;2816000;1649589508.9701927
12;3072000.0;3072000;1649589627.8731701
13;3328000.0;3328000;1649589748.7966292
14;3584000.0;3584000;1649589867.2798893
15;3840000.0;3840000;1649589985.6165605
16;4096000.0;4096000;1649590104.6259477
17;4352000.0;4352000;1649590223.4068363
18;4608000.0;4608000;1649590345.4381769
19;4864000.0;4864000;1649590464.3373394
20;5120000.0;5120000;1649590583.7465234
21;5376000.0;5376000;1649590706.8929465
22;5632000.0;5632000;1649590826.289751
23;5888000.0;5888000;1649590944.6140306
24;6144000.0;6144000;1649591065.911336
25;6400000.0;6400000;1649591186.433239
26;6656000.0;6656000;1649591304.8666425
27;6912000.0;6912000;1649591423.6115687
28;7168000.0;7168000;1649591542.3131468
29;7424000.0;7424000;1649591661.0189352
30;7680000.0;7680000;1649591783.971805
31;7936000.0;7936000;1649591903.6615994
32;8192000.0;8192000;1649592021.9324028
33;8448000.0;8448000;1649592140.927014
34;8704000.0;8704000;1649592263.2303567
35;8960000.0;8960000;1649592387.5745466
36;9216000.0;9216000;1649592507.5297692
37;9472000.0;9472000;1649592627.4693267
38;9728000.0;9728000;1649592751.8985095
39;9984000.0;9984000;1649592880.2830584
40;10240000.0;10240000;1649593005.9053335
41;10496000.0;10496000;1649593125.6099136
42;10752000.0;10752000;1649593244.0730927
43;11008000.0;11008000;1649593362.7624252
44;11264000.0;11264000;1649593481.7270303
45;11520000.0;11520000;1649593607.4497795
46;11776000.0;11776000;1649593735.560849
47;12032000.0;12032000;1649593854.2829554
48;12288000.0;12288000;1649593976.0283217
49;12544000.0;12544000;1649594094.8574777
50;12800000.0;12800000;1649594215.4777203
