;test/env_step;Steps;Wall_Time
0;0.0;0;1649560643.3964689
1;256000.0;256000;1649560732.239798
2;512000.0;512000;1649560821.0312932
3;768000.0;768000;1649560909.5637388
4;1024000.0;1024000;1649560998.1702003
5;1280000.0;1280000;1649561086.4365516
6;1536000.0;1536000;1649561174.8083653
7;1792000.0;1792000;1649561263.1627662
8;2048000.0;2048000;1649561351.5084183
9;2304000.0;2304000;1649561439.9696465
10;2560000.0;2560000;1649561528.6170435
11;2816000.0;2816000;1649561617.1171176
12;3072000.0;3072000;1649561705.6142738
13;3328000.0;3328000;1649561794.482804
14;3584000.0;3584000;1649561883.3845837
15;3840000.0;3840000;1649561972.3240254
16;4096000.0;4096000;1649562061.2066803
17;4352000.0;4352000;1649562149.7820547
18;4608000.0;4608000;1649562238.2004058
19;4864000.0;4864000;1649562326.6402862
20;5120000.0;5120000;1649562427.7689035
21;5376000.0;5376000;1649562523.4577544
22;5632000.0;5632000;1649562611.5734928
23;5888000.0;5888000;1649562699.593988
24;6144000.0;6144000;1649562787.698294
25;6400000.0;6400000;1649562875.7908323
26;6656000.0;6656000;1649562963.9400702
27;6912000.0;6912000;1649563051.9901402
28;7168000.0;7168000;1649563140.042531
29;7424000.0;7424000;1649563228.8073654
30;7680000.0;7680000;1649563318.0519814
31;7936000.0;7936000;1649563406.0656688
32;8192000.0;8192000;1649563493.9973197
33;8448000.0;8448000;1649563582.2838714
34;8704000.0;8704000;1649563670.5066073
35;8960000.0;8960000;1649563758.6229784
36;9216000.0;9216000;1649563846.623477
37;9472000.0;9472000;1649563934.6795766
38;9728000.0;9728000;1649564022.9348698
39;9984000.0;9984000;1649564110.9362202
40;10240000.0;10240000;1649564198.8647628
41;10496000.0;10496000;1649564286.5814755
42;10752000.0;10752000;1649564374.6877084
43;11008000.0;11008000;1649564463.2621245
44;11264000.0;11264000;1649564551.6769092
45;11520000.0;11520000;1649564640.1653051
46;11776000.0;11776000;1649564728.6078503
47;12032000.0;12032000;1649564816.2591162
48;12288000.0;12288000;1649564903.9907753
49;12544000.0;12544000;1649564991.7615745
50;12800000.0;12800000;1649565079.210036
