;test/env_step;Steps;Wall_Time
0;0.0;0;1650758410.2311864
1;256000.0;256000;1650758538.9523466
2;512000.0;512000;1650758668.3526897
3;768000.0;768000;1650758797.423942
4;1024000.0;1024000;1650758926.0583234
5;1280000.0;1280000;1650759054.422375
6;1536000.0;1536000;1650759182.9357736
7;1792000.0;1792000;1650759311.45373
8;2048000.0;2048000;1650759439.8154702
9;2304000.0;2304000;1650759567.9550128
10;2560000.0;2560000;1650759696.1745305
11;2816000.0;2816000;1650759823.781965
12;3072000.0;3072000;1650759951.965589
13;3328000.0;3328000;1650760080.6492004
14;3584000.0;3584000;1650760208.8874493
15;3840000.0;3840000;1650760337.1156719
16;4096000.0;4096000;1650760465.2595618
17;4352000.0;4352000;1650760593.6210234
18;4608000.0;4608000;1650760722.1131685
19;4864000.0;4864000;1650760851.3702812
20;5120000.0;5120000;1650760980.0168703
21;5376000.0;5376000;1650761107.9158225
22;5632000.0;5632000;1650761236.0791807
23;5888000.0;5888000;1650761364.1595237
24;6144000.0;6144000;1650761492.30716
25;6400000.0;6400000;1650761620.7255795
26;6656000.0;6656000;1650761749.250108
27;6912000.0;6912000;1650761877.6612163
28;7168000.0;7168000;1650762005.863715
29;7424000.0;7424000;1650762134.0521698
30;7680000.0;7680000;1650762262.3905525
31;7936000.0;7936000;1650762390.8811362
32;8192000.0;8192000;1650762519.0875804
33;8448000.0;8448000;1650762647.3009229
34;8704000.0;8704000;1650762775.849047
35;8960000.0;8960000;1650762904.4735308
36;9216000.0;9216000;1650763033.0928378
37;9472000.0;9472000;1650763161.9356608
38;9728000.0;9728000;1650763290.2978456
39;9984000.0;9984000;1650763418.9853508
40;10240000.0;10240000;1650763547.7289264
41;10496000.0;10496000;1650763676.2685523
42;10752000.0;10752000;1650763804.8580923
43;11008000.0;11008000;1650763932.7741673
44;11264000.0;11264000;1650764060.714414
45;11520000.0;11520000;1650764188.9876156
46;11776000.0;11776000;1650764317.0837314
47;12032000.0;12032000;1650764444.890276
48;12288000.0;12288000;1650764573.3885043
49;12544000.0;12544000;1650764701.9347284
50;12800000.0;12800000;1650764830.2993987
