;test/env_step;Steps;Wall_Time
0;0.0;0;1650761239.9283168
1;256000.0;256000;1650761368.251138
2;512000.0;512000;1650761493.210298
3;768000.0;768000;1650761618.2141209
4;1024000.0;1024000;1650761743.494462
5;1280000.0;1280000;1650761868.9897296
6;1536000.0;1536000;1650761994.4700353
7;1792000.0;1792000;1650762119.6037633
8;2048000.0;2048000;1650762245.5276275
9;2304000.0;2304000;1650762370.5204825
10;2560000.0;2560000;1650762495.4401007
11;2816000.0;2816000;1650762620.5448432
12;3072000.0;3072000;1650762745.5931394
13;3328000.0;3328000;1650762870.5372531
14;3584000.0;3584000;1650762995.8381808
15;3840000.0;3840000;1650763121.33943
16;4096000.0;4096000;1650763248.6806917
17;4352000.0;4352000;1650763373.3566933
18;4608000.0;4608000;1650763498.6663008
19;4864000.0;4864000;1650763624.3116255
20;5120000.0;5120000;1650763751.689555
21;5376000.0;5376000;1650763878.0811708
22;5632000.0;5632000;1650764006.4886127
23;5888000.0;5888000;1650764132.1281977
24;6144000.0;6144000;1650764257.6613355
25;6400000.0;6400000;1650764383.3116002
26;6656000.0;6656000;1650764509.356852
27;6912000.0;6912000;1650764635.0297515
28;7168000.0;7168000;1650764760.2398293
29;7424000.0;7424000;1650764886.0799787
30;7680000.0;7680000;1650765011.7315805
31;7936000.0;7936000;1650765137.2788937
32;8192000.0;8192000;1650765263.0271583
33;8448000.0;8448000;1650765388.4175806
34;8704000.0;8704000;1650765514.6220534
35;8960000.0;8960000;1650765640.242787
36;9216000.0;9216000;1650765766.1109967
37;9472000.0;9472000;1650765892.3875701
38;9728000.0;9728000;1650766018.6072
39;9984000.0;9984000;1650766144.6928775
40;10240000.0;10240000;1650766270.6356335
41;10496000.0;10496000;1650766396.3054395
42;10752000.0;10752000;1650766521.647705
43;11008000.0;11008000;1650766647.1301148
44;11264000.0;11264000;1650766772.6375773
45;11520000.0;11520000;1650766898.02627
46;11776000.0;11776000;1650767023.4044006
47;12032000.0;12032000;1650767148.4052925
48;12288000.0;12288000;1650767277.3465378
49;12544000.0;12544000;1650767411.2010255
50;12800000.0;12800000;1650767553.8059204
