;test/env_step;Steps;Wall_Time
0;0.0;0;1649055457.9001324
1;256000.0;256000;1649055582.450481
2;512000.0;512000;1649055706.8673587
3;768000.0;768000;1649055831.0687072
4;1024000.0;1024000;1649055959.762183
5;1280000.0;1280000;1649056089.8797736
6;1536000.0;1536000;1649056213.4523633
7;1792000.0;1792000;1649056336.7709515
8;2048000.0;2048000;1649056460.2786605
9;2304000.0;2304000;1649056583.829575
10;2560000.0;2560000;1649056707.7776654
11;2816000.0;2816000;1649056832.043643
12;3072000.0;3072000;1649056956.4047554
13;3328000.0;3328000;1649057080.6588876
14;3584000.0;3584000;1649057205.0490968
15;3840000.0;3840000;1649057329.4167647
16;4096000.0;4096000;1649057453.8452752
17;4352000.0;4352000;1649057578.323443
18;4608000.0;4608000;1649057702.061103
19;4864000.0;4864000;1649057826.751271
20;5120000.0;5120000;1649057951.4292364
21;5376000.0;5376000;1649058075.516781
22;5632000.0;5632000;1649058200.541459
23;5888000.0;5888000;1649058325.1259804
24;6144000.0;6144000;1649058449.7841067
25;6400000.0;6400000;1649058574.2666726
26;6656000.0;6656000;1649058698.926369
27;6912000.0;6912000;1649058823.2329807
28;7168000.0;7168000;1649058947.7953799
29;7424000.0;7424000;1649059072.377171
30;7680000.0;7680000;1649059196.488323
31;7936000.0;7936000;1649059320.4484186
32;8192000.0;8192000;1649059445.1551588
33;8448000.0;8448000;1649059569.712241
34;8704000.0;8704000;1649059697.49419
35;8960000.0;8960000;1649059825.3067482
36;9216000.0;9216000;1649059951.394226
37;9472000.0;9472000;1649060077.464597
38;9728000.0;9728000;1649060203.0716147
39;9984000.0;9984000;1649060329.6677287
40;10240000.0;10240000;1649060456.2638533
41;10496000.0;10496000;1649060583.040446
42;10752000.0;10752000;1649060710.0039835
43;11008000.0;11008000;1649060837.1422994
44;11264000.0;11264000;1649060964.6113129
45;11520000.0;11520000;1649061092.066652
46;11776000.0;11776000;1649061219.2289572
47;12032000.0;12032000;1649061346.6339414
48;12288000.0;12288000;1649061474.6754692
49;12544000.0;12544000;1649061602.7221813
50;12800000.0;12800000;1649061730.680639
