;test/env_step;Steps;Wall_Time
0;0.0;0;1648831824.657004
1;256000.0;256000;1648831919.895418
2;512000.0;512000;1648832015.193365
3;768000.0;768000;1648832110.4003165
4;1024000.0;1024000;1648832204.962883
5;1280000.0;1280000;1648832299.4866626
6;1536000.0;1536000;1648832393.9856558
7;1792000.0;1792000;1648832488.544943
8;2048000.0;2048000;1648832583.0779028
9;2304000.0;2304000;1648832677.64309
10;2560000.0;2560000;1648832772.1934788
11;2816000.0;2816000;1648832866.7397141
12;3072000.0;3072000;1648832961.1440852
13;3328000.0;3328000;1648833055.7269394
14;3584000.0;3584000;1648833150.2597575
15;3840000.0;3840000;1648833244.7601275
16;4096000.0;4096000;1648833338.8168535
17;4352000.0;4352000;1648833431.6017838
18;4608000.0;4608000;1648833524.7326818
19;4864000.0;4864000;1648833618.9394073
20;5120000.0;5120000;1648833713.379344
21;5376000.0;5376000;1648833807.6327062
22;5632000.0;5632000;1648833902.041859
23;5888000.0;5888000;1648833996.346071
24;6144000.0;6144000;1648834089.825448
25;6400000.0;6400000;1648834182.483021
26;6656000.0;6656000;1648834275.5267184
27;6912000.0;6912000;1648834368.3307376
28;7168000.0;7168000;1648834461.1952686
29;7424000.0;7424000;1648834553.987956
30;7680000.0;7680000;1648834646.840356
31;7936000.0;7936000;1648834739.8517506
32;8192000.0;8192000;1648834832.7329345
33;8448000.0;8448000;1648834925.752458
34;8704000.0;8704000;1648835018.6455762
35;8960000.0;8960000;1648835111.6610508
36;9216000.0;9216000;1648835204.6393223
37;9472000.0;9472000;1648835297.447004
38;9728000.0;9728000;1648835390.1872046
39;9984000.0;9984000;1648835483.1369333
40;10240000.0;10240000;1648835576.1701615
41;10496000.0;10496000;1648835669.0683033
42;10752000.0;10752000;1648835761.8902533
43;11008000.0;11008000;1648835854.7773893
44;11264000.0;11264000;1648835947.865807
45;11520000.0;11520000;1648836040.8339603
46;11776000.0;11776000;1648836133.8002663
47;12032000.0;12032000;1648836226.7694569
48;12288000.0;12288000;1648836320.1870685
49;12544000.0;12544000;1648836413.745572
50;12800000.0;12800000;1648836507.224401
