;test/env_step;Steps;Wall_Time
0;0.0;0;1649011810.9823265
1;256000.0;256000;1649011936.1285233
2;512000.0;512000;1649012061.449338
3;768000.0;768000;1649012186.3707144
4;1024000.0;1024000;1649012311.636567
5;1280000.0;1280000;1649012436.6453953
6;1536000.0;1536000;1649012561.592296
7;1792000.0;1792000;1649012686.3630543
8;2048000.0;2048000;1649012811.0469584
9;2304000.0;2304000;1649012935.9528637
10;2560000.0;2560000;1649013061.033911
11;2816000.0;2816000;1649013185.9391701
12;3072000.0;3072000;1649013310.5916946
13;3328000.0;3328000;1649013435.6530874
14;3584000.0;3584000;1649013560.4032528
15;3840000.0;3840000;1649013684.570221
16;4096000.0;4096000;1649013808.7979214
17;4352000.0;4352000;1649013933.3994668
18;4608000.0;4608000;1649014058.035673
19;4864000.0;4864000;1649014182.4268873
20;5120000.0;5120000;1649014306.5374422
21;5376000.0;5376000;1649014430.6848295
22;5632000.0;5632000;1649014554.3217561
23;5888000.0;5888000;1649014678.0222878
24;6144000.0;6144000;1649014801.8788621
25;6400000.0;6400000;1649014925.9157538
26;6656000.0;6656000;1649015050.3614995
27;6912000.0;6912000;1649015174.5696716
28;7168000.0;7168000;1649015298.8744097
29;7424000.0;7424000;1649015423.4629834
30;7680000.0;7680000;1649015547.7914407
31;7936000.0;7936000;1649015672.0210621
32;8192000.0;8192000;1649015796.0719204
33;8448000.0;8448000;1649015920.1508505
34;8704000.0;8704000;1649016043.932262
35;8960000.0;8960000;1649016167.7183409
36;9216000.0;9216000;1649016291.6567802
37;9472000.0;9472000;1649016415.9405575
38;9728000.0;9728000;1649016539.653868
39;9984000.0;9984000;1649016663.4705973
40;10240000.0;10240000;1649016787.3051803
41;10496000.0;10496000;1649016911.076315
42;10752000.0;10752000;1649017034.8378947
43;11008000.0;11008000;1649017158.6988988
44;11264000.0;11264000;1649017283.2367876
45;11520000.0;11520000;1649017407.962925
46;11776000.0;11776000;1649017532.543478
47;12032000.0;12032000;1649017657.336742
48;12288000.0;12288000;1649017781.954815
49;12544000.0;12544000;1649017906.4612691
50;12800000.0;12800000;1649018030.8880637
