;test/env_step;Steps;Wall_Time
0;0.0;0;1650732577.3939435
1;256000.0;256000;1650732674.1788423
2;512000.0;512000;1650732770.972544
3;768000.0;768000;1650732867.0186276
4;1024000.0;1024000;1650732963.4870582
5;1280000.0;1280000;1650733060.2052152
6;1536000.0;1536000;1650733157.0506017
7;1792000.0;1792000;1650733254.0397193
8;2048000.0;2048000;1650733350.8234453
9;2304000.0;2304000;1650733447.6332939
10;2560000.0;2560000;1650733544.6180835
11;2816000.0;2816000;1650733641.2546327
12;3072000.0;3072000;1650733737.6591008
13;3328000.0;3328000;1650733845.760832
14;3584000.0;3584000;1650733942.0049202
15;3840000.0;3840000;1650734038.440782
16;4096000.0;4096000;1650734135.0439973
17;4352000.0;4352000;1650734232.2428653
18;4608000.0;4608000;1650734329.2344184
19;4864000.0;4864000;1650734425.928179
20;5120000.0;5120000;1650734522.931356
21;5376000.0;5376000;1650734619.529647
22;5632000.0;5632000;1650734716.5304234
23;5888000.0;5888000;1650734813.0856667
24;6144000.0;6144000;1650734909.1592338
25;6400000.0;6400000;1650735005.2418408
26;6656000.0;6656000;1650735102.0140798
27;6912000.0;6912000;1650735198.9923315
28;7168000.0;7168000;1650735296.129391
29;7424000.0;7424000;1650735393.0864866
30;7680000.0;7680000;1650735490.3542361
31;7936000.0;7936000;1650735587.9542148
32;8192000.0;8192000;1650735685.516032
33;8448000.0;8448000;1650735782.6188972
34;8704000.0;8704000;1650735879.417475
35;8960000.0;8960000;1650735975.651551
36;9216000.0;9216000;1650736072.1039495
37;9472000.0;9472000;1650736168.4296868
38;9728000.0;9728000;1650736277.374511
39;9984000.0;9984000;1650736384.0186055
40;10240000.0;10240000;1650736480.7637281
41;10496000.0;10496000;1650736577.4686399
42;10752000.0;10752000;1650736686.2865
43;11008000.0;11008000;1650736793.1842864
44;11264000.0;11264000;1650736889.7129118
45;11520000.0;11520000;1650736986.2954834
46;11776000.0;11776000;1650737083.3638873
47;12032000.0;12032000;1650737180.209506
48;12288000.0;12288000;1650737277.0863118
49;12544000.0;12544000;1650737374.1269445
50;12800000.0;12800000;1650737471.2419026
