;test/env_step;Steps;Wall_Time
0;0.0;0;1648938541.3016117
1;256000.0;256000;1648938636.9561172
2;512000.0;512000;1648938732.459515
3;768000.0;768000;1648938827.9337897
4;1024000.0;1024000;1648938923.421928
5;1280000.0;1280000;1648939018.9180093
6;1536000.0;1536000;1648939114.4008965
7;1792000.0;1792000;1648939209.938644
8;2048000.0;2048000;1648939305.4520478
9;2304000.0;2304000;1648939400.8817406
10;2560000.0;2560000;1648939496.4004145
11;2816000.0;2816000;1648939591.8844059
12;3072000.0;3072000;1648939687.4870431
13;3328000.0;3328000;1648939782.9585257
14;3584000.0;3584000;1648939878.532253
15;3840000.0;3840000;1648939974.1633306
16;4096000.0;4096000;1648940069.7097328
17;4352000.0;4352000;1648940165.1213024
18;4608000.0;4608000;1648940260.7216127
19;4864000.0;4864000;1648940356.2681165
20;5120000.0;5120000;1648940451.7803361
21;5376000.0;5376000;1648940547.2974968
22;5632000.0;5632000;1648940642.8906028
23;5888000.0;5888000;1648940738.5036714
24;6144000.0;6144000;1648940834.1477768
25;6400000.0;6400000;1648940929.6313405
26;6656000.0;6656000;1648941025.1849132
27;6912000.0;6912000;1648941120.6786008
28;7168000.0;7168000;1648941216.124533
29;7424000.0;7424000;1648941311.5892472
30;7680000.0;7680000;1648941406.9354882
31;7936000.0;7936000;1648941502.4916847
32;8192000.0;8192000;1648941598.1391401
33;8448000.0;8448000;1648941693.599262
34;8704000.0;8704000;1648941789.0289776
35;8960000.0;8960000;1648941884.3878856
36;9216000.0;9216000;1648941979.694965
37;9472000.0;9472000;1648942075.0753226
38;9728000.0;9728000;1648942170.4202926
39;9984000.0;9984000;1648942265.9430628
40;10240000.0;10240000;1648942361.4162197
41;10496000.0;10496000;1648942456.7574759
42;10752000.0;10752000;1648942552.8728793
43;11008000.0;11008000;1648942648.8814914
44;11264000.0;11264000;1648942745.0307682
45;11520000.0;11520000;1648942841.3331275
46;11776000.0;11776000;1648942937.8182561
47;12032000.0;12032000;1648943034.2543485
48;12288000.0;12288000;1648943130.7618127
49;12544000.0;12544000;1648943227.2171912
50;12800000.0;12800000;1648943323.7187684
