;test/env_step;Steps;Wall_Time
0;0.0;0;1648957920.9573195
1;256000.0;256000;1648958045.276122
2;512000.0;512000;1648958169.479352
3;768000.0;768000;1648958292.8309634
4;1024000.0;1024000;1648958416.5363815
5;1280000.0;1280000;1648958543.122752
6;1536000.0;1536000;1648958666.801133
7;1792000.0;1792000;1648958790.0899827
8;2048000.0;2048000;1648958913.3191798
9;2304000.0;2304000;1648959037.1786993
10;2560000.0;2560000;1648959161.023276
11;2816000.0;2816000;1648959284.9459648
12;3072000.0;3072000;1648959409.0121434
13;3328000.0;3328000;1648959533.0518537
14;3584000.0;3584000;1648959656.9714973
15;3840000.0;3840000;1648959780.7888284
16;4096000.0;4096000;1648959904.7113638
17;4352000.0;4352000;1648960028.6349568
18;4608000.0;4608000;1648960152.6170602
19;4864000.0;4864000;1648960276.6041873
20;5120000.0;5120000;1648960400.4548059
21;5376000.0;5376000;1648960524.3065023
22;5632000.0;5632000;1648960648.335507
23;5888000.0;5888000;1648960772.17253
24;6144000.0;6144000;1648960895.9878376
25;6400000.0;6400000;1648961019.7932599
26;6656000.0;6656000;1648961143.7003646
27;6912000.0;6912000;1648961267.157882
28;7168000.0;7168000;1648961390.5034025
29;7424000.0;7424000;1648961513.9175813
30;7680000.0;7680000;1648961637.2935314
31;7936000.0;7936000;1648961760.8344984
32;8192000.0;8192000;1648961884.2008677
33;8448000.0;8448000;1648962007.7000365
34;8704000.0;8704000;1648962131.1350732
35;8960000.0;8960000;1648962254.401603
36;9216000.0;9216000;1648962377.7470522
37;9472000.0;9472000;1648962501.2473457
38;9728000.0;9728000;1648962624.615336
39;9984000.0;9984000;1648962747.8815289
40;10240000.0;10240000;1648962871.315399
41;10496000.0;10496000;1648962994.6199844
42;10752000.0;10752000;1648963117.782559
43;11008000.0;11008000;1648963240.7918267
44;11264000.0;11264000;1648963364.0849617
45;11520000.0;11520000;1648963487.353763
46;11776000.0;11776000;1648963610.441363
47;12032000.0;12032000;1648963733.723471
48;12288000.0;12288000;1648963856.95508
49;12544000.0;12544000;1648963980.3091886
50;12800000.0;12800000;1648964103.5203528
