;test/env_step;Steps;Wall_Time
0;0.0;0;1649550526.5443385
1;256000.0;256000;1649550625.2215984
2;512000.0;512000;1649550723.5375354
3;768000.0;768000;1649550821.7336266
4;1024000.0;1024000;1649550920.0192046
5;1280000.0;1280000;1649551018.4394584
6;1536000.0;1536000;1649551116.8185081
7;1792000.0;1792000;1649551215.1365097
8;2048000.0;2048000;1649551313.6155093
9;2304000.0;2304000;1649551411.8320663
10;2560000.0;2560000;1649551510.0952902
11;2816000.0;2816000;1649551608.2302074
12;3072000.0;3072000;1649551706.6694267
13;3328000.0;3328000;1649551804.9005194
14;3584000.0;3584000;1649551903.189824
15;3840000.0;3840000;1649552001.3233309
16;4096000.0;4096000;1649552099.5494423
17;4352000.0;4352000;1649552198.016389
18;4608000.0;4608000;1649552296.4174953
19;4864000.0;4864000;1649552394.7201498
20;5120000.0;5120000;1649552493.012926
21;5376000.0;5376000;1649552590.7698069
22;5632000.0;5632000;1649552689.0270352
23;5888000.0;5888000;1649552787.28375
24;6144000.0;6144000;1649552885.3943655
25;6400000.0;6400000;1649552983.7190642
26;6656000.0;6656000;1649553081.9024434
27;6912000.0;6912000;1649553179.9959345
28;7168000.0;7168000;1649553277.9698005
29;7424000.0;7424000;1649553376.01228
30;7680000.0;7680000;1649553473.9373577
31;7936000.0;7936000;1649553571.9847589
32;8192000.0;8192000;1649553669.943965
33;8448000.0;8448000;1649553767.983229
34;8704000.0;8704000;1649553866.1137125
35;8960000.0;8960000;1649553964.8345208
36;9216000.0;9216000;1649554063.644205
37;9472000.0;9472000;1649554162.577977
38;9728000.0;9728000;1649554261.408132
39;9984000.0;9984000;1649554360.3267937
40;10240000.0;10240000;1649554459.3686628
41;10496000.0;10496000;1649554558.4142447
42;10752000.0;10752000;1649554657.441946
43;11008000.0;11008000;1649554756.3360662
44;11264000.0;11264000;1649554855.3182838
45;11520000.0;11520000;1649554954.1397269
46;11776000.0;11776000;1649555053.0219283
47;12032000.0;12032000;1649555151.796507
48;12288000.0;12288000;1649555250.4792485
49;12544000.0;12544000;1649555349.0370579
50;12800000.0;12800000;1649555447.661824
