;test/env_step;Steps;Wall_Time
0;0.0;0;1649496925.2260575
1;256000.0;256000;1649497049.1263418
2;512000.0;512000;1649497172.8404436
3;768000.0;768000;1649497296.5168552
4;1024000.0;1024000;1649497420.1766787
5;1280000.0;1280000;1649497543.8703394
6;1536000.0;1536000;1649497667.559898
7;1792000.0;1792000;1649497791.2091906
8;2048000.0;2048000;1649497914.6694505
9;2304000.0;2304000;1649498038.208089
10;2560000.0;2560000;1649498161.566017
11;2816000.0;2816000;1649498284.8917236
12;3072000.0;3072000;1649498408.2261777
13;3328000.0;3328000;1649498531.6709156
14;3584000.0;3584000;1649498654.9967983
15;3840000.0;3840000;1649498778.357033
16;4096000.0;4096000;1649498901.6170044
17;4352000.0;4352000;1649499025.1189663
18;4608000.0;4608000;1649499148.4425728
19;4864000.0;4864000;1649499271.7789485
20;5120000.0;5120000;1649499395.2079148
21;5376000.0;5376000;1649499518.6262512
22;5632000.0;5632000;1649499642.174132
23;5888000.0;5888000;1649499765.6192665
24;6144000.0;6144000;1649499889.128873
25;6400000.0;6400000;1649500012.3915226
26;6656000.0;6656000;1649500135.8173249
27;6912000.0;6912000;1649500259.397918
28;7168000.0;7168000;1649500382.756586
29;7424000.0;7424000;1649500506.219122
30;7680000.0;7680000;1649500629.5610027
31;7936000.0;7936000;1649500752.9647453
32;8192000.0;8192000;1649500876.3392386
33;8448000.0;8448000;1649500999.8257546
34;8704000.0;8704000;1649501123.2438297
35;8960000.0;8960000;1649501246.6077268
36;9216000.0;9216000;1649501369.8882575
37;9472000.0;9472000;1649501493.365263
38;9728000.0;9728000;1649501616.7954662
39;9984000.0;9984000;1649501740.1472828
40;10240000.0;10240000;1649501863.6155136
41;10496000.0;10496000;1649501987.0081382
42;10752000.0;10752000;1649502110.4393358
43;11008000.0;11008000;1649502233.737112
44;11264000.0;11264000;1649502357.5075614
45;11520000.0;11520000;1649502481.1211393
46;11776000.0;11776000;1649502605.013498
47;12032000.0;12032000;1649502728.8230622
48;12288000.0;12288000;1649502852.6889894
49;12544000.0;12544000;1649502976.7852619
50;12800000.0;12800000;1649503100.509622
