;test/env_step;Steps;Wall_Time
0;0.0;0;1648836525.981794
1;256000.0;256000;1648836618.6467388
2;512000.0;512000;1648836711.4100122
3;768000.0;768000;1648836803.7588506
4;1024000.0;1024000;1648836896.1895986
5;1280000.0;1280000;1648836988.8057678
6;1536000.0;1536000;1648837081.3142703
7;1792000.0;1792000;1648837173.839682
8;2048000.0;2048000;1648837266.2764535
9;2304000.0;2304000;1648837358.7163365
10;2560000.0;2560000;1648837451.3288007
11;2816000.0;2816000;1648837543.9101944
12;3072000.0;3072000;1648837636.3734584
13;3328000.0;3328000;1648837728.9200795
14;3584000.0;3584000;1648837821.2541697
15;3840000.0;3840000;1648837914.6776712
16;4096000.0;4096000;1648838008.605982
17;4352000.0;4352000;1648838102.403394
18;4608000.0;4608000;1648838196.2135344
19;4864000.0;4864000;1648838290.063038
20;5120000.0;5120000;1648838383.9801416
21;5376000.0;5376000;1648838477.838549
22;5632000.0;5632000;1648838571.7411287
23;5888000.0;5888000;1648838665.937006
24;6144000.0;6144000;1648838759.9481804
25;6400000.0;6400000;1648838853.55552
26;6656000.0;6656000;1648838947.4866264
27;6912000.0;6912000;1648839041.5307724
28;7168000.0;7168000;1648839135.5465229
29;7424000.0;7424000;1648839229.5402288
30;7680000.0;7680000;1648839323.9702115
31;7936000.0;7936000;1648839418.024574
32;8192000.0;8192000;1648839511.3040988
33;8448000.0;8448000;1648839605.016383
34;8704000.0;8704000;1648839698.7771835
35;8960000.0;8960000;1648839793.247339
36;9216000.0;9216000;1648839887.788287
37;9472000.0;9472000;1648839981.9747643
38;9728000.0;9728000;1648840075.710316
39;9984000.0;9984000;1648840169.5751035
40;10240000.0;10240000;1648840263.5713778
41;10496000.0;10496000;1648840357.5297866
42;10752000.0;10752000;1648840452.5383165
43;11008000.0;11008000;1648840547.4184978
44;11264000.0;11264000;1648840641.2295413
45;11520000.0;11520000;1648840734.8231375
46;11776000.0;11776000;1648840830.0401607
47;12032000.0;12032000;1648840924.127827
48;12288000.0;12288000;1648841018.1962361
49;12544000.0;12544000;1648841112.2847962
50;12800000.0;12800000;1648841206.2347565
