;test/env_step;Steps;Wall_Time
0;0.0;0;1648919868.431009
1;256000.0;256000;1648919961.99188
2;512000.0;512000;1648920055.447605
3;768000.0;768000;1648920148.7159283
4;1024000.0;1024000;1648920242.16071
5;1280000.0;1280000;1648920335.6524744
6;1536000.0;1536000;1648920438.1604064
7;1792000.0;1792000;1648920546.4191883
8;2048000.0;2048000;1648920654.7309082
9;2304000.0;2304000;1648920762.8013594
10;2560000.0;2560000;1648920870.9689348
11;2816000.0;2816000;1648920968.3794417
12;3072000.0;3072000;1648921060.838014
13;3328000.0;3328000;1648921153.5775075
14;3584000.0;3584000;1648921246.2043536
15;3840000.0;3840000;1648921338.8266582
16;4096000.0;4096000;1648921430.8629956
17;4352000.0;4352000;1648921523.0662842
18;4608000.0;4608000;1648921615.2687755
19;4864000.0;4864000;1648921707.7126896
20;5120000.0;5120000;1648921800.560326
21;5376000.0;5376000;1648921893.194463
22;5632000.0;5632000;1648921986.1768832
23;5888000.0;5888000;1648922078.87013
24;6144000.0;6144000;1648922171.853791
25;6400000.0;6400000;1648922264.8353517
26;6656000.0;6656000;1648922358.0498583
27;6912000.0;6912000;1648922451.269825
28;7168000.0;7168000;1648922544.4473813
29;7424000.0;7424000;1648922637.6319401
30;7680000.0;7680000;1648922730.7226098
31;7936000.0;7936000;1648922827.5054631
32;8192000.0;8192000;1648922923.8780556
33;8448000.0;8448000;1648923020.0406246
34;8704000.0;8704000;1648923115.7257829
35;8960000.0;8960000;1648923211.816405
36;9216000.0;9216000;1648923307.9848742
37;9472000.0;9472000;1648923404.179219
38;9728000.0;9728000;1648923500.2588103
39;9984000.0;9984000;1648923596.419079
40;10240000.0;10240000;1648923692.4340162
41;10496000.0;10496000;1648923788.527022
42;10752000.0;10752000;1648923884.807674
43;11008000.0;11008000;1648923980.7867472
44;11264000.0;11264000;1648924076.9191785
45;11520000.0;11520000;1648924172.986928
46;11776000.0;11776000;1648924269.0089197
47;12032000.0;12032000;1648924365.2535324
48;12288000.0;12288000;1648924461.404831
49;12544000.0;12544000;1648924557.5574102
50;12800000.0;12800000;1648924653.7524085
