;test/env_step;Steps;Wall_Time
0;0.0;0;1649030551.8138027
1;256000.0;256000;1649030676.8934867
2;512000.0;512000;1649030801.0129318
3;768000.0;768000;1649030924.8580625
4;1024000.0;1024000;1649031048.6566532
5;1280000.0;1280000;1649031172.1106987
6;1536000.0;1536000;1649031295.6508334
7;1792000.0;1792000;1649031419.2703981
8;2048000.0;2048000;1649031542.7232006
9;2304000.0;2304000;1649031665.9685967
10;2560000.0;2560000;1649031789.2759352
11;2816000.0;2816000;1649031912.5931036
12;3072000.0;3072000;1649032035.9210665
13;3328000.0;3328000;1649032159.1195672
14;3584000.0;3584000;1649032282.2906096
15;3840000.0;3840000;1649032405.1506383
16;4096000.0;4096000;1649032528.0486102
17;4352000.0;4352000;1649032651.3406384
18;4608000.0;4608000;1649032774.6186707
19;4864000.0;4864000;1649032897.8273776
20;5120000.0;5120000;1649033021.1864958
21;5376000.0;5376000;1649033144.3718977
22;5632000.0;5632000;1649033267.5404592
23;5888000.0;5888000;1649033390.725586
24;6144000.0;6144000;1649033514.08098
25;6400000.0;6400000;1649033637.2557023
26;6656000.0;6656000;1649033760.6405685
27;6912000.0;6912000;1649033884.4263256
28;7168000.0;7168000;1649034008.4597049
29;7424000.0;7424000;1649034132.6343417
30;7680000.0;7680000;1649034256.6114097
31;7936000.0;7936000;1649034380.990278
32;8192000.0;8192000;1649034504.8803828
33;8448000.0;8448000;1649034628.740922
34;8704000.0;8704000;1649034752.7598078
35;8960000.0;8960000;1649034876.572737
36;9216000.0;9216000;1649035000.361364
37;9472000.0;9472000;1649035124.138967
38;9728000.0;9728000;1649035248.0922983
39;9984000.0;9984000;1649035372.160311
40;10240000.0;10240000;1649035495.2644546
41;10496000.0;10496000;1649035618.6927278
42;10752000.0;10752000;1649035742.2591424
43;11008000.0;11008000;1649035865.4387143
44;11264000.0;11264000;1649035988.8053753
45;11520000.0;11520000;1649036112.2154496
46;11776000.0;11776000;1649036235.8536782
47;12032000.0;12032000;1649036359.619648
48;12288000.0;12288000;1649036483.1907794
49;12544000.0;12544000;1649036606.449854
50;12800000.0;12800000;1649036729.7207017
