;test/env_step;Steps;Wall_Time
0;0.0;0;1649540627.6484025
1;256000.0;256000;1649540726.3666365
2;512000.0;512000;1649540825.1258483
3;768000.0;768000;1649540923.9466844
4;1024000.0;1024000;1649541022.6796863
5;1280000.0;1280000;1649541121.3110967
6;1536000.0;1536000;1649541219.9877527
7;1792000.0;1792000;1649541318.5769675
8;2048000.0;2048000;1649541416.9798307
9;2304000.0;2304000;1649541515.3329186
10;2560000.0;2560000;1649541613.6140206
11;2816000.0;2816000;1649541711.8404334
12;3072000.0;3072000;1649541810.538993
13;3328000.0;3328000;1649541909.198008
14;3584000.0;3584000;1649542022.532884
15;3840000.0;3840000;1649542136.2537682
16;4096000.0;4096000;1649542249.7631452
17;4352000.0;4352000;1649542363.0201442
18;4608000.0;4608000;1649542468.8652096
19;4864000.0;4864000;1649542567.1797984
20;5120000.0;5120000;1649542665.5087516
21;5376000.0;5376000;1649542763.3417287
22;5632000.0;5632000;1649542861.2244277
23;5888000.0;5888000;1649542958.962355
24;6144000.0;6144000;1649543056.709243
25;6400000.0;6400000;1649543154.4967966
26;6656000.0;6656000;1649543252.1977346
27;6912000.0;6912000;1649543349.9379559
28;7168000.0;7168000;1649543447.8349755
29;7424000.0;7424000;1649543545.410508
30;7680000.0;7680000;1649543643.197883
31;7936000.0;7936000;1649543741.2263541
32;8192000.0;8192000;1649543839.179937
33;8448000.0;8448000;1649543937.1644948
34;8704000.0;8704000;1649544034.8449075
35;8960000.0;8960000;1649544132.8357244
36;9216000.0;9216000;1649544230.6376932
37;9472000.0;9472000;1649544328.4752696
38;9728000.0;9728000;1649544426.4329627
39;9984000.0;9984000;1649544524.7778718
40;10240000.0;10240000;1649544623.2267466
41;10496000.0;10496000;1649544721.464676
42;10752000.0;10752000;1649544819.770891
43;11008000.0;11008000;1649544918.280222
44;11264000.0;11264000;1649545016.7736065
45;11520000.0;11520000;1649545114.918986
46;11776000.0;11776000;1649545213.086953
47;12032000.0;12032000;1649545311.569747
48;12288000.0;12288000;1649545410.0157166
49;12544000.0;12544000;1649545508.326588
50;12800000.0;12800000;1649545606.8084638
