;test/env_step;Steps;Wall_Time
0;0.0;0;1651050567.157475
1;256000.0;256000;1651050666.8274052
2;512000.0;512000;1651050766.4354498
3;768000.0;768000;1651050865.729234
4;1024000.0;1024000;1651050964.3883774
5;1280000.0;1280000;1651051062.707536
6;1536000.0;1536000;1651051161.4325001
7;1792000.0;1792000;1651051260.2742918
8;2048000.0;2048000;1651051359.3254128
9;2304000.0;2304000;1651051458.298982
10;2560000.0;2560000;1651051557.1541486
11;2816000.0;2816000;1651051656.2255123
12;3072000.0;3072000;1651051755.2645154
13;3328000.0;3328000;1651051854.076749
14;3584000.0;3584000;1651051953.1474452
15;3840000.0;3840000;1651052051.9352548
16;4096000.0;4096000;1651052151.0743504
17;4352000.0;4352000;1651052249.9766645
18;4608000.0;4608000;1651052348.9074807
19;4864000.0;4864000;1651052447.8910034
20;5120000.0;5120000;1651052547.0860906
21;5376000.0;5376000;1651052645.8508291
22;5632000.0;5632000;1651052744.9086816
23;5888000.0;5888000;1651052843.928966
24;6144000.0;6144000;1651052942.8102188
25;6400000.0;6400000;1651053042.179653
26;6656000.0;6656000;1651053140.9342709
27;6912000.0;6912000;1651053239.0631437
28;7168000.0;7168000;1651053337.2959063
29;7424000.0;7424000;1651053435.3791263
30;7680000.0;7680000;1651053533.6822581
31;7936000.0;7936000;1651053632.535632
32;8192000.0;8192000;1651053731.1064894
33;8448000.0;8448000;1651053829.1703708
34;8704000.0;8704000;1651053927.9355314
35;8960000.0;8960000;1651054027.1279795
36;9216000.0;9216000;1651054126.4391754
37;9472000.0;9472000;1651054225.58473
38;9728000.0;9728000;1651054324.4644115
39;9984000.0;9984000;1651054422.8752244
40;10240000.0;10240000;1651054520.98642
41;10496000.0;10496000;1651054619.3166442
42;10752000.0;10752000;1651054717.8603873
43;11008000.0;11008000;1651054816.4993694
44;11264000.0;11264000;1651054914.7413123
45;11520000.0;11520000;1651055013.4656532
46;11776000.0;11776000;1651055112.5921457
47;12032000.0;12032000;1651055211.7206612
48;12288000.0;12288000;1651055310.988044
49;12544000.0;12544000;1651055410.1637611
50;12800000.0;12800000;1651055509.4251916
