;test/env_step;Steps;Wall_Time
0;0.0;0;1648918574.125678
1;256000.0;256000;1648918716.0221786
2;512000.0;512000;1648918858.0121386
3;768000.0;768000;1648918999.6329303
4;1024000.0;1024000;1648919140.954346
5;1280000.0;1280000;1648919282.176968
6;1536000.0;1536000;1648919423.3777394
7;1792000.0;1792000;1648919564.6901913
8;2048000.0;2048000;1648919706.2930691
9;2304000.0;2304000;1648919847.7022235
10;2560000.0;2560000;1648919988.6420984
11;2816000.0;2816000;1648920129.6977162
12;3072000.0;3072000;1648920270.7125542
13;3328000.0;3328000;1648920411.7237082
14;3584000.0;3584000;1648920552.656413
15;3840000.0;3840000;1648920693.766499
16;4096000.0;4096000;1648920834.955963
17;4352000.0;4352000;1648920976.0015316
18;4608000.0;4608000;1648921117.1355739
19;4864000.0;4864000;1648921258.0638108
20;5120000.0;5120000;1648921399.1571589
21;5376000.0;5376000;1648921540.1692545
22;5632000.0;5632000;1648921681.2222466
23;5888000.0;5888000;1648921822.3307707
24;6144000.0;6144000;1648921963.485045
25;6400000.0;6400000;1648922104.5680661
26;6656000.0;6656000;1648922245.6874506
27;6912000.0;6912000;1648922386.8662815
28;7168000.0;7168000;1648922527.9396954
29;7424000.0;7424000;1648922669.2005942
30;7680000.0;7680000;1648922810.3559103
31;7936000.0;7936000;1648922951.417909
32;8192000.0;8192000;1648923092.3806708
33;8448000.0;8448000;1648923233.7185478
34;8704000.0;8704000;1648923375.4126265
35;8960000.0;8960000;1648923516.8168688
36;9216000.0;9216000;1648923658.1531117
37;9472000.0;9472000;1648923799.595304
38;9728000.0;9728000;1648923941.1358232
39;9984000.0;9984000;1648924082.4811532
40;10240000.0;10240000;1648924223.8729906
41;10496000.0;10496000;1648924365.2813957
42;10752000.0;10752000;1648924507.2042592
43;11008000.0;11008000;1648924649.1863234
44;11264000.0;11264000;1648924790.8294866
45;11520000.0;11520000;1648924932.0362706
46;11776000.0;11776000;1648925073.3152862
47;12032000.0;12032000;1648925214.6179929
48;12288000.0;12288000;1648925355.8904119
49;12544000.0;12544000;1648925497.3105645
50;12800000.0;12800000;1648925638.3066425
