;test/env_step;Steps;Wall_Time
0;0.0;0;1649503118.4642417
1;256000.0;256000;1649503241.2684522
2;512000.0;512000;1649503364.1201947
3;768000.0;768000;1649503486.892261
4;1024000.0;1024000;1649503609.5530796
5;1280000.0;1280000;1649503732.3734992
6;1536000.0;1536000;1649503855.2636077
7;1792000.0;1792000;1649503978.1717904
8;2048000.0;2048000;1649504101.0380428
9;2304000.0;2304000;1649504224.111612
10;2560000.0;2560000;1649504346.9563448
11;2816000.0;2816000;1649504469.244623
12;3072000.0;3072000;1649504591.2015135
13;3328000.0;3328000;1649504713.3147914
14;3584000.0;3584000;1649504835.426995
15;3840000.0;3840000;1649504957.5288484
16;4096000.0;4096000;1649505079.4605854
17;4352000.0;4352000;1649505201.5895884
18;4608000.0;4608000;1649505323.6220868
19;4864000.0;4864000;1649505445.6998196
20;5120000.0;5120000;1649505567.960029
21;5376000.0;5376000;1649505689.9182262
22;5632000.0;5632000;1649505811.839392
23;5888000.0;5888000;1649505933.7064672
24;6144000.0;6144000;1649506055.6255436
25;6400000.0;6400000;1649506178.097235
26;6656000.0;6656000;1649506301.0603766
27;6912000.0;6912000;1649506423.500537
28;7168000.0;7168000;1649506545.48563
29;7424000.0;7424000;1649506667.4098837
30;7680000.0;7680000;1649506789.27897
31;7936000.0;7936000;1649506911.2840633
32;8192000.0;8192000;1649507033.242151
33;8448000.0;8448000;1649507155.3440135
34;8704000.0;8704000;1649507277.2969239
35;8960000.0;8960000;1649507399.2498477
36;9216000.0;9216000;1649507521.1400201
37;9472000.0;9472000;1649507643.076413
38;9728000.0;9728000;1649507765.0663598
39;9984000.0;9984000;1649507887.0444508
40;10240000.0;10240000;1649508009.04444
41;10496000.0;10496000;1649508131.0516782
42;10752000.0;10752000;1649508253.1197722
43;11008000.0;11008000;1649508375.10965
44;11264000.0;11264000;1649508497.166774
45;11520000.0;11520000;1649508619.1391225
46;11776000.0;11776000;1649508741.1118448
47;12032000.0;12032000;1649508863.0457342
48;12288000.0;12288000;1649508985.0618515
49;12544000.0;12544000;1649509107.1151314
50;12800000.0;12800000;1649509228.9823992
