;test/env_step;Steps;Wall_Time
0;0.0;0;1651264861.724274
1;256000.0;256000;1651265007.6737242
2;512000.0;512000;1651265152.8254533
3;768000.0;768000;1651265298.2514396
4;1024000.0;1024000;1651265443.7618635
5;1280000.0;1280000;1651265589.2514985
6;1536000.0;1536000;1651265734.4424837
7;1792000.0;1792000;1651265879.2742522
8;2048000.0;2048000;1651266024.3482518
9;2304000.0;2304000;1651266169.10043
10;2560000.0;2560000;1651266313.6715848
11;2816000.0;2816000;1651266458.9726233
12;3072000.0;3072000;1651266604.2585607
13;3328000.0;3328000;1651266749.588688
14;3584000.0;3584000;1651266895.4450831
15;3840000.0;3840000;1651267040.9926934
16;4096000.0;4096000;1651267186.7327712
17;4352000.0;4352000;1651267332.152521
18;4608000.0;4608000;1651267477.8746064
19;4864000.0;4864000;1651267623.0454562
20;5120000.0;5120000;1651267768.639462
21;5376000.0;5376000;1651267914.1854577
22;5632000.0;5632000;1651268059.8510942
23;5888000.0;5888000;1651268205.7092142
24;6144000.0;6144000;1651268351.419356
25;6400000.0;6400000;1651268495.9596102
26;6656000.0;6656000;1651268640.3968303
27;6912000.0;6912000;1651268785.8084173
28;7168000.0;7168000;1651268931.4414563
29;7424000.0;7424000;1651269076.1169724
30;7680000.0;7680000;1651269221.0463767
31;7936000.0;7936000;1651269374.246825
32;8192000.0;8192000;1651269518.8784118
33;8448000.0;8448000;1651269663.5079253
34;8704000.0;8704000;1651269808.6041362
35;8960000.0;8960000;1651269953.756373
36;9216000.0;9216000;1651270099.4006357
37;9472000.0;9472000;1651270245.1778975
38;9728000.0;9728000;1651270390.2498076
39;9984000.0;9984000;1651270535.5854907
40;10240000.0;10240000;1651270681.167047
41;10496000.0;10496000;1651270826.4932585
42;10752000.0;10752000;1651270971.8125043
43;11008000.0;11008000;1651271116.9492292
44;11264000.0;11264000;1651271262.0690644
45;11520000.0;11520000;1651271406.9529574
46;11776000.0;11776000;1651271552.5569553
47;12032000.0;12032000;1651271698.386606
48;12288000.0;12288000;1651271843.5882092
49;12544000.0;12544000;1651271990.889298
50;12800000.0;12800000;1651272136.0999627
