;test/env_step;Steps;Wall_Time
0;0.0;0;1651110273.8405483
1;256000.0;256000;1651110366.7465622
2;512000.0;512000;1651110458.903439
3;768000.0;768000;1651110551.3494601
4;1024000.0;1024000;1651110643.6019068
5;1280000.0;1280000;1651110736.0449324
6;1536000.0;1536000;1651110828.7579737
7;1792000.0;1792000;1651110921.6693156
8;2048000.0;2048000;1651111014.647169
9;2304000.0;2304000;1651111107.2320504
10;2560000.0;2560000;1651111199.894482
11;2816000.0;2816000;1651111292.925048
12;3072000.0;3072000;1651111386.1341658
13;3328000.0;3328000;1651111479.4988272
14;3584000.0;3584000;1651111572.635003
15;3840000.0;3840000;1651111665.6844664
16;4096000.0;4096000;1651111758.9146776
17;4352000.0;4352000;1651111851.666879
18;4608000.0;4608000;1651111944.4499588
19;4864000.0;4864000;1651112037.1082637
20;5120000.0;5120000;1651112129.6588411
21;5376000.0;5376000;1651112221.8507423
22;5632000.0;5632000;1651112314.0417109
23;5888000.0;5888000;1651112406.3387518
24;6144000.0;6144000;1651112498.565863
25;6400000.0;6400000;1651112590.6331184
26;6656000.0;6656000;1651112682.9560492
27;6912000.0;6912000;1651112775.1540732
28;7168000.0;7168000;1651112867.6505969
29;7424000.0;7424000;1651112959.8021517
30;7680000.0;7680000;1651113051.5703652
31;7936000.0;7936000;1651113143.3746479
32;8192000.0;8192000;1651113236.0252533
33;8448000.0;8448000;1651113328.3498967
34;8704000.0;8704000;1651113420.6056523
35;8960000.0;8960000;1651113512.8481476
36;9216000.0;9216000;1651113605.1230118
37;9472000.0;9472000;1651113697.4447854
38;9728000.0;9728000;1651113790.3376253
39;9984000.0;9984000;1651113883.2035072
40;10240000.0;10240000;1651113976.1172154
41;10496000.0;10496000;1651114069.0252037
42;10752000.0;10752000;1651114161.7363722
43;11008000.0;11008000;1651114254.4915829
44;11264000.0;11264000;1651114347.2220318
45;11520000.0;11520000;1651114439.8017256
46;11776000.0;11776000;1651114532.4330988
47;12032000.0;12032000;1651114624.8465075
48;12288000.0;12288000;1651114716.8915958
49;12544000.0;12544000;1651114808.7807753
50;12800000.0;12800000;1651114900.8312714
