;test/env_step;Steps;Wall_Time
0;0.0;0;1650722922.6606677
1;256000.0;256000;1650723022.7075202
2;512000.0;512000;1650723122.5618224
3;768000.0;768000;1650723222.105526
4;1024000.0;1024000;1650723322.0965087
5;1280000.0;1280000;1650723422.475264
6;1536000.0;1536000;1650723522.8639395
7;1792000.0;1792000;1650723623.8612869
8;2048000.0;2048000;1650723724.5415452
9;2304000.0;2304000;1650723825.0155625
10;2560000.0;2560000;1650723925.4289198
11;2816000.0;2816000;1650724025.1301987
12;3072000.0;3072000;1650724124.9492073
13;3328000.0;3328000;1650724224.7185578
14;3584000.0;3584000;1650724324.509829
15;3840000.0;3840000;1650724424.365403
16;4096000.0;4096000;1650724537.3463445
17;4352000.0;4352000;1650724647.329903
18;4608000.0;4608000;1650724747.9136126
19;4864000.0;4864000;1650724848.5012999
20;5120000.0;5120000;1650724949.180713
21;5376000.0;5376000;1650725049.7382066
22;5632000.0;5632000;1650725150.039799
23;5888000.0;5888000;1650725250.068687
24;6144000.0;6144000;1650725349.7989085
25;6400000.0;6400000;1650725449.806308
26;6656000.0;6656000;1650725549.6772702
27;6912000.0;6912000;1650725650.5248237
28;7168000.0;7168000;1650725751.074119
29;7424000.0;7424000;1650725851.385087
30;7680000.0;7680000;1650725954.533399
31;7936000.0;7936000;1650726054.018361
32;8192000.0;8192000;1650726153.6000297
33;8448000.0;8448000;1650726253.167341
34;8704000.0;8704000;1650726352.732362
35;8960000.0;8960000;1650726452.4570484
36;9216000.0;9216000;1650726552.2572567
37;9472000.0;9472000;1650726652.2311018
38;9728000.0;9728000;1650726752.2225347
39;9984000.0;9984000;1650726852.3650537
40;10240000.0;10240000;1650726952.941903
41;10496000.0;10496000;1650727053.598074
42;10752000.0;10752000;1650727154.3589091
43;11008000.0;11008000;1650727255.1453297
44;11264000.0;11264000;1650727355.6070518
45;11520000.0;11520000;1650727456.2087424
46;11776000.0;11776000;1650727555.916467
47;12032000.0;12032000;1650727655.8261514
48;12288000.0;12288000;1650727755.2755692
49;12544000.0;12544000;1650727855.1801107
50;12800000.0;12800000;1650727955.4115407
