;test/env_step;Steps;Wall_Time
0;0.0;0;1651383930.4831312
1;256000.0;256000;1651384071.966585
2;512000.0;512000;1651384211.9126885
3;768000.0;768000;1651384356.2009354
4;1024000.0;1024000;1651384496.0339196
5;1280000.0;1280000;1651384636.07552
6;1536000.0;1536000;1651384776.8046288
7;1792000.0;1792000;1651384916.9113886
8;2048000.0;2048000;1651385057.905144
9;2304000.0;2304000;1651385198.6435843
10;2560000.0;2560000;1651385338.4104147
11;2816000.0;2816000;1651385478.280269
12;3072000.0;3072000;1651385618.5656102
13;3328000.0;3328000;1651385764.1042225
14;3584000.0;3584000;1651385904.5515933
15;3840000.0;3840000;1651386044.2270684
16;4096000.0;4096000;1651386184.249977
17;4352000.0;4352000;1651386325.1246076
18;4608000.0;4608000;1651386466.423709
19;4864000.0;4864000;1651386606.1790853
20;5120000.0;5120000;1651386745.826073
21;5376000.0;5376000;1651386885.9819648
22;5632000.0;5632000;1651387025.7223048
23;5888000.0;5888000;1651387166.193523
24;6144000.0;6144000;1651387307.47001
25;6400000.0;6400000;1651387447.5506516
26;6656000.0;6656000;1651387589.9733849
27;6912000.0;6912000;1651387729.7828388
28;7168000.0;7168000;1651387869.979613
29;7424000.0;7424000;1651388011.7809532
30;7680000.0;7680000;1651388152.6702366
31;7936000.0;7936000;1651388292.952905
32;8192000.0;8192000;1651388433.2109144
33;8448000.0;8448000;1651388574.8212502
34;8704000.0;8704000;1651388716.2326841
35;8960000.0;8960000;1651388856.6941764
36;9216000.0;9216000;1651388996.7423286
37;9472000.0;9472000;1651389136.8524215
38;9728000.0;9728000;1651389277.7676203
39;9984000.0;9984000;1651389417.824624
40;10240000.0;10240000;1651389557.2760167
41;10496000.0;10496000;1651389697.3144612
42;10752000.0;10752000;1651389837.768945
43;11008000.0;11008000;1651389978.1492436
44;11264000.0;11264000;1651390119.4799907
45;11520000.0;11520000;1651390259.5912719
46;11776000.0;11776000;1651390399.7836275
47;12032000.0;12032000;1651390540.5351923
48;12288000.0;12288000;1651390680.5035534
49;12544000.0;12544000;1651390820.9420667
50;12800000.0;12800000;1651390960.6771238
