;test/env_step;Steps;Wall_Time
0;0.0;0;1648943343.0022871
1;256000.0;256000;1648943440.485112
2;512000.0;512000;1648943537.1320364
3;768000.0;768000;1648943633.8833365
4;1024000.0;1024000;1648943730.8953016
5;1280000.0;1280000;1648943827.6650572
6;1536000.0;1536000;1648943924.3766098
7;1792000.0;1792000;1648944021.0553334
8;2048000.0;2048000;1648944117.8350484
9;2304000.0;2304000;1648944214.50081
10;2560000.0;2560000;1648944311.0869
11;2816000.0;2816000;1648944407.955592
12;3072000.0;3072000;1648944504.9385405
13;3328000.0;3328000;1648944601.803568
14;3584000.0;3584000;1648944698.5534165
15;3840000.0;3840000;1648944795.3449402
16;4096000.0;4096000;1648944892.2426689
17;4352000.0;4352000;1648944989.205058
18;4608000.0;4608000;1648945086.4265528
19;4864000.0;4864000;1648945183.711495
20;5120000.0;5120000;1648945281.0799325
21;5376000.0;5376000;1648945378.443678
22;5632000.0;5632000;1648945475.9516823
23;5888000.0;5888000;1648945573.4485867
24;6144000.0;6144000;1648945670.8104231
25;6400000.0;6400000;1648945768.1714363
26;6656000.0;6656000;1648945865.5217288
27;6912000.0;6912000;1648945962.883185
28;7168000.0;7168000;1648946060.2244642
29;7424000.0;7424000;1648946157.5522602
30;7680000.0;7680000;1648946255.0160205
31;7936000.0;7936000;1648946352.6062572
32;8192000.0;8192000;1648946449.933943
33;8448000.0;8448000;1648946547.2124648
34;8704000.0;8704000;1648946644.750498
35;8960000.0;8960000;1648946742.15293
36;9216000.0;9216000;1648946839.420197
37;9472000.0;9472000;1648946936.73959
38;9728000.0;9728000;1648947033.9926655
39;9984000.0;9984000;1648947131.37311
40;10240000.0;10240000;1648947228.6384976
41;10496000.0;10496000;1648947325.87792
42;10752000.0;10752000;1648947423.105547
43;11008000.0;11008000;1648947520.363927
44;11264000.0;11264000;1648947617.7374916
45;11520000.0;11520000;1648947715.0902784
46;11776000.0;11776000;1648947812.4947963
47;12032000.0;12032000;1648947909.8438218
48;12288000.0;12288000;1648948007.2187371
49;12544000.0;12544000;1648948104.478081
50;12800000.0;12800000;1648948201.9101412
