;test/env_step;Steps;Wall_Time
0;0.0;0;1649522434.5940592
1;256000.0;256000;1649522553.5432014
2;512000.0;512000;1649522672.562401
3;768000.0;768000;1649522796.521437
4;1024000.0;1024000;1649522931.1543252
5;1280000.0;1280000;1649523065.9990828
6;1536000.0;1536000;1649523195.8581107
7;1792000.0;1792000;1649523314.345296
8;2048000.0;2048000;1649523433.053757
9;2304000.0;2304000;1649523551.5070486
10;2560000.0;2560000;1649523669.874222
11;2816000.0;2816000;1649523788.2417173
12;3072000.0;3072000;1649523906.8386798
13;3328000.0;3328000;1649524025.3732767
14;3584000.0;3584000;1649524143.6133466
15;3840000.0;3840000;1649524262.1418786
16;4096000.0;4096000;1649524380.7051713
17;4352000.0;4352000;1649524499.0712352
18;4608000.0;4608000;1649524617.5276616
19;4864000.0;4864000;1649524735.7354066
20;5120000.0;5120000;1649524853.8481658
21;5376000.0;5376000;1649524971.7847784
22;5632000.0;5632000;1649525089.789527
23;5888000.0;5888000;1649525207.639702
24;6144000.0;6144000;1649525325.7267487
25;6400000.0;6400000;1649525443.751283
26;6656000.0;6656000;1649525561.7707348
27;6912000.0;6912000;1649525679.843752
28;7168000.0;7168000;1649525797.767128
29;7424000.0;7424000;1649525915.8198488
30;7680000.0;7680000;1649526033.7574782
31;7936000.0;7936000;1649526152.0674965
32;8192000.0;8192000;1649526269.9691885
33;8448000.0;8448000;1649526387.8616989
34;8704000.0;8704000;1649526505.8185544
35;8960000.0;8960000;1649526623.8570013
36;9216000.0;9216000;1649526741.9013295
37;9472000.0;9472000;1649526860.1589036
38;9728000.0;9728000;1649526978.3917594
39;9984000.0;9984000;1649527096.376085
40;10240000.0;10240000;1649527214.2285619
41;10496000.0;10496000;1649527332.2499082
42;10752000.0;10752000;1649527450.185865
43;11008000.0;11008000;1649527567.8020816
44;11264000.0;11264000;1649527685.8916614
45;11520000.0;11520000;1649527803.7320874
46;11776000.0;11776000;1649527921.7114491
47;12032000.0;12032000;1649528040.4438415
48;12288000.0;12288000;1649528159.3375573
49;12544000.0;12544000;1649528278.0520496
50;12800000.0;12800000;1649528396.572105
