;test/env_step;Steps;Wall_Time
0;0.0;0;1648925656.4591289
1;256000.0;256000;1648925764.1135466
2;512000.0;512000;1648925871.8034887
3;768000.0;768000;1648925979.1678748
4;1024000.0;1024000;1648926086.6623993
5;1280000.0;1280000;1648926194.1416469
6;1536000.0;1536000;1648926301.8136885
7;1792000.0;1792000;1648926409.449257
8;2048000.0;2048000;1648926517.0452244
9;2304000.0;2304000;1648926624.6583898
10;2560000.0;2560000;1648926732.031758
11;2816000.0;2816000;1648926840.1867733
12;3072000.0;3072000;1648926948.4082208
13;3328000.0;3328000;1648927056.3653114
14;3584000.0;3584000;1648927164.5566177
15;3840000.0;3840000;1648927273.0459635
16;4096000.0;4096000;1648927381.448446
17;4352000.0;4352000;1648927489.5869536
18;4608000.0;4608000;1648927597.9371586
19;4864000.0;4864000;1648927706.2028205
20;5120000.0;5120000;1648927814.5513663
21;5376000.0;5376000;1648927922.90697
22;5632000.0;5632000;1648928031.1347857
23;5888000.0;5888000;1648928139.3007448
24;6144000.0;6144000;1648928247.559608
25;6400000.0;6400000;1648928355.6840358
26;6656000.0;6656000;1648928464.0346234
27;6912000.0;6912000;1648928572.2940466
28;7168000.0;7168000;1648928680.10148
29;7424000.0;7424000;1648928788.271958
30;7680000.0;7680000;1648928896.4559925
31;7936000.0;7936000;1648929004.837941
32;8192000.0;8192000;1648929112.468005
33;8448000.0;8448000;1648929220.1805975
34;8704000.0;8704000;1648929327.9899483
35;8960000.0;8960000;1648929434.8623104
36;9216000.0;9216000;1648929541.5478497
37;9472000.0;9472000;1648929647.9348247
38;9728000.0;9728000;1648929754.3196
39;9984000.0;9984000;1648929860.7104998
40;10240000.0;10240000;1648929967.1741767
41;10496000.0;10496000;1648930073.5999246
42;10752000.0;10752000;1648930180.1695478
43;11008000.0;11008000;1648930286.529905
44;11264000.0;11264000;1648930392.8712926
45;11520000.0;11520000;1648930500.131325
46;11776000.0;11776000;1648930607.4687574
47;12032000.0;12032000;1648930714.9637601
48;12288000.0;12288000;1648930822.3047872
49;12544000.0;12544000;1648930929.4682574
50;12800000.0;12800000;1648931036.6018708
