;test/env_step;Steps;Wall_Time
0;0.0;0;1648850523.6925561
1;256000.0;256000;1648850621.2478166
2;512000.0;512000;1648850718.7821698
3;768000.0;768000;1648850816.3619971
4;1024000.0;1024000;1648850914.0813594
5;1280000.0;1280000;1648851011.6066673
6;1536000.0;1536000;1648851108.9589102
7;1792000.0;1792000;1648851205.8613377
8;2048000.0;2048000;1648851302.792851
9;2304000.0;2304000;1648851399.6022596
10;2560000.0;2560000;1648851496.5046737
11;2816000.0;2816000;1648851593.4671996
12;3072000.0;3072000;1648851690.5420468
13;3328000.0;3328000;1648851787.5958343
14;3584000.0;3584000;1648851884.4795961
15;3840000.0;3840000;1648851981.11018
16;4096000.0;4096000;1648852077.6201828
17;4352000.0;4352000;1648852174.5784783
18;4608000.0;4608000;1648852271.8863502
19;4864000.0;4864000;1648852369.3312166
20;5120000.0;5120000;1648852466.6651316
21;5376000.0;5376000;1648852563.8838093
22;5632000.0;5632000;1648852661.0800674
23;5888000.0;5888000;1648852758.3787704
24;6144000.0;6144000;1648852855.4920049
25;6400000.0;6400000;1648852952.6659138
26;6656000.0;6656000;1648853050.037212
27;6912000.0;6912000;1648853147.416034
28;7168000.0;7168000;1648853244.368277
29;7424000.0;7424000;1648853340.9039662
30;7680000.0;7680000;1648853437.300592
31;7936000.0;7936000;1648853533.8777564
32;8192000.0;8192000;1648853630.487872
33;8448000.0;8448000;1648853726.877989
34;8704000.0;8704000;1648853823.4048035
35;8960000.0;8960000;1648853920.0903456
36;9216000.0;9216000;1648854016.6784954
37;9472000.0;9472000;1648854112.9512832
38;9728000.0;9728000;1648854209.7635682
39;9984000.0;9984000;1648854306.9298291
40;10240000.0;10240000;1648854404.0044546
41;10496000.0;10496000;1648854500.9347658
42;10752000.0;10752000;1648854598.024832
43;11008000.0;11008000;1648854695.057345
44;11264000.0;11264000;1648854792.0632844
45;11520000.0;11520000;1648854889.0879076
46;11776000.0;11776000;1648854986.4124038
47;12032000.0;12032000;1648855083.4772434
48;12288000.0;12288000;1648855180.6342382
49;12544000.0;12544000;1648855277.6549263
50;12800000.0;12800000;1648855374.859506
