;test/env_step;Steps;Wall_Time
0;0.0;0;1648982697.1055129
1;256000.0;256000;1648982816.898737
2;512000.0;512000;1648982936.6213984
3;768000.0;768000;1648983056.051792
4;1024000.0;1024000;1648983175.6751196
5;1280000.0;1280000;1648983295.2464774
6;1536000.0;1536000;1648983414.6111531
7;1792000.0;1792000;1648983533.9690714
8;2048000.0;2048000;1648983653.3837168
9;2304000.0;2304000;1648983772.7534173
10;2560000.0;2560000;1648983891.9770553
11;2816000.0;2816000;1648984011.0954156
12;3072000.0;3072000;1648984130.0095942
13;3328000.0;3328000;1648984248.4669244
14;3584000.0;3584000;1648984366.816907
15;3840000.0;3840000;1648984485.2079208
16;4096000.0;4096000;1648984603.6083803
17;4352000.0;4352000;1648984721.915175
18;4608000.0;4608000;1648984840.2530105
19;4864000.0;4864000;1648984958.7599761
20;5120000.0;5120000;1648985077.3830538
21;5376000.0;5376000;1648985195.8390954
22;5632000.0;5632000;1648985314.2580688
23;5888000.0;5888000;1648985432.8241851
24;6144000.0;6144000;1648985551.3622203
25;6400000.0;6400000;1648985669.7580533
26;6656000.0;6656000;1648985788.2596564
27;6912000.0;6912000;1648985906.8168113
28;7168000.0;7168000;1648986025.1755338
29;7424000.0;7424000;1648986143.4700952
30;7680000.0;7680000;1648986261.759368
31;7936000.0;7936000;1648986380.0207531
32;8192000.0;8192000;1648986498.2674117
33;8448000.0;8448000;1648986616.7453303
34;8704000.0;8704000;1648986735.1711333
35;8960000.0;8960000;1648986853.411333
36;9216000.0;9216000;1648986971.6312275
37;9472000.0;9472000;1648987089.9993646
38;9728000.0;9728000;1648987208.3585706
39;9984000.0;9984000;1648987326.5150592
40;10240000.0;10240000;1648987444.7857625
41;10496000.0;10496000;1648987563.0616388
42;10752000.0;10752000;1648987681.2597778
43;11008000.0;11008000;1648987799.4579566
44;11264000.0;11264000;1648987917.9571555
45;11520000.0;11520000;1648988036.449997
46;11776000.0;11776000;1648988154.7421174
47;12032000.0;12032000;1648988273.2086427
48;12288000.0;12288000;1648988391.4446578
49;12544000.0;12544000;1648988509.7625043
50;12800000.0;12800000;1648988627.9695892
