;test/env_step;Steps;Wall_Time
0;0.0;0;1649612228.3014963
1;256000.0;256000;1649612344.3697035
2;512000.0;512000;1649612460.3149498
3;768000.0;768000;1649612576.2866406
4;1024000.0;1024000;1649612692.286821
5;1280000.0;1280000;1649612808.4868326
6;1536000.0;1536000;1649612925.109372
7;1792000.0;1792000;1649613041.9714565
8;2048000.0;2048000;1649613158.4173074
9;2304000.0;2304000;1649613275.7819612
10;2560000.0;2560000;1649613391.6881442
11;2816000.0;2816000;1649613508.2942083
12;3072000.0;3072000;1649613624.611046
13;3328000.0;3328000;1649613741.595591
14;3584000.0;3584000;1649613858.4142756
15;3840000.0;3840000;1649613975.0150907
16;4096000.0;4096000;1649614091.1884046
17;4352000.0;4352000;1649614207.0842645
18;4608000.0;4608000;1649614323.7959762
19;4864000.0;4864000;1649614440.49618
20;5120000.0;5120000;1649614557.2848117
21;5376000.0;5376000;1649614674.2943625
22;5632000.0;5632000;1649614791.3665712
23;5888000.0;5888000;1649614908.3542066
24;6144000.0;6144000;1649615025.4363635
25;6400000.0;6400000;1649615142.5484748
26;6656000.0;6656000;1649615259.6483057
27;6912000.0;6912000;1649615375.854768
28;7168000.0;7168000;1649615491.7822158
29;7424000.0;7424000;1649615607.9328768
30;7680000.0;7680000;1649615724.4206557
31;7936000.0;7936000;1649615841.2494674
32;8192000.0;8192000;1649615958.189183
33;8448000.0;8448000;1649616074.9731436
34;8704000.0;8704000;1649616191.1954138
35;8960000.0;8960000;1649616307.482218
36;9216000.0;9216000;1649616424.0229461
37;9472000.0;9472000;1649616540.487646
38;9728000.0;9728000;1649616656.9313512
39;9984000.0;9984000;1649616773.162633
40;10240000.0;10240000;1649616889.9625258
41;10496000.0;10496000;1649617006.272399
42;10752000.0;10752000;1649617122.897518
43;11008000.0;11008000;1649617239.0174088
44;11264000.0;11264000;1649617355.4322257
45;11520000.0;11520000;1649617472.3458493
46;11776000.0;11776000;1649617589.209479
47;12032000.0;12032000;1649617705.6688302
48;12288000.0;12288000;1649617822.2353382
49;12544000.0;12544000;1649617938.7680385
50;12800000.0;12800000;1649618055.077388
