;test/env_step;Steps;Wall_Time
0;0.0;0;1650754933.7473874
1;256000.0;256000;1650755064.3248801
2;512000.0;512000;1650755188.6914732
3;768000.0;768000;1650755313.358323
4;1024000.0;1024000;1650755437.9878488
5;1280000.0;1280000;1650755562.4424937
6;1536000.0;1536000;1650755687.8206797
7;1792000.0;1792000;1650755811.9565287
8;2048000.0;2048000;1650755935.6992207
9;2304000.0;2304000;1650756059.9411037
10;2560000.0;2560000;1650756184.9919348
11;2816000.0;2816000;1650756309.2982917
12;3072000.0;3072000;1650756433.364742
13;3328000.0;3328000;1650756557.6423094
14;3584000.0;3584000;1650756681.8389437
15;3840000.0;3840000;1650756806.0089483
16;4096000.0;4096000;1650756930.3153303
17;4352000.0;4352000;1650757054.4907582
18;4608000.0;4608000;1650757179.060244
19;4864000.0;4864000;1650757303.663886
20;5120000.0;5120000;1650757427.77453
21;5376000.0;5376000;1650757552.0699735
22;5632000.0;5632000;1650757676.4924378
23;5888000.0;5888000;1650757800.8888602
24;6144000.0;6144000;1650757925.24426
25;6400000.0;6400000;1650758050.1435122
26;6656000.0;6656000;1650758191.7776668
27;6912000.0;6912000;1650758333.8168
28;7168000.0;7168000;1650758462.08597
29;7424000.0;7424000;1650758586.4643364
30;7680000.0;7680000;1650758710.9775658
31;7936000.0;7936000;1650758835.8237007
32;8192000.0;8192000;1650758960.6018536
33;8448000.0;8448000;1650759085.3875206
34;8704000.0;8704000;1650759209.4814503
35;8960000.0;8960000;1650759333.7089357
36;9216000.0;9216000;1650759458.1375175
37;9472000.0;9472000;1650759582.704406
38;9728000.0;9728000;1650759707.172388
39;9984000.0;9984000;1650759831.8229406
40;10240000.0;10240000;1650759956.4588423
41;10496000.0;10496000;1650760080.8684645
42;10752000.0;10752000;1650760205.13869
43;11008000.0;11008000;1650760329.5713081
44;11264000.0;11264000;1650760454.0518715
45;11520000.0;11520000;1650760578.3105552
46;11776000.0;11776000;1650760702.865246
47;12032000.0;12032000;1650760835.2324097
48;12288000.0;12288000;1650760973.0266678
49;12544000.0;12544000;1650761099.1650677
50;12800000.0;12800000;1650761223.0173473
