;test/env_step;Steps;Wall_Time
0;0.0;0;1648964125.03641
1;256000.0;256000;1648964248.8139148
2;512000.0;512000;1648964372.5369997
3;768000.0;768000;1648964495.9454226
4;1024000.0;1024000;1648964619.454321
5;1280000.0;1280000;1648964742.8475888
6;1536000.0;1536000;1648964866.3125243
7;1792000.0;1792000;1648964989.7612042
8;2048000.0;2048000;1648965113.2952735
9;2304000.0;2304000;1648965236.9689758
10;2560000.0;2560000;1648965361.3044522
11;2816000.0;2816000;1648965485.7964418
12;3072000.0;3072000;1648965610.2067773
13;3328000.0;3328000;1648965734.5739057
14;3584000.0;3584000;1648965858.776173
15;3840000.0;3840000;1648965983.0834312
16;4096000.0;4096000;1648966107.4644463
17;4352000.0;4352000;1648966231.7800565
18;4608000.0;4608000;1648966356.2604222
19;4864000.0;4864000;1648966480.6545496
20;5120000.0;5120000;1648966604.9374673
21;5376000.0;5376000;1648966729.236024
22;5632000.0;5632000;1648966853.7240932
23;5888000.0;5888000;1648966978.2680044
24;6144000.0;6144000;1648967102.8480425
25;6400000.0;6400000;1648967227.1970878
26;6656000.0;6656000;1648967351.735727
27;6912000.0;6912000;1648967476.1593356
28;7168000.0;7168000;1648967600.388324
29;7424000.0;7424000;1648967724.3359795
30;7680000.0;7680000;1648967848.1282842
31;7936000.0;7936000;1648967972.004051
32;8192000.0;8192000;1648968095.7749553
33;8448000.0;8448000;1648968219.6268387
34;8704000.0;8704000;1648968343.4565926
35;8960000.0;8960000;1648968467.2301693
36;9216000.0;9216000;1648968590.9518
37;9472000.0;9472000;1648968714.7966874
38;9728000.0;9728000;1648968838.5999818
39;9984000.0;9984000;1648968962.3257372
40;10240000.0;10240000;1648969086.2323859
41;10496000.0;10496000;1648969210.0729303
42;10752000.0;10752000;1648969333.920648
43;11008000.0;11008000;1648969457.6316473
44;11264000.0;11264000;1648969581.5579994
45;11520000.0;11520000;1648969705.3976254
46;11776000.0;11776000;1648969829.156568
47;12032000.0;12032000;1648969952.9084852
48;12288000.0;12288000;1648970076.7851684
49;12544000.0;12544000;1648970200.6958077
50;12800000.0;12800000;1648970324.4419012
