;test/env_step;Steps;Wall_Time
0;0.0;0;1649475831.8057315
1;256000.0;256000;1649475929.2758236
2;512000.0;512000;1649476026.550892
3;768000.0;768000;1649476123.7968223
4;1024000.0;1024000;1649476221.0781057
5;1280000.0;1280000;1649476318.3041666
6;1536000.0;1536000;1649476415.5560253
7;1792000.0;1792000;1649476512.6898067
8;2048000.0;2048000;1649476610.0350084
9;2304000.0;2304000;1649476707.3191214
10;2560000.0;2560000;1649476804.624462
11;2816000.0;2816000;1649476902.3370652
12;3072000.0;3072000;1649476999.6144276
13;3328000.0;3328000;1649477096.8088684
14;3584000.0;3584000;1649477194.0760314
15;3840000.0;3840000;1649477290.9633045
16;4096000.0;4096000;1649477387.5518415
17;4352000.0;4352000;1649477483.9969797
18;4608000.0;4608000;1649477580.4448416
19;4864000.0;4864000;1649477676.9363694
20;5120000.0;5120000;1649477773.4671063
21;5376000.0;5376000;1649477869.8447685
22;5632000.0;5632000;1649477966.2538931
23;5888000.0;5888000;1649478062.8384683
24;6144000.0;6144000;1649478159.5250008
25;6400000.0;6400000;1649478256.2551596
26;6656000.0;6656000;1649478353.3859417
27;6912000.0;6912000;1649478450.305894
28;7168000.0;7168000;1649478547.1236644
29;7424000.0;7424000;1649478643.9259021
30;7680000.0;7680000;1649478740.7772546
31;7936000.0;7936000;1649478837.7068639
32;8192000.0;8192000;1649478934.4769146
33;8448000.0;8448000;1649479031.2627506
34;8704000.0;8704000;1649479128.0533798
35;8960000.0;8960000;1649479224.9498496
36;9216000.0;9216000;1649479321.7371175
37;9472000.0;9472000;1649479418.750313
38;9728000.0;9728000;1649479526.7173936
39;9984000.0;9984000;1649479639.4143362
40;10240000.0;10240000;1649479751.9917421
41;10496000.0;10496000;1649479864.5842285
42;10752000.0;10752000;1649479977.1731517
43;11008000.0;11008000;1649480089.3074255
44;11264000.0;11264000;1649480201.397423
45;11520000.0;11520000;1649480313.6079617
46;11776000.0;11776000;1649480425.6139688
47;12032000.0;12032000;1649480537.8839383
48;12288000.0;12288000;1649480650.1058831
49;12544000.0;12544000;1649480762.384867
50;12800000.0;12800000;1649480874.8885307
