;test/env_step;Steps;Wall_Time
0;0.0;0;1649528414.743134
1;256000.0;256000;1649528535.4413679
2;512000.0;512000;1649528668.5557353
3;768000.0;768000;1649528805.1264026
4;1024000.0;1024000;1649528941.8006516
5;1280000.0;1280000;1649529078.2683108
6;1536000.0;1536000;1649529214.4120834
7;1792000.0;1792000;1649529350.4915004
8;2048000.0;2048000;1649529471.359194
9;2304000.0;2304000;1649529591.5166242
10;2560000.0;2560000;1649529711.4952946
11;2816000.0;2816000;1649529831.719194
12;3072000.0;3072000;1649529951.7720976
13;3328000.0;3328000;1649530071.6342654
14;3584000.0;3584000;1649530191.501284
15;3840000.0;3840000;1649530311.688452
16;4096000.0;4096000;1649530431.9249961
17;4352000.0;4352000;1649530551.6518226
18;4608000.0;4608000;1649530671.4595084
19;4864000.0;4864000;1649530791.1386375
20;5120000.0;5120000;1649530910.7048144
21;5376000.0;5376000;1649531030.4828086
22;5632000.0;5632000;1649531150.271058
23;5888000.0;5888000;1649531270.1150784
24;6144000.0;6144000;1649531389.8053112
25;6400000.0;6400000;1649531509.420131
26;6656000.0;6656000;1649531629.0792425
27;6912000.0;6912000;1649531748.846505
28;7168000.0;7168000;1649531868.5997508
29;7424000.0;7424000;1649531988.554299
30;7680000.0;7680000;1649532109.1768966
31;7936000.0;7936000;1649532229.928376
32;8192000.0;8192000;1649532350.4860368
33;8448000.0;8448000;1649532471.5065002
34;8704000.0;8704000;1649532592.2760894
35;8960000.0;8960000;1649532712.7304962
36;9216000.0;9216000;1649532832.8818557
37;9472000.0;9472000;1649532953.3177798
38;9728000.0;9728000;1649533073.2459302
39;9984000.0;9984000;1649533193.0200276
40;10240000.0;10240000;1649533312.7994862
41;10496000.0;10496000;1649533432.905917
42;10752000.0;10752000;1649533553.1756003
43;11008000.0;11008000;1649533673.0315216
44;11264000.0;11264000;1649533792.9979417
45;11520000.0;11520000;1649533913.4064083
46;11776000.0;11776000;1649534034.34162
47;12032000.0;12032000;1649534155.1594443
48;12288000.0;12288000;1649534275.2370846
49;12544000.0;12544000;1649534395.000503
50;12800000.0;12800000;1649534514.7821925
