;test/env_step;Steps;Wall_Time
0;0.0;0;1649024487.467075
1;256000.0;256000;1649024606.334372
2;512000.0;512000;1649024725.2910879
3;768000.0;768000;1649024844.2760837
4;1024000.0;1024000;1649024963.413758
5;1280000.0;1280000;1649025082.4498901
6;1536000.0;1536000;1649025201.5993347
7;1792000.0;1792000;1649025320.609196
8;2048000.0;2048000;1649025439.722852
9;2304000.0;2304000;1649025558.8208935
10;2560000.0;2560000;1649025677.9160194
11;2816000.0;2816000;1649025797.0907307
12;3072000.0;3072000;1649025916.1746178
13;3328000.0;3328000;1649026035.2215624
14;3584000.0;3584000;1649026154.246219
15;3840000.0;3840000;1649026273.3820415
16;4096000.0;4096000;1649026392.6548183
17;4352000.0;4352000;1649026511.7043254
18;4608000.0;4608000;1649026630.8608077
19;4864000.0;4864000;1649026749.9997349
20;5120000.0;5120000;1649026869.230623
21;5376000.0;5376000;1649026988.3575914
22;5632000.0;5632000;1649027107.6463983
23;5888000.0;5888000;1649027226.8758864
24;6144000.0;6144000;1649027346.0887616
25;6400000.0;6400000;1649027465.256639
26;6656000.0;6656000;1649027584.5120525
27;6912000.0;6912000;1649027703.8119943
28;7168000.0;7168000;1649027823.0432425
29;7424000.0;7424000;1649027942.2820284
30;7680000.0;7680000;1649028061.362876
31;7936000.0;7936000;1649028180.5478532
32;8192000.0;8192000;1649028299.731652
33;8448000.0;8448000;1649028418.7287912
34;8704000.0;8704000;1649028537.3532605
35;8960000.0;8960000;1649028655.7407568
36;9216000.0;9216000;1649028774.3552423
37;9472000.0;9472000;1649028893.0441904
38;9728000.0;9728000;1649029011.6861103
39;9984000.0;9984000;1649029130.2106974
40;10240000.0;10240000;1649029248.966047
41;10496000.0;10496000;1649029367.6362727
42;10752000.0;10752000;1649029486.3683476
43;11008000.0;11008000;1649029604.99595
44;11264000.0;11264000;1649029723.6105528
45;11520000.0;11520000;1649029842.1656334
46;11776000.0;11776000;1649029960.5590243
47;12032000.0;12032000;1649030079.072559
48;12288000.0;12288000;1649030197.6984422
49;12544000.0;12544000;1649030316.2621677
50;12800000.0;12800000;1649030434.6532054
