;test/env_step;Steps;Wall_Time
0;0.0;0;1650712900.604163
1;256000.0;256000;1650712999.8286307
2;512000.0;512000;1650713098.6168747
3;768000.0;768000;1650713196.8931813
4;1024000.0;1024000;1650713295.4059756
5;1280000.0;1280000;1650713393.948556
6;1536000.0;1536000;1650713492.0935612
7;1792000.0;1792000;1650713590.5434768
8;2048000.0;2048000;1650713689.0377223
9;2304000.0;2304000;1650713787.4779325
10;2560000.0;2560000;1650713885.8924048
11;2816000.0;2816000;1650713984.262631
12;3072000.0;3072000;1650714082.7498374
13;3328000.0;3328000;1650714180.9137204
14;3584000.0;3584000;1650714279.3113472
15;3840000.0;3840000;1650714377.8666387
16;4096000.0;4096000;1650714476.5280857
17;4352000.0;4352000;1650714574.796199
18;4608000.0;4608000;1650714672.7182815
19;4864000.0;4864000;1650714770.923542
20;5120000.0;5120000;1650714869.3654041
21;5376000.0;5376000;1650714967.9009936
22;5632000.0;5632000;1650715065.7599027
23;5888000.0;5888000;1650715163.6937203
24;6144000.0;6144000;1650715261.5885909
25;6400000.0;6400000;1650715359.8511605
26;6656000.0;6656000;1650715458.5236962
27;6912000.0;6912000;1650715557.3992834
28;7168000.0;7168000;1650715656.1186655
29;7424000.0;7424000;1650715754.7347727
30;7680000.0;7680000;1650715853.3429716
31;7936000.0;7936000;1650715952.1570885
32;8192000.0;8192000;1650716050.8873193
33;8448000.0;8448000;1650716149.112042
34;8704000.0;8704000;1650716247.6239803
35;8960000.0;8960000;1650716346.4605322
36;9216000.0;9216000;1650716444.6054673
37;9472000.0;9472000;1650716542.9862094
38;9728000.0;9728000;1650716641.220212
39;9984000.0;9984000;1650716739.2522953
40;10240000.0;10240000;1650716837.2586915
41;10496000.0;10496000;1650716935.2620263
42;10752000.0;10752000;1650717033.2864597
43;11008000.0;11008000;1650717132.2790217
44;11264000.0;11264000;1650717231.3826945
45;11520000.0;11520000;1650717330.1104553
46;11776000.0;11776000;1650717428.5077448
47;12032000.0;12032000;1650717526.6238859
48;12288000.0;12288000;1650717625.2412744
49;12544000.0;12544000;1650717723.854917
50;12800000.0;12800000;1650717821.9929073
