;test/env_step;Steps;Wall_Time
0;0.0;0;1649098409.4077606
1;256000.0;256000;1649098556.656539
2;512000.0;512000;1649098672.1291463
3;768000.0;768000;1649098780.2625015
4;1024000.0;1024000;1649098888.3832052
5;1280000.0;1280000;1649099019.9947374
6;1536000.0;1536000;1649099177.3929777
7;1792000.0;1792000;1649099289.9491992
8;2048000.0;2048000;1649099404.125449
9;2304000.0;2304000;1649099548.8717952
10;2560000.0;2560000;1649099656.4824693
11;2816000.0;2816000;1649099763.7623112
12;3072000.0;3072000;1649099871.0963557
13;3328000.0;3328000;1649100026.1358364
14;3584000.0;3584000;1649100164.7815936
15;3840000.0;3840000;1649100276.4705577
16;4096000.0;4096000;1649100386.6880453
17;4352000.0;4352000;1649100495.6618962
18;4608000.0;4608000;1649100604.921424
19;4864000.0;4864000;1649100714.2605894
20;5120000.0;5120000;1649100823.585441
21;5376000.0;5376000;1649100933.0436563
22;5632000.0;5632000;1649101042.595996
23;5888000.0;5888000;1649101152.0288403
24;6144000.0;6144000;1649101261.4684234
25;6400000.0;6400000;1649101370.8560493
26;6656000.0;6656000;1649101480.3942087
27;6912000.0;6912000;1649101589.8407543
28;7168000.0;7168000;1649101699.2569869
29;7424000.0;7424000;1649101808.6449194
30;7680000.0;7680000;1649101918.1010642
31;7936000.0;7936000;1649102027.5039945
32;8192000.0;8192000;1649102137.0146737
33;8448000.0;8448000;1649102246.6421998
34;8704000.0;8704000;1649102356.3053122
35;8960000.0;8960000;1649102465.8699863
36;9216000.0;9216000;1649102575.3748264
37;9472000.0;9472000;1649102684.7164726
38;9728000.0;9728000;1649102793.8790286
39;9984000.0;9984000;1649102902.9311764
40;10240000.0;10240000;1649103012.1319466
41;10496000.0;10496000;1649103121.2120621
42;10752000.0;10752000;1649103230.4016187
43;11008000.0;11008000;1649103339.7032807
44;11264000.0;11264000;1649103449.0519776
45;11520000.0;11520000;1649103558.5687385
46;11776000.0;11776000;1649103667.9852636
47;12032000.0;12032000;1649103777.3311465
48;12288000.0;12288000;1649103886.6986072
49;12544000.0;12544000;1649103995.8314376
50;12800000.0;12800000;1649104105.1437337
