;test/env_step;Steps;Wall_Time
0;0.0;0;1651114918.2564507
1;256000.0;256000;1651115013.9363499
2;512000.0;512000;1651115109.2735043
3;768000.0;768000;1651115204.7052119
4;1024000.0;1024000;1651115300.2239416
5;1280000.0;1280000;1651115395.8788147
6;1536000.0;1536000;1651115491.3121912
7;1792000.0;1792000;1651115585.940561
8;2048000.0;2048000;1651115680.7978077
9;2304000.0;2304000;1651115776.1746566
10;2560000.0;2560000;1651115871.30855
11;2816000.0;2816000;1651115966.1049652
12;3072000.0;3072000;1651116060.7460659
13;3328000.0;3328000;1651116155.8709903
14;3584000.0;3584000;1651116251.4335968
15;3840000.0;3840000;1651116346.3248444
16;4096000.0;4096000;1651116441.0074894
17;4352000.0;4352000;1651116536.374389
18;4608000.0;4608000;1651116631.5468566
19;4864000.0;4864000;1651116726.7233055
20;5120000.0;5120000;1651116822.0004895
21;5376000.0;5376000;1651116916.6376305
22;5632000.0;5632000;1651117011.4135265
23;5888000.0;5888000;1651117105.901095
24;6144000.0;6144000;1651117200.459924
25;6400000.0;6400000;1651117295.7147458
26;6656000.0;6656000;1651117391.1679041
27;6912000.0;6912000;1651117486.469645
28;7168000.0;7168000;1651117581.4659195
29;7424000.0;7424000;1651117676.5489006
30;7680000.0;7680000;1651117771.0728712
31;7936000.0;7936000;1651117866.0791214
32;8192000.0;8192000;1651117961.3261397
33;8448000.0;8448000;1651118056.610339
34;8704000.0;8704000;1651118151.5414119
35;8960000.0;8960000;1651118251.0935388
36;9216000.0;9216000;1651118346.3506436
37;9472000.0;9472000;1651118442.1557481
38;9728000.0;9728000;1651118537.7371256
39;9984000.0;9984000;1651118632.446973
40;10240000.0;10240000;1651118727.0854034
41;10496000.0;10496000;1651118821.5116675
42;10752000.0;10752000;1651118916.7533011
43;11008000.0;11008000;1651119012.1319687
44;11264000.0;11264000;1651119107.580888
45;11520000.0;11520000;1651119202.5351527
46;11776000.0;11776000;1651119297.7877243
47;12032000.0;12032000;1651119392.9694235
48;12288000.0;12288000;1651119488.340235
49;12544000.0;12544000;1651119583.5141802
50;12800000.0;12800000;1651119678.417728
