;test/env_step;Steps;Wall_Time
0;0.0;0;1649545624.6787894
1;256000.0;256000;1649545736.617065
2;512000.0;512000;1649545848.5151792
3;768000.0;768000;1649545960.6933038
4;1024000.0;1024000;1649546072.54626
5;1280000.0;1280000;1649546180.629835
6;1536000.0;1536000;1649546276.4879324
7;1792000.0;1792000;1649546372.428065
8;2048000.0;2048000;1649546468.3771555
9;2304000.0;2304000;1649546564.1325014
10;2560000.0;2560000;1649546659.940291
11;2816000.0;2816000;1649546755.8258178
12;3072000.0;3072000;1649546851.8129766
13;3328000.0;3328000;1649546947.4524896
14;3584000.0;3584000;1649547043.1557913
15;3840000.0;3840000;1649547138.7816367
16;4096000.0;4096000;1649547234.6640992
17;4352000.0;4352000;1649547330.5725937
18;4608000.0;4608000;1649547426.5870914
19;4864000.0;4864000;1649547522.5898705
20;5120000.0;5120000;1649547618.829081
21;5376000.0;5376000;1649547715.117029
22;5632000.0;5632000;1649547811.3253832
23;5888000.0;5888000;1649547907.357627
24;6144000.0;6144000;1649548003.3941944
25;6400000.0;6400000;1649548100.1507456
26;6656000.0;6656000;1649548196.9500682
27;6912000.0;6912000;1649548293.067048
28;7168000.0;7168000;1649548388.9829607
29;7424000.0;7424000;1649548484.7520974
30;7680000.0;7680000;1649548580.6395595
31;7936000.0;7936000;1649548676.7617788
32;8192000.0;8192000;1649548772.9249494
33;8448000.0;8448000;1649548868.9913797
34;8704000.0;8704000;1649548964.9688878
35;8960000.0;8960000;1649549060.9257314
36;9216000.0;9216000;1649549156.800785
37;9472000.0;9472000;1649549252.71349
38;9728000.0;9728000;1649549348.9638498
39;9984000.0;9984000;1649549445.7630792
40;10240000.0;10240000;1649549542.4288356
41;10496000.0;10496000;1649549638.8023148
42;10752000.0;10752000;1649549734.896496
43;11008000.0;11008000;1649549831.1172452
44;11264000.0;11264000;1649549927.218849
45;11520000.0;11520000;1649550024.042685
46;11776000.0;11776000;1649550120.9543345
47;12032000.0;12032000;1649550217.845295
48;12288000.0;12288000;1649550314.5554874
49;12544000.0;12544000;1649550411.431662
50;12800000.0;12800000;1649550508.40437
