;test/env_step;Steps;Wall_Time
0;0.0;0;1651362840.271549
1;256000.0;256000;1651362981.9672556
2;512000.0;512000;1651363123.3676915
3;768000.0;768000;1651363264.5310395
4;1024000.0;1024000;1651363405.7172644
5;1280000.0;1280000;1651363546.7664106
6;1536000.0;1536000;1651363688.1036496
7;1792000.0;1792000;1651363830.3532853
8;2048000.0;2048000;1651363972.0509493
9;2304000.0;2304000;1651364113.216053
10;2560000.0;2560000;1651364255.2658713
11;2816000.0;2816000;1651364396.8774433
12;3072000.0;3072000;1651364538.0366096
13;3328000.0;3328000;1651364679.8685029
14;3584000.0;3584000;1651364820.828687
15;3840000.0;3840000;1651364962.402311
16;4096000.0;4096000;1651365104.113226
17;4352000.0;4352000;1651365245.2298598
18;4608000.0;4608000;1651365387.2846138
19;4864000.0;4864000;1651365528.9993467
20;5120000.0;5120000;1651365670.247642
21;5376000.0;5376000;1651365811.6286209
22;5632000.0;5632000;1651365952.9156077
23;5888000.0;5888000;1651366094.4651272
24;6144000.0;6144000;1651366235.717282
25;6400000.0;6400000;1651366377.582043
26;6656000.0;6656000;1651366519.290903
27;6912000.0;6912000;1651366660.8270395
28;7168000.0;7168000;1651366802.1709313
29;7424000.0;7424000;1651366943.1860404
30;7680000.0;7680000;1651367084.3065166
31;7936000.0;7936000;1651367225.9243314
32;8192000.0;8192000;1651367367.897546
33;8448000.0;8448000;1651367508.7359717
34;8704000.0;8704000;1651367649.6934772
35;8960000.0;8960000;1651367791.0839517
36;9216000.0;9216000;1651367932.6335397
37;9472000.0;9472000;1651368074.2300603
38;9728000.0;9728000;1651368215.985303
39;9984000.0;9984000;1651368358.2980838
40;10240000.0;10240000;1651368499.9664552
41;10496000.0;10496000;1651368641.433216
42;10752000.0;10752000;1651368782.9362948
43;11008000.0;11008000;1651368924.7040493
44;11264000.0;11264000;1651369066.6385622
45;11520000.0;11520000;1651369207.7160146
46;11776000.0;11776000;1651369348.6979792
47;12032000.0;12032000;1651369490.8345764
48;12288000.0;12288000;1651369632.7117188
49;12544000.0;12544000;1651369774.3131719
50;12800000.0;12800000;1651369916.0368056
