;test/env_step;Steps;Wall_Time
0;0.0;0;1651065758.819327
1;256000.0;256000;1651065856.0978289
2;512000.0;512000;1651065953.098666
3;768000.0;768000;1651066049.7433167
4;1024000.0;1024000;1651066146.5371218
5;1280000.0;1280000;1651066243.0223577
6;1536000.0;1536000;1651066339.30595
7;1792000.0;1792000;1651066435.0998657
8;2048000.0;2048000;1651066531.5863423
9;2304000.0;2304000;1651066628.009512
10;2560000.0;2560000;1651066724.8761358
11;2816000.0;2816000;1651066821.1425228
12;3072000.0;3072000;1651066917.644958
13;3328000.0;3328000;1651067013.6994076
14;3584000.0;3584000;1651067109.9058053
15;3840000.0;3840000;1651067206.4144118
16;4096000.0;4096000;1651067302.711262
17;4352000.0;4352000;1651067398.6659832
18;4608000.0;4608000;1651067494.6879609
19;4864000.0;4864000;1651067590.745128
20;5120000.0;5120000;1651067686.6756637
21;5376000.0;5376000;1651067782.6696572
22;5632000.0;5632000;1651067878.8235416
23;5888000.0;5888000;1651067975.367881
24;6144000.0;6144000;1651068072.0262275
25;6400000.0;6400000;1651068168.3725348
26;6656000.0;6656000;1651068264.7669635
27;6912000.0;6912000;1651068361.3188405
28;7168000.0;7168000;1651068457.725763
29;7424000.0;7424000;1651068554.0221028
30;7680000.0;7680000;1651068650.3498747
31;7936000.0;7936000;1651068746.6879442
32;8192000.0;8192000;1651068842.9823356
33;8448000.0;8448000;1651068939.3147094
34;8704000.0;8704000;1651069035.1581724
35;8960000.0;8960000;1651069131.2803845
36;9216000.0;9216000;1651069227.3090959
37;9472000.0;9472000;1651069323.1463554
38;9728000.0;9728000;1651069419.030967
39;9984000.0;9984000;1651069515.32957
40;10240000.0;10240000;1651069611.5113275
41;10496000.0;10496000;1651069708.2640636
42;10752000.0;10752000;1651069804.9574301
43;11008000.0;11008000;1651069901.3644452
44;11264000.0;11264000;1651069997.5560553
45;11520000.0;11520000;1651070093.78416
46;11776000.0;11776000;1651070189.728914
47;12032000.0;12032000;1651070285.623685
48;12288000.0;12288000;1651070381.7265127
49;12544000.0;12544000;1651070477.7334783
50;12800000.0;12800000;1651070573.9920523
