;test/env_step;Steps;Wall_Time
0;0.0;0;1648895161.377047
1;256000.0;256000;1648895280.575838
2;512000.0;512000;1648895399.1914825
3;768000.0;768000;1648895518.149396
4;1024000.0;1024000;1648895639.1303742
5;1280000.0;1280000;1648895757.8866153
6;1536000.0;1536000;1648895876.6216743
7;1792000.0;1792000;1648895994.7082398
8;2048000.0;2048000;1648896113.2281396
9;2304000.0;2304000;1648896231.70201
10;2560000.0;2560000;1648896350.333002
11;2816000.0;2816000;1648896469.1295893
12;3072000.0;3072000;1648896587.7357163
13;3328000.0;3328000;1648896706.148169
14;3584000.0;3584000;1648896824.8692548
15;3840000.0;3840000;1648896943.6253977
16;4096000.0;4096000;1648897062.5752094
17;4352000.0;4352000;1648897181.3286784
18;4608000.0;4608000;1648897299.9782805
19;4864000.0;4864000;1648897418.1344125
20;5120000.0;5120000;1648897536.0016963
21;5376000.0;5376000;1648897653.6792407
22;5632000.0;5632000;1648897772.110687
23;5888000.0;5888000;1648897890.5072691
24;6144000.0;6144000;1648898008.8790257
25;6400000.0;6400000;1648898127.003153
26;6656000.0;6656000;1648898245.6372812
27;6912000.0;6912000;1648898364.0483453
28;7168000.0;7168000;1648898482.5794404
29;7424000.0;7424000;1648898601.1010041
30;7680000.0;7680000;1648898719.6326427
31;7936000.0;7936000;1648898837.7700248
32;8192000.0;8192000;1648898955.8052907
33;8448000.0;8448000;1648899074.0153897
34;8704000.0;8704000;1648899192.6289806
35;8960000.0;8960000;1648899311.8099074
36;9216000.0;9216000;1648899430.747802
37;9472000.0;9472000;1648899549.879822
38;9728000.0;9728000;1648899668.5480993
39;9984000.0;9984000;1648899786.7113848
40;10240000.0;10240000;1648899904.8549223
41;10496000.0;10496000;1648900023.1264334
42;10752000.0;10752000;1648900141.4418454
43;11008000.0;11008000;1648900259.4898481
44;11264000.0;11264000;1648900377.7216291
45;11520000.0;11520000;1648900496.5063818
46;11776000.0;11776000;1648900616.780612
47;12032000.0;12032000;1648900737.3435042
48;12288000.0;12288000;1648900858.0274222
49;12544000.0;12544000;1648900979.0917647
50;12800000.0;12800000;1648901100.0275316
