;test/env_step;Steps;Wall_Time
0;0.0;0;1648860276.948378
1;256000.0;256000;1648860372.9144425
2;512000.0;512000;1648860469.0108454
3;768000.0;768000;1648860564.8872893
4;1024000.0;1024000;1648860660.6362467
5;1280000.0;1280000;1648860756.2399986
6;1536000.0;1536000;1648860851.8322942
7;1792000.0;1792000;1648860947.40069
8;2048000.0;2048000;1648861042.9995244
9;2304000.0;2304000;1648861138.6690617
10;2560000.0;2560000;1648861234.2858233
11;2816000.0;2816000;1648861329.9028625
12;3072000.0;3072000;1648861425.6381867
13;3328000.0;3328000;1648861521.1525388
14;3584000.0;3584000;1648861616.6775875
15;3840000.0;3840000;1648861712.1449041
16;4096000.0;4096000;1648861807.812782
17;4352000.0;4352000;1648861903.564154
18;4608000.0;4608000;1648861999.048287
19;4864000.0;4864000;1648862094.7320144
20;5120000.0;5120000;1648862190.390948
21;5376000.0;5376000;1648862285.8428407
22;5632000.0;5632000;1648862381.4514475
23;5888000.0;5888000;1648862476.884521
24;6144000.0;6144000;1648862572.5413942
25;6400000.0;6400000;1648862667.9922526
26;6656000.0;6656000;1648862763.3595264
27;6912000.0;6912000;1648862859.0784214
28;7168000.0;7168000;1648862954.6512337
29;7424000.0;7424000;1648863050.1484902
30;7680000.0;7680000;1648863145.703374
31;7936000.0;7936000;1648863241.3692057
32;8192000.0;8192000;1648863337.0274787
33;8448000.0;8448000;1648863432.6969936
34;8704000.0;8704000;1648863528.304199
35;8960000.0;8960000;1648863623.3713965
36;9216000.0;9216000;1648863718.2488074
37;9472000.0;9472000;1648863813.2893255
38;9728000.0;9728000;1648863907.9724536
39;9984000.0;9984000;1648864002.9776688
40;10240000.0;10240000;1648864097.8961341
41;10496000.0;10496000;1648864192.7755544
42;10752000.0;10752000;1648864288.4647763
43;11008000.0;11008000;1648864383.737776
44;11264000.0;11264000;1648864479.1838717
45;11520000.0;11520000;1648864574.5358984
46;11776000.0;11776000;1648864670.0560048
47;12032000.0;12032000;1648864765.1142166
48;12288000.0;12288000;1648864860.186264
49;12544000.0;12544000;1648864963.995829
50;12800000.0;12800000;1648865073.1764593
