;test/env_step;Steps;Wall_Time
0;0.0;0;1650771187.3109908
1;256000.0;256000;1650771315.4997387
2;512000.0;512000;1650771442.9441142
3;768000.0;768000;1650771569.9320521
4;1024000.0;1024000;1650771697.3785968
5;1280000.0;1280000;1650771824.3516712
6;1536000.0;1536000;1650771955.139926
7;1792000.0;1792000;1650772081.6524005
8;2048000.0;2048000;1650772208.3414304
9;2304000.0;2304000;1650772335.171645
10;2560000.0;2560000;1650772461.719
11;2816000.0;2816000;1650772588.1695755
12;3072000.0;3072000;1650772714.7021363
13;3328000.0;3328000;1650772842.0291169
14;3584000.0;3584000;1650772968.7282667
15;3840000.0;3840000;1650773094.7907217
16;4096000.0;4096000;1650773221.1749434
17;4352000.0;4352000;1650773347.4544585
18;4608000.0;4608000;1650773474.041786
19;4864000.0;4864000;1650773600.8268247
20;5120000.0;5120000;1650773728.0537794
21;5376000.0;5376000;1650773854.9289155
22;5632000.0;5632000;1650773982.387836
23;5888000.0;5888000;1650774109.3313131
24;6144000.0;6144000;1650774236.578182
25;6400000.0;6400000;1650774363.698971
26;6656000.0;6656000;1650774490.3723295
27;6912000.0;6912000;1650774616.592431
28;7168000.0;7168000;1650774742.9928734
29;7424000.0;7424000;1650774869.417808
30;7680000.0;7680000;1650774995.7796462
31;7936000.0;7936000;1650775123.261273
32;8192000.0;8192000;1650775250.4092715
33;8448000.0;8448000;1650775377.1632438
34;8704000.0;8704000;1650775503.4797337
35;8960000.0;8960000;1650775630.463148
36;9216000.0;9216000;1650775757.2790034
37;9472000.0;9472000;1650775884.092864
38;9728000.0;9728000;1650776010.9582288
39;9984000.0;9984000;1650776137.9007401
40;10240000.0;10240000;1650776265.1592958
41;10496000.0;10496000;1650776392.166933
42;10752000.0;10752000;1650776519.2160974
43;11008000.0;11008000;1650776646.43762
44;11264000.0;11264000;1650776773.4434578
45;11520000.0;11520000;1650776900.199856
46;11776000.0;11776000;1650777026.6497962
47;12032000.0;12032000;1650777153.539156
48;12288000.0;12288000;1650777280.1032493
49;12544000.0;12544000;1650777409.753912
50;12800000.0;12800000;1650777537.306126
