;test/env_step;Steps;Wall_Time
0;0.0;0;1649090492.7460716
1;256000.0;256000;1649090633.7661982
2;512000.0;512000;1649090777.0231438
3;768000.0;768000;1649090962.2541604
4;1024000.0;1024000;1649091106.7794373
5;1280000.0;1280000;1649091246.3741271
6;1536000.0;1536000;1649091402.8226423
7;1792000.0;1792000;1649091601.820111
8;2048000.0;2048000;1649091745.286702
9;2304000.0;2304000;1649091932.2040827
10;2560000.0;2560000;1649092075.1597245
11;2816000.0;2816000;1649092214.7654583
12;3072000.0;3072000;1649092384.087748
13;3328000.0;3328000;1649092575.8146007
14;3584000.0;3584000;1649092717.3845325
15;3840000.0;3840000;1649092897.6825993
16;4096000.0;4096000;1649093039.3895202
17;4352000.0;4352000;1649093179.1570601
18;4608000.0;4608000;1649093344.5385566
19;4864000.0;4864000;1649093540.8163273
20;5120000.0;5120000;1649093682.5853646
21;5376000.0;5376000;1649093855.8871136
22;5632000.0;5632000;1649093997.3941336
23;5888000.0;5888000;1649094137.0626822
24;6144000.0;6144000;1649094295.9139779
25;6400000.0;6400000;1649094478.8098962
26;6656000.0;6656000;1649094620.6802602
27;6912000.0;6912000;1649094792.6699493
28;7168000.0;7168000;1649094934.451017
29;7424000.0;7424000;1649095074.5096922
30;7680000.0;7680000;1649095234.1715631
31;7936000.0;7936000;1649095418.6773777
32;8192000.0;8192000;1649095560.5318434
33;8448000.0;8448000;1649095735.9900029
34;8704000.0;8704000;1649095878.2264724
35;8960000.0;8960000;1649096018.2671006
36;9216000.0;9216000;1649096178.623592
37;9472000.0;9472000;1649096360.402311
38;9728000.0;9728000;1649096502.0587323
39;9984000.0;9984000;1649096677.9750123
40;10240000.0;10240000;1649096820.0224864
41;10496000.0;10496000;1649096960.0139005
42;10752000.0;10752000;1649097122.3401182
43;11008000.0;11008000;1649097301.4459713
44;11264000.0;11264000;1649097443.6981997
45;11520000.0;11520000;1649097621.0091882
46;11776000.0;11776000;1649097762.8513613
47;12032000.0;12032000;1649097902.3878999
48;12288000.0;12288000;1649098059.872227
49;12544000.0;12544000;1649098246.48566
50;12800000.0;12800000;1649098389.218429
