;test/env_step;Steps;Wall_Time
0;0.0;0;1650752074.8735569
1;256000.0;256000;1650752201.0734909
2;512000.0;512000;1650752326.645164
3;768000.0;768000;1650752452.2370741
4;1024000.0;1024000;1650752577.168758
5;1280000.0;1280000;1650752703.3572917
6;1536000.0;1536000;1650752828.541464
7;1792000.0;1792000;1650752953.9323573
8;2048000.0;2048000;1650753079.6649241
9;2304000.0;2304000;1650753207.4765046
10;2560000.0;2560000;1650753332.4210684
11;2816000.0;2816000;1650753457.4659085
12;3072000.0;3072000;1650753582.304048
13;3328000.0;3328000;1650753707.4181683
14;3584000.0;3584000;1650753832.1820672
15;3840000.0;3840000;1650753957.3348534
16;4096000.0;4096000;1650754083.1216774
17;4352000.0;4352000;1650754208.9632325
18;4608000.0;4608000;1650754334.0828533
19;4864000.0;4864000;1650754459.3326528
20;5120000.0;5120000;1650754584.4335518
21;5376000.0;5376000;1650754709.38864
22;5632000.0;5632000;1650754834.531077
