;test/env_step;Steps;Wall_Time
0;0.0;0;1648988647.40035
1;256000.0;256000;1648988764.7134342
2;512000.0;512000;1648988882.1231158
3;768000.0;768000;1648988999.3936582
4;1024000.0;1024000;1648989116.6397655
5;1280000.0;1280000;1648989233.844503
6;1536000.0;1536000;1648989351.2457364
7;1792000.0;1792000;1648989468.5107577
8;2048000.0;2048000;1648989585.8691692
9;2304000.0;2304000;1648989703.0762053
10;2560000.0;2560000;1648989820.1456256
11;2816000.0;2816000;1648989937.3102434
12;3072000.0;3072000;1648990054.5158687
13;3328000.0;3328000;1648990171.7676373
14;3584000.0;3584000;1648990288.8375216
15;3840000.0;3840000;1648990406.2124765
16;4096000.0;4096000;1648990523.603158
17;4352000.0;4352000;1648990640.794869
18;4608000.0;4608000;1648990758.0720658
19;4864000.0;4864000;1648990875.2551594
20;5120000.0;5120000;1648990992.4845252
21;5376000.0;5376000;1648991109.8452632
22;5632000.0;5632000;1648991227.2608054
23;5888000.0;5888000;1648991344.603544
24;6144000.0;6144000;1648991461.9128249
25;6400000.0;6400000;1648991578.9863703
26;6656000.0;6656000;1648991696.1960938
27;6912000.0;6912000;1648991813.436335
28;7168000.0;7168000;1648991930.6902394
29;7424000.0;7424000;1648992048.0422866
30;7680000.0;7680000;1648992165.3256762
31;7936000.0;7936000;1648992282.5589359
32;8192000.0;8192000;1648992399.636373
33;8448000.0;8448000;1648992516.9627802
34;8704000.0;8704000;1648992634.4478316
35;8960000.0;8960000;1648992751.6694658
36;9216000.0;9216000;1648992868.9515338
37;9472000.0;9472000;1648992986.331077
38;9728000.0;9728000;1648993103.596123
39;9984000.0;9984000;1648993220.9251432
40;10240000.0;10240000;1648993338.191713
41;10496000.0;10496000;1648993455.3483944
42;10752000.0;10752000;1648993572.67309
43;11008000.0;11008000;1648993689.8588383
44;11264000.0;11264000;1648993807.1820438
45;11520000.0;11520000;1648993924.5130777
46;11776000.0;11776000;1648994041.736131
47;12032000.0;12032000;1648994159.1755905
48;12288000.0;12288000;1648994276.8916628
49;12544000.0;12544000;1648994394.3958035
50;12800000.0;12800000;1648994512.0048387
