;test/env_step;Steps;Wall_Time
0;0.0;0;1648993036.6199274
1;256000.0;256000;1648993165.2168162
2;512000.0;512000;1648993288.1555264
3;768000.0;768000;1648993410.8993976
4;1024000.0;1024000;1648993533.6949036
5;1280000.0;1280000;1648993656.3403018
6;1536000.0;1536000;1648993779.0789344
7;1792000.0;1792000;1648993901.9866877
8;2048000.0;2048000;1648994025.0633216
9;2304000.0;2304000;1648994149.1306703
10;2560000.0;2560000;1648994272.6689017
11;2816000.0;2816000;1648994396.3603706
12;3072000.0;3072000;1648994520.1962538
13;3328000.0;3328000;1648994644.0789456
14;3584000.0;3584000;1648994768.0864255
15;3840000.0;3840000;1648994891.915296
16;4096000.0;4096000;1648995015.8578997
17;4352000.0;4352000;1648995139.6662035
18;4608000.0;4608000;1648995263.5766413
19;4864000.0;4864000;1648995387.2630644
20;5120000.0;5120000;1648995511.0133483
21;5376000.0;5376000;1648995634.7279234
22;5632000.0;5632000;1648995758.5985081
23;5888000.0;5888000;1648995882.3104336
24;6144000.0;6144000;1648996006.2717445
25;6400000.0;6400000;1648996129.9640117
26;6656000.0;6656000;1648996253.7064154
27;6912000.0;6912000;1648996377.038297
28;7168000.0;7168000;1648996500.4259605
29;7424000.0;7424000;1648996623.6858642
30;7680000.0;7680000;1648996746.4505713
31;7936000.0;7936000;1648996869.1653936
32;8192000.0;8192000;1648996991.8259234
33;8448000.0;8448000;1648997114.46936
34;8704000.0;8704000;1648997237.2825427
35;8960000.0;8960000;1648997359.7328174
36;9216000.0;9216000;1648997482.2863533
37;9472000.0;9472000;1648997604.8927429
38;9728000.0;9728000;1648997727.491818
39;9984000.0;9984000;1648997850.0359497
40;10240000.0;10240000;1648997972.668141
41;10496000.0;10496000;1648998095.1537316
42;10752000.0;10752000;1648998217.5213559
43;11008000.0;11008000;1648998340.1350415
44;11264000.0;11264000;1648998463.4641616
45;11520000.0;11520000;1648998586.8133543
46;11776000.0;11776000;1648998709.9499717
47;12032000.0;12032000;1648998833.1749969
48;12288000.0;12288000;1648998956.4474425
49;12544000.0;12544000;1648999079.7702305
50;12800000.0;12800000;1648999202.8735967
