;test/env_step;Steps;Wall_Time
0;0.0;0;1649754363.7448704
1;1024000.0;1024000;1649754832.8141384
2;2048000.0;2048000;1649755302.3227458
3;3072000.0;3072000;1649755769.5068364
4;4096000.0;4096000;1649756236.7443836
5;5120000.0;5120000;1649756705.0561457
6;6144000.0;6144000;1649757173.5651102
7;7168000.0;7168000;1649757645.571459
8;8192000.0;8192000;1649758114.5263085
9;9216000.0;9216000;1649758585.33213
10;10240000.0;10240000;1649759054.1120033
11;11264000.0;11264000;1649759522.32825
12;12288000.0;12288000;1649759990.3535218
13;13312000.0;13312000;1649760458.9947577
14;14336000.0;14336000;1649760929.918282
15;15360000.0;15360000;1649761401.9627347
16;16384000.0;16384000;1649761872.6254008
17;17408000.0;17408000;1649762343.000265
18;18432000.0;18432000;1649762812.8817482
19;19456000.0;19456000;1649763285.128363
20;20480000.0;20480000;1649763760.066487
21;21504000.0;21504000;1649764232.386653
22;22528000.0;22528000;1649764703.7972946
23;23552000.0;23552000;1649765174.8922195
24;24576000.0;24576000;1649765644.1614296
25;25600000.0;25600000;1649766113.991454
26;26624000.0;26624000;1649766583.1365492
27;27648000.0;27648000;1649767051.084535
28;28672000.0;28672000;1649767520.1023805
29;29696000.0;29696000;1649767989.7102509
30;30720000.0;30720000;1649768458.2624717
31;31744000.0;31744000;1649768926.3799157
32;32768000.0;32768000;1649769397.5946348
33;33792000.0;33792000;1649769867.145489
34;34816000.0;34816000;1649770336.0399308
35;35840000.0;35840000;1649770804.7014978
36;36864000.0;36864000;1649771273.5063803
37;37888000.0;37888000;1649771742.3980558
38;38912000.0;38912000;1649772212.1022735
39;39936000.0;39936000;1649772681.3642817
40;40960000.0;40960000;1649773148.835071
41;41984000.0;41984000;1649773616.086574
42;43008000.0;43008000;1649774082.7632747
43;44032000.0;44032000;1649774551.2215421
44;45056000.0;45056000;1649775021.8087745
45;46080000.0;46080000;1649775491.3985999
46;47104000.0;47104000;1649775959.5594945
47;48128000.0;48128000;1649776427.1833928
48;49152000.0;49152000;1649776895.7500455
49;50176000.0;50176000;1649777364.3151004
50;51200000.0;51200000;1649777832.6089633
