;test/env_step;Steps;Wall_Time
0;0.0;0;1649461626.4092777
1;256000.0;256000;1649461718.2783375
2;512000.0;512000;1649461810.2636633
3;768000.0;768000;1649461902.069188
4;1024000.0;1024000;1649461994.4728606
5;1280000.0;1280000;1649462086.814911
6;1536000.0;1536000;1649462179.1164155
7;1792000.0;1792000;1649462271.26719
8;2048000.0;2048000;1649462363.4171748
9;2304000.0;2304000;1649462455.482963
10;2560000.0;2560000;1649462547.7519042
11;2816000.0;2816000;1649462639.9660041
12;3072000.0;3072000;1649462732.0506845
13;3328000.0;3328000;1649462824.2330446
14;3584000.0;3584000;1649462916.3626041
15;3840000.0;3840000;1649463008.5692785
16;4096000.0;4096000;1649463100.6866443
17;4352000.0;4352000;1649463192.786839
18;4608000.0;4608000;1649463284.9993758
19;4864000.0;4864000;1649463376.9732726
20;5120000.0;5120000;1649463469.0897424
21;5376000.0;5376000;1649463561.1077251
22;5632000.0;5632000;1649463653.13978
23;5888000.0;5888000;1649463744.8791041
24;6144000.0;6144000;1649463836.28106
25;6400000.0;6400000;1649463927.7701952
26;6656000.0;6656000;1649464019.428541
27;6912000.0;6912000;1649464111.092744
28;7168000.0;7168000;1649464203.8305616
29;7424000.0;7424000;1649464296.3191261
30;7680000.0;7680000;1649464388.7960775
31;7936000.0;7936000;1649464481.2845633
32;8192000.0;8192000;1649464573.880712
33;8448000.0;8448000;1649464666.9841726
34;8704000.0;8704000;1649464760.072987
35;8960000.0;8960000;1649464853.0278945
36;9216000.0;9216000;1649464946.081663
37;9472000.0;9472000;1649465038.9679642
38;9728000.0;9728000;1649465131.7810376
39;9984000.0;9984000;1649465224.7957366
40;10240000.0;10240000;1649465317.925143
41;10496000.0;10496000;1649465410.8360689
42;10752000.0;10752000;1649465503.9412096
43;11008000.0;11008000;1649465596.6951072
44;11264000.0;11264000;1649465689.525929
45;11520000.0;11520000;1649465782.0993938
46;11776000.0;11776000;1649465874.9215143
47;12032000.0;12032000;1649465967.7633307
48;12288000.0;12288000;1649466059.899606
49;12544000.0;12544000;1649466151.8657744
50;12800000.0;12800000;1649466243.8519018
