;test/env_step;Steps;Wall_Time
0;0.0;0;1649753741.5318737
1;1024981.0;1024981;1649754378.4178658
2;2052729.0;2052729;1649754980.4092052
3;3078636.0;3078636;1649755581.0434039
