;test/env_step;Steps;Wall_Time
0;0.0;0;1648994530.968362
1;256000.0;256000;1648994652.7228742
2;512000.0;512000;1648994773.0588388
3;768000.0;768000;1648994892.8387153
4;1024000.0;1024000;1648995012.665129
5;1280000.0;1280000;1648995132.295205
6;1536000.0;1536000;1648995252.0040338
7;1792000.0;1792000;1648995371.7333083
8;2048000.0;2048000;1648995491.644942
9;2304000.0;2304000;1648995611.5730815
10;2560000.0;2560000;1648995731.4186
11;2816000.0;2816000;1648995851.339449
12;3072000.0;3072000;1648995971.0786836
13;3328000.0;3328000;1648996090.8949697
14;3584000.0;3584000;1648996210.6321397
15;3840000.0;3840000;1648996330.5093215
16;4096000.0;4096000;1648996450.3429763
17;4352000.0;4352000;1648996570.0572436
18;4608000.0;4608000;1648996689.8856142
19;4864000.0;4864000;1648996809.8739462
20;5120000.0;5120000;1648996929.8837905
21;5376000.0;5376000;1648997049.8737328
22;5632000.0;5632000;1648997170.054949
23;5888000.0;5888000;1648997290.223777
24;6144000.0;6144000;1648997410.5172045
25;6400000.0;6400000;1648997530.7407317
26;6656000.0;6656000;1648997651.129868
27;6912000.0;6912000;1648997772.9822595
28;7168000.0;7168000;1648997893.3820314
29;7424000.0;7424000;1648998013.7561646
30;7680000.0;7680000;1648998133.944132
31;7936000.0;7936000;1648998254.3258216
32;8192000.0;8192000;1648998374.481546
33;8448000.0;8448000;1648998494.6961095
34;8704000.0;8704000;1648998614.8533592
35;8960000.0;8960000;1648998734.9848387
36;9216000.0;9216000;1648998855.1014671
37;9472000.0;9472000;1648998975.2386854
38;9728000.0;9728000;1648999095.4826071
39;9984000.0;9984000;1648999215.6310608
40;10240000.0;10240000;1648999335.900204
41;10496000.0;10496000;1648999456.166847
42;10752000.0;10752000;1648999576.2984314
43;11008000.0;11008000;1648999696.5130248
44;11264000.0;11264000;1648999816.9057872
45;11520000.0;11520000;1648999937.0275326
46;11776000.0;11776000;1649000057.0093365
47;12032000.0;12032000;1649000177.2549865
48;12288000.0;12288000;1649000297.5585396
49;12544000.0;12544000;1649000417.8792238
50;12800000.0;12800000;1649000538.079854
