;test/env_step;Steps;Wall_Time
0;0.0;0;1649594235.6970875
1;256000.0;256000;1649594359.6377301
2;512000.0;512000;1649594478.3748739
3;768000.0;768000;1649594596.8434775
4;1024000.0;1024000;1649594715.7122023
5;1280000.0;1280000;1649594834.5453024
6;1536000.0;1536000;1649594953.8315482
7;1792000.0;1792000;1649595072.52741
8;2048000.0;2048000;1649595191.6910245
9;2304000.0;2304000;1649595311.402654
10;2560000.0;2560000;1649595431.2843463
11;2816000.0;2816000;1649595549.9102526
12;3072000.0;3072000;1649595668.2638257
13;3328000.0;3328000;1649595786.985389
14;3584000.0;3584000;1649595913.7800105
15;3840000.0;3840000;1649596039.1747994
16;4096000.0;4096000;1649596159.0890253
17;4352000.0;4352000;1649596278.6872015
18;4608000.0;4608000;1649596398.4133868
19;4864000.0;4864000;1649596523.2453182
20;5120000.0;5120000;1649596641.9415927
21;5376000.0;5376000;1649596769.6713235
22;5632000.0;5632000;1649596899.5480425
23;5888000.0;5888000;1649597026.4260716
24;6144000.0;6144000;1649597145.9224303
25;6400000.0;6400000;1649597264.6725252
26;6656000.0;6656000;1649597386.3928783
27;6912000.0;6912000;1649597505.2969964
28;7168000.0;7168000;1649597637.3777933
29;7424000.0;7424000;1649597772.29586
30;7680000.0;7680000;1649597890.8755224
31;7936000.0;7936000;1649598015.5465477
32;8192000.0;8192000;1649598142.906258
33;8448000.0;8448000;1649598261.8657851
34;8704000.0;8704000;1649598381.2643561
35;8960000.0;8960000;1649598499.9591172
36;9216000.0;9216000;1649598619.992662
37;9472000.0;9472000;1649598739.040047
38;9728000.0;9728000;1649598857.7141309
39;9984000.0;9984000;1649598977.178895
40;10240000.0;10240000;1649599095.9703567
41;10496000.0;10496000;1649599217.240487
42;10752000.0;10752000;1649599336.878281
43;11008000.0;11008000;1649599456.3892605
44;11264000.0;11264000;1649599579.061179
45;11520000.0;11520000;1649599702.8475978
46;11776000.0;11776000;1649599822.0738509
47;12032000.0;12032000;1649599940.8479655
48;12288000.0;12288000;1649600059.667017
49;12544000.0;12544000;1649600178.3637466
50;12800000.0;12800000;1649600297.1543958
