;test/env_step;Steps;Wall_Time
0;0.0;0;1648953039.1315243
1;256000.0;256000;1648953137.0163174
2;512000.0;512000;1648953234.3750749
3;768000.0;768000;1648953331.7515836
4;1024000.0;1024000;1648953429.3132982
5;1280000.0;1280000;1648953526.7757792
6;1536000.0;1536000;1648953624.2363522
7;1792000.0;1792000;1648953721.7179902
8;2048000.0;2048000;1648953819.2389688
9;2304000.0;2304000;1648953916.6437151
10;2560000.0;2560000;1648954014.1231554
11;2816000.0;2816000;1648954111.5819118
12;3072000.0;3072000;1648954209.1179128
13;3328000.0;3328000;1648954306.5838416
14;3584000.0;3584000;1648954404.0125136
15;3840000.0;3840000;1648954501.4397476
16;4096000.0;4096000;1648954598.8159547
17;4352000.0;4352000;1648954696.274883
18;4608000.0;4608000;1648954793.7043715
19;4864000.0;4864000;1648954891.2682548
20;5120000.0;5120000;1648954988.6394694
21;5376000.0;5376000;1648955085.9698863
22;5632000.0;5632000;1648955183.3474946
23;5888000.0;5888000;1648955280.7006721
24;6144000.0;6144000;1648955378.0497866
25;6400000.0;6400000;1648955475.4327786
26;6656000.0;6656000;1648955572.8299024
27;6912000.0;6912000;1648955670.1263273
28;7168000.0;7168000;1648955767.4848938
29;7424000.0;7424000;1648955864.8695617
30;7680000.0;7680000;1648955962.2890723
31;7936000.0;7936000;1648956059.760295
32;8192000.0;8192000;1648956156.9743054
33;8448000.0;8448000;1648956254.1566849
34;8704000.0;8704000;1648956351.4845572
35;8960000.0;8960000;1648956448.9701817
36;9216000.0;9216000;1648956546.4569423
37;9472000.0;9472000;1648956643.8339558
38;9728000.0;9728000;1648956741.1623802
39;9984000.0;9984000;1648956837.9560401
40;10240000.0;10240000;1648956934.5735593
41;10496000.0;10496000;1648957031.313369
42;10752000.0;10752000;1648957127.9052658
43;11008000.0;11008000;1648957224.5409956
44;11264000.0;11264000;1648957321.037264
45;11520000.0;11520000;1648957417.5833418
46;11776000.0;11776000;1648957514.1451364
47;12032000.0;12032000;1648957610.6352174
48;12288000.0;12288000;1648957707.1354978
49;12544000.0;12544000;1648957803.738698
50;12800000.0;12800000;1648957900.4703598
