;test/env_step;Steps;Wall_Time
0;0.0;0;1651295922.8535898
1;256000.0;256000;1651296070.3200533
2;512000.0;512000;1651296217.6369474
3;768000.0;768000;1651296364.7447326
4;1024000.0;1024000;1651296511.613413
5;1280000.0;1280000;1651296658.9406471
6;1536000.0;1536000;1651296805.472018
7;1792000.0;1792000;1651296952.3481855
8;2048000.0;2048000;1651297099.7986088
9;2304000.0;2304000;1651297246.8725667
10;2560000.0;2560000;1651297393.9997118
11;2816000.0;2816000;1651297540.585538
12;3072000.0;3072000;1651297686.953904
13;3328000.0;3328000;1651297833.600127
14;3584000.0;3584000;1651297980.4736705
15;3840000.0;3840000;1651298127.0034137
16;4096000.0;4096000;1651298273.4393942
17;4352000.0;4352000;1651298419.7933805
18;4608000.0;4608000;1651298571.3316176
19;4864000.0;4864000;1651298725.0821724
20;5120000.0;5120000;1651298872.231339
21;5376000.0;5376000;1651299018.7277043
22;5632000.0;5632000;1651299165.8026252
23;5888000.0;5888000;1651299312.9404638
24;6144000.0;6144000;1651299460.0002954
25;6400000.0;6400000;1651299607.0079992
26;6656000.0;6656000;1651299753.9364872
27;6912000.0;6912000;1651299900.1991765
28;7168000.0;7168000;1651300047.099309
29;7424000.0;7424000;1651300194.0792353
30;7680000.0;7680000;1651300340.8694108
31;7936000.0;7936000;1651300487.2939286
32;8192000.0;8192000;1651300633.7272012
33;8448000.0;8448000;1651300780.371159
34;8704000.0;8704000;1651300926.942777
35;8960000.0;8960000;1651301073.5271175
36;9216000.0;9216000;1651301220.158949
37;9472000.0;9472000;1651301366.896957
38;9728000.0;9728000;1651301514.0365949
39;9984000.0;9984000;1651301660.629302
40;10240000.0;10240000;1651301807.4687397
41;10496000.0;10496000;1651301954.4158146
42;10752000.0;10752000;1651302101.185293
43;11008000.0;11008000;1651302252.2506697
44;11264000.0;11264000;1651302399.1398835
45;11520000.0;11520000;1651302545.5291736
46;11776000.0;11776000;1651302691.9268057
47;12032000.0;12032000;1651302838.8670833
48;12288000.0;12288000;1651302985.9600754
49;12544000.0;12544000;1651303132.371168
50;12800000.0;12800000;1651303279.1960723
