;test/env_step;Steps;Wall_Time
0;0.0;0;1649697079.25503
1;256000.0;256000;1649697194.546059
2;512000.0;512000;1649697309.878455
3;768000.0;768000;1649697424.7199233
4;1024000.0;1024000;1649697540.0373712
5;1280000.0;1280000;1649697655.6354454
6;1536000.0;1536000;1649697770.8035324
7;1792000.0;1792000;1649697885.855391
8;2048000.0;2048000;1649698001.0277646
9;2304000.0;2304000;1649698116.3624587
10;2560000.0;2560000;1649698231.580457
11;2816000.0;2816000;1649698346.9705577
12;3072000.0;3072000;1649698462.3552763
13;3328000.0;3328000;1649698577.1422381
14;3584000.0;3584000;1649698691.922211
15;3840000.0;3840000;1649698806.7137403
16;4096000.0;4096000;1649698922.4225974
17;4352000.0;4352000;1649699037.60787
18;4608000.0;4608000;1649699152.7652295
19;4864000.0;4864000;1649699267.631502
20;5120000.0;5120000;1649699382.895836
21;5376000.0;5376000;1649699498.092831
22;5632000.0;5632000;1649699613.3361235
23;5888000.0;5888000;1649699728.9077287
24;6144000.0;6144000;1649699843.4641194
25;6400000.0;6400000;1649699957.7209086
26;6656000.0;6656000;1649700072.839167
27;6912000.0;6912000;1649700187.6149518
28;7168000.0;7168000;1649700302.491831
29;7424000.0;7424000;1649700417.3012242
30;7680000.0;7680000;1649700531.9471207
31;7936000.0;7936000;1649700647.3893962
32;8192000.0;8192000;1649700762.7740536
33;8448000.0;8448000;1649700877.403979
34;8704000.0;8704000;1649700992.2499135
35;8960000.0;8960000;1649701106.9612093
36;9216000.0;9216000;1649701221.17587
37;9472000.0;9472000;1649701335.9122145
38;9728000.0;9728000;1649701450.7107303
39;9984000.0;9984000;1649701565.2292073
40;10240000.0;10240000;1649701680.3773246
41;10496000.0;10496000;1649701795.5530524
42;10752000.0;10752000;1649701911.1772258
43;11008000.0;11008000;1649702026.1967385
44;11264000.0;11264000;1649702141.4602947
45;11520000.0;11520000;1649702256.710015
46;11776000.0;11776000;1649702371.758283
47;12032000.0;12032000;1649702486.6818209
48;12288000.0;12288000;1649702601.7554138
49;12544000.0;12544000;1649702716.7969851
50;12800000.0;12800000;1649702830.928689
