;test/env_step;Steps;Wall_Time
0;0.0;0;1650777554.8864174
1;256000.0;256000;1650777683.198963
2;512000.0;512000;1650777811.5507116
3;768000.0;768000;1650777939.8269954
4;1024000.0;1024000;1650778067.7733922
5;1280000.0;1280000;1650778195.7003298
6;1536000.0;1536000;1650778323.8123915
7;1792000.0;1792000;1650778451.5271811
8;2048000.0;2048000;1650778579.588451
9;2304000.0;2304000;1650778707.4899552
10;2560000.0;2560000;1650778835.599463
11;2816000.0;2816000;1650778963.946184
12;3072000.0;3072000;1650779092.1794243
13;3328000.0;3328000;1650779220.3480446
14;3584000.0;3584000;1650779348.5146694
15;3840000.0;3840000;1650779476.8115027
16;4096000.0;4096000;1650779608.3806365
17;4352000.0;4352000;1650779741.3387027
18;4608000.0;4608000;1650779869.178802
19;4864000.0;4864000;1650779996.6822705
20;5120000.0;5120000;1650780124.0230005
21;5376000.0;5376000;1650780251.6137671
22;5632000.0;5632000;1650780378.9907753
23;5888000.0;5888000;1650780506.2867603
24;6144000.0;6144000;1650780633.7244608
25;6400000.0;6400000;1650780761.636373
26;6656000.0;6656000;1650780888.9938753
27;6912000.0;6912000;1650781016.5024266
28;7168000.0;7168000;1650781144.7253475
29;7424000.0;7424000;1650781272.12062
30;7680000.0;7680000;1650781400.5481853
31;7936000.0;7936000;1650781529.0556192
32;8192000.0;8192000;1650781657.3661404
33;8448000.0;8448000;1650781785.1056159
34;8704000.0;8704000;1650781913.2250695
35;8960000.0;8960000;1650782041.2471688
36;9216000.0;9216000;1650782168.9187524
37;9472000.0;9472000;1650782296.4403603
38;9728000.0;9728000;1650782437.969664
39;9984000.0;9984000;1650782582.22059
40;10240000.0;10240000;1650782718.355207
41;10496000.0;10496000;1650782846.2190359
42;10752000.0;10752000;1650782974.3300138
43;11008000.0;11008000;1650783101.6277418
44;11264000.0;11264000;1650783229.0683944
45;11520000.0;11520000;1650783356.3491287
46;11776000.0;11776000;1650783489.5280087
47;12032000.0;12032000;1650783631.2565687
48;12288000.0;12288000;1650783758.3247387
49;12544000.0;12544000;1650783885.9187725
50;12800000.0;12800000;1650784013.8923283
