;test/env_step;Steps;Wall_Time
0;0.0;0;1649042903.2689655
1;256000.0;256000;1649043027.885208
2;512000.0;512000;1649043152.2849855
3;768000.0;768000;1649043276.5073335
4;1024000.0;1024000;1649043400.6677642
5;1280000.0;1280000;1649043524.8980393
6;1536000.0;1536000;1649043649.2595303
7;1792000.0;1792000;1649043773.6794746
8;2048000.0;2048000;1649043898.3750975
9;2304000.0;2304000;1649044022.7861605
10;2560000.0;2560000;1649044147.772851
11;2816000.0;2816000;1649044273.3239164
12;3072000.0;3072000;1649044398.475085
13;3328000.0;3328000;1649044523.8438954
14;3584000.0;3584000;1649044648.8591373
15;3840000.0;3840000;1649044774.277111
16;4096000.0;4096000;1649044906.192882
17;4352000.0;4352000;1649045030.8865306
18;4608000.0;4608000;1649045155.7194512
19;4864000.0;4864000;1649045280.4293284
20;5120000.0;5120000;1649045405.245682
21;5376000.0;5376000;1649045530.3010836
22;5632000.0;5632000;1649045658.400552
23;5888000.0;5888000;1649045800.0644433
24;6144000.0;6144000;1649045941.8946705
25;6400000.0;6400000;1649046083.7170413
26;6656000.0;6656000;1649046210.1059046
27;6912000.0;6912000;1649046335.0945642
28;7168000.0;7168000;1649046459.8598711
29;7424000.0;7424000;1649046584.683598
30;7680000.0;7680000;1649046709.433657
31;7936000.0;7936000;1649046834.1879637
32;8192000.0;8192000;1649046958.913379
33;8448000.0;8448000;1649047083.6284697
34;8704000.0;8704000;1649047208.3769538
35;8960000.0;8960000;1649047333.0240583
36;9216000.0;9216000;1649047457.7276955
37;9472000.0;9472000;1649047583.3248422
38;9728000.0;9728000;1649047708.7101269
39;9984000.0;9984000;1649047833.3568249
40;10240000.0;10240000;1649047958.1473079
41;10496000.0;10496000;1649048082.6332362
42;10752000.0;10752000;1649048207.2538073
43;11008000.0;11008000;1649048331.9678414
44;11264000.0;11264000;1649048456.667893
45;11520000.0;11520000;1649048581.4964015
46;11776000.0;11776000;1649048706.389516
47;12032000.0;12032000;1649048831.1096194
48;12288000.0;12288000;1649048955.7537334
49;12544000.0;12544000;1649049080.3183086
50;12800000.0;12800000;1649049204.808943
