;test/env_step;Steps;Wall_Time
0;0.0;0;1648929328.4505525
1;256000.0;256000;1648929421.4820418
2;512000.0;512000;1648929514.300695
3;768000.0;768000;1648929606.625458
4;1024000.0;1024000;1648929699.0480003
5;1280000.0;1280000;1648929791.4558575
6;1536000.0;1536000;1648929883.9301279
7;1792000.0;1792000;1648929976.3526273
8;2048000.0;2048000;1648930068.8261392
9;2304000.0;2304000;1648930161.3115077
10;2560000.0;2560000;1648930253.7968755
11;2816000.0;2816000;1648930346.187797
12;3072000.0;3072000;1648930438.7455313
13;3328000.0;3328000;1648930531.9204557
14;3584000.0;3584000;1648930625.0684268
15;3840000.0;3840000;1648930718.4201758
16;4096000.0;4096000;1648930811.5189085
17;4352000.0;4352000;1648930904.53905
18;4608000.0;4608000;1648930997.550662
19;4864000.0;4864000;1648931090.6850543
20;5120000.0;5120000;1648931183.690036
21;5376000.0;5376000;1648931276.6059523
22;5632000.0;5632000;1648931369.6251771
23;5888000.0;5888000;1648931462.5594985
24;6144000.0;6144000;1648931555.5534506
25;6400000.0;6400000;1648931648.7022443
26;6656000.0;6656000;1648931742.1019056
27;6912000.0;6912000;1648931835.448899
28;7168000.0;7168000;1648931928.7741432
29;7424000.0;7424000;1648932021.8416014
30;7680000.0;7680000;1648932114.2722728
31;7936000.0;7936000;1648932206.724559
32;8192000.0;8192000;1648932299.1404932
33;8448000.0;8448000;1648932391.6348684
34;8704000.0;8704000;1648932484.0764983
35;8960000.0;8960000;1648932576.671044
36;9216000.0;9216000;1648932669.1544714
37;9472000.0;9472000;1648932761.629754
38;9728000.0;9728000;1648932853.9232574
39;9984000.0;9984000;1648932946.3503358
40;10240000.0;10240000;1648933038.882438
41;10496000.0;10496000;1648933131.3156645
42;10752000.0;10752000;1648933223.6870966
43;11008000.0;11008000;1648933316.119075
44;11264000.0;11264000;1648933408.589553
45;11520000.0;11520000;1648933501.0763159
46;11776000.0;11776000;1648933593.3387973
47;12032000.0;12032000;1648933685.6484556
48;12288000.0;12288000;1648933778.0127609
49;12544000.0;12544000;1648933870.6012843
50;12800000.0;12800000;1648933963.073918
