;test/env_step;Steps;Wall_Time
0;0.0;0;1648931054.742887
1;256000.0;256000;1648931157.3350086
2;512000.0;512000;1648931259.8369315
3;768000.0;768000;1648931362.3540456
4;1024000.0;1024000;1648931464.870265
5;1280000.0;1280000;1648931567.3789022
6;1536000.0;1536000;1648931670.2535706
7;1792000.0;1792000;1648931773.085479
8;2048000.0;2048000;1648931876.111112
9;2304000.0;2304000;1648931978.894559
10;2560000.0;2560000;1648932081.344811
11;2816000.0;2816000;1648932183.9678226
12;3072000.0;3072000;1648932286.6503925
13;3328000.0;3328000;1648932389.4170766
14;3584000.0;3584000;1648932492.0705714
15;3840000.0;3840000;1648932594.8806052
16;4096000.0;4096000;1648932697.6439795
17;4352000.0;4352000;1648932800.112838
18;4608000.0;4608000;1648932902.6730433
19;4864000.0;4864000;1648933005.4475825
20;5120000.0;5120000;1648933108.2779903
21;5376000.0;5376000;1648933210.8068407
22;5632000.0;5632000;1648933313.4809432
23;5888000.0;5888000;1648933416.1325424
24;6144000.0;6144000;1648933518.882915
25;6400000.0;6400000;1648933621.1997545
26;6656000.0;6656000;1648933723.8905165
27;6912000.0;6912000;1648933826.701816
28;7168000.0;7168000;1648933929.3606994
29;7424000.0;7424000;1648934032.1804771
30;7680000.0;7680000;1648934135.0990245
31;7936000.0;7936000;1648934238.104799
32;8192000.0;8192000;1648934341.078201
33;8448000.0;8448000;1648934444.0120637
34;8704000.0;8704000;1648934546.795454
35;8960000.0;8960000;1648934649.503521
36;9216000.0;9216000;1648934752.3342347
37;9472000.0;9472000;1648934855.391221
38;9728000.0;9728000;1648934958.39203
39;9984000.0;9984000;1648935060.8029096
40;10240000.0;10240000;1648935163.4608781
41;10496000.0;10496000;1648935266.0224888
42;10752000.0;10752000;1648935368.6849675
43;11008000.0;11008000;1648935471.1279888
44;11264000.0;11264000;1648935573.8300512
45;11520000.0;11520000;1648935676.414001
46;11776000.0;11776000;1648935778.9357343
47;12032000.0;12032000;1648935881.5515976
48;12288000.0;12288000;1648935984.1828158
49;12544000.0;12544000;1648936086.7260935
50;12800000.0;12800000;1648936189.086888
