;test/env_step;Steps;Wall_Time
0;0.0;0;1650764792.1385934
1;256000.0;256000;1650764919.666821
2;512000.0;512000;1650765047.2010999
3;768000.0;768000;1650765174.0139403
4;1024000.0;1024000;1650765301.0130558
5;1280000.0;1280000;1650765427.980899
6;1536000.0;1536000;1650765555.7078683
7;1792000.0;1792000;1650765682.4292195
8;2048000.0;2048000;1650765809.8623433
9;2304000.0;2304000;1650765937.5782034
10;2560000.0;2560000;1650766064.7646406
11;2816000.0;2816000;1650766191.865729
12;3072000.0;3072000;1650766318.673581
13;3328000.0;3328000;1650766445.6873002
14;3584000.0;3584000;1650766572.2607265
15;3840000.0;3840000;1650766699.1856785
16;4096000.0;4096000;1650766826.4998398
17;4352000.0;4352000;1650766953.4303472
18;4608000.0;4608000;1650767081.1189673
19;4864000.0;4864000;1650767208.7331822
20;5120000.0;5120000;1650767335.82884
21;5376000.0;5376000;1650767463.0299118
22;5632000.0;5632000;1650767590.7152941
23;5888000.0;5888000;1650767718.2585838
24;6144000.0;6144000;1650767845.489999
25;6400000.0;6400000;1650767972.2743256
26;6656000.0;6656000;1650768099.4877675
27;6912000.0;6912000;1650768226.4618428
28;7168000.0;7168000;1650768353.1875284
29;7424000.0;7424000;1650768485.072775
30;7680000.0;7680000;1650768619.2528121
31;7936000.0;7936000;1650768746.483788
32;8192000.0;8192000;1650768873.4526837
33;8448000.0;8448000;1650769000.7444859
34;8704000.0;8704000;1650769127.5665197
35;8960000.0;8960000;1650769255.1140978
36;9216000.0;9216000;1650769382.9645011
37;9472000.0;9472000;1650769510.8235545
38;9728000.0;9728000;1650769637.8480206
39;9984000.0;9984000;1650769765.14049
40;10240000.0;10240000;1650769892.3706138
41;10496000.0;10496000;1650770019.7435527
42;10752000.0;10752000;1650770147.5953267
43;11008000.0;11008000;1650770275.1859012
44;11264000.0;11264000;1650770403.0514238
45;11520000.0;11520000;1650770530.6709921
46;11776000.0;11776000;1650770658.3073463
47;12032000.0;12032000;1650770786.0069997
48;12288000.0;12288000;1650770912.9073665
49;12544000.0;12544000;1650771040.5237343
50;12800000.0;12800000;1650771168.2791188
