;test/env_step;Steps;Wall_Time
0;0.0;0;1648882503.968032
1;256000.0;256000;1648882631.040474
2;512000.0;512000;1648882761.143636
3;768000.0;768000;1648882888.5460813
4;1024000.0;1024000;1648883015.4369154
5;1280000.0;1280000;1648883142.6859753
6;1536000.0;1536000;1648883267.3751059
7;1792000.0;1792000;1648883391.1193738
8;2048000.0;2048000;1648883515.3930798
9;2304000.0;2304000;1648883639.8110867
10;2560000.0;2560000;1648883763.7678704
11;2816000.0;2816000;1648883888.0732706
12;3072000.0;3072000;1648884012.5439687
13;3328000.0;3328000;1648884137.3029747
14;3584000.0;3584000;1648884261.8400497
15;3840000.0;3840000;1648884386.2851872
16;4096000.0;4096000;1648884510.7053497
17;4352000.0;4352000;1648884635.233669
18;4608000.0;4608000;1648884759.534093
19;4864000.0;4864000;1648884884.2107265
20;5120000.0;5120000;1648885008.8971245
21;5376000.0;5376000;1648885133.6015878
22;5632000.0;5632000;1648885258.5186505
23;5888000.0;5888000;1648885383.3188918
24;6144000.0;6144000;1648885508.1074672
25;6400000.0;6400000;1648885632.7689178
26;6656000.0;6656000;1648885756.648132
27;6912000.0;6912000;1648885880.4921713
28;7168000.0;7168000;1648886004.225451
29;7424000.0;7424000;1648886128.3215015
30;7680000.0;7680000;1648886252.5873663
31;7936000.0;7936000;1648886377.2455435
32;8192000.0;8192000;1648886501.8684902
33;8448000.0;8448000;1648886625.7457137
34;8704000.0;8704000;1648886750.1161387
35;8960000.0;8960000;1648886874.2323709
36;9216000.0;9216000;1648886999.3034139
37;9472000.0;9472000;1648887123.7398922
38;9728000.0;9728000;1648887247.767105
39;9984000.0;9984000;1648887372.4930916
40;10240000.0;10240000;1648887499.3877854
41;10496000.0;10496000;1648887640.2089167
42;10752000.0;10752000;1648887779.08678
43;11008000.0;11008000;1648887903.1911407
44;11264000.0;11264000;1648888031.0911307
45;11520000.0;11520000;1648888158.606366
46;11776000.0;11776000;1648888282.396442
47;12032000.0;12032000;1648888407.0940583
48;12288000.0;12288000;1648888544.0881577
49;12544000.0;12544000;1648888676.0978348
50;12800000.0;12800000;1648888800.4842296
