;test/env_step;Steps;Wall_Time
0;0.0;0;1649072383.8542383
1;256000.0;256000;1649072502.6981091
2;512000.0;512000;1649072628.1161807
3;768000.0;768000;1649072755.9165218
4;1024000.0;1024000;1649072882.993466
5;1280000.0;1280000;1649073008.3962884
6;1536000.0;1536000;1649073137.5910366
7;1792000.0;1792000;1649073266.4832096
8;2048000.0;2048000;1649073391.5137515
9;2304000.0;2304000;1649073516.9661634
10;2560000.0;2560000;1649073646.2063448
11;2816000.0;2816000;1649073770.5771801
12;3072000.0;3072000;1649073891.3473303
13;3328000.0;3328000;1649074018.8374617
14;3584000.0;3584000;1649074146.638022
15;3840000.0;3840000;1649074270.574145
16;4096000.0;4096000;1649074393.7365534
17;4352000.0;4352000;1649074521.0612452
18;4608000.0;4608000;1649074649.4435272
19;4864000.0;4864000;1649074772.062845
20;5120000.0;5120000;1649074902.1178
21;5376000.0;5376000;1649075029.160037
22;5632000.0;5632000;1649075152.843143
23;5888000.0;5888000;1649075277.7800217
24;6144000.0;6144000;1649075405.0157154
25;6400000.0;6400000;1649075532.2170186
26;6656000.0;6656000;1649075657.4260921
27;6912000.0;6912000;1649075787.290497
28;7168000.0;7168000;1649075916.1034493
29;7424000.0;7424000;1649076039.576445
30;7680000.0;7680000;1649076166.474271
31;7936000.0;7936000;1649076292.6767335
32;8192000.0;8192000;1649076416.1492994
33;8448000.0;8448000;1649076539.3328547
34;8704000.0;8704000;1649076672.9568734
35;8960000.0;8960000;1649076799.228263
36;9216000.0;9216000;1649076920.0945523
37;9472000.0;9472000;1649077038.3888617
38;9728000.0;9728000;1649077160.57168
39;9984000.0;9984000;1649077277.2340956
40;10240000.0;10240000;1649077394.1059828
41;10496000.0;10496000;1649077512.0090766
42;10752000.0;10752000;1649077629.2328067
43;11008000.0;11008000;1649077746.176138
44;11264000.0;11264000;1649077868.7245133
45;11520000.0;11520000;1649077986.1705418
46;11776000.0;11776000;1649078103.4466796
47;12032000.0;12032000;1649078220.3812068
48;12288000.0;12288000;1649078337.028482
49;12544000.0;12544000;1649078454.2019298
50;12800000.0;12800000;1649078578.8261607
