;test/env_step;Steps;Wall_Time
0;0.0;0;1650752082.1598654
1;256000.0;256000;1650752208.5243032
2;512000.0;512000;1650752334.5266688
3;768000.0;768000;1650752460.6424527
4;1024000.0;1024000;1650752586.7397254
5;1280000.0;1280000;1650752712.5561297
6;1536000.0;1536000;1650752838.526767
7;1792000.0;1792000;1650752964.5387657
8;2048000.0;2048000;1650753090.7123759
9;2304000.0;2304000;1650753217.2888577
10;2560000.0;2560000;1650753343.5848968
11;2816000.0;2816000;1650753470.0541968
12;3072000.0;3072000;1650753596.4973874
13;3328000.0;3328000;1650753723.0185208
14;3584000.0;3584000;1650753849.721037
15;3840000.0;3840000;1650753976.9389863
16;4096000.0;4096000;1650754103.5060112
17;4352000.0;4352000;1650754230.177627
18;4608000.0;4608000;1650754356.5043294
19;4864000.0;4864000;1650754482.4157863
20;5120000.0;5120000;1650754608.901605
21;5376000.0;5376000;1650754735.626652
22;5632000.0;5632000;1650754862.5263155
23;5888000.0;5888000;1650754989.2700887
24;6144000.0;6144000;1650755115.827375
25;6400000.0;6400000;1650755241.7637858
26;6656000.0;6656000;1650755367.7694016
27;6912000.0;6912000;1650755493.732365
28;7168000.0;7168000;1650755619.4931705
29;7424000.0;7424000;1650755744.9423587
30;7680000.0;7680000;1650755871.2414122
31;7936000.0;7936000;1650755997.6317382
32;8192000.0;8192000;1650756123.904085
33;8448000.0;8448000;1650756250.1847918
34;8704000.0;8704000;1650756376.628596
35;8960000.0;8960000;1650756502.6589434
36;9216000.0;9216000;1650756628.1940806
37;9472000.0;9472000;1650756753.781486
38;9728000.0;9728000;1650756879.5442958
39;9984000.0;9984000;1650757005.3389015
40;10240000.0;10240000;1650757131.0169504
41;10496000.0;10496000;1650757256.6963093
42;10752000.0;10752000;1650757382.3720193
43;11008000.0;11008000;1650757508.3944595
44;11264000.0;11264000;1650757634.375653
45;11520000.0;11520000;1650757760.5466468
46;11776000.0;11776000;1650757887.0164762
47;12032000.0;12032000;1650758013.3456595
48;12288000.0;12288000;1650758139.7146602
49;12544000.0;12544000;1650758266.0892704
50;12800000.0;12800000;1650758392.427531
