;test/env_step;Steps;Wall_Time
0;0.0;0;1651273733.1311607
1;256000.0;256000;1651273879.627446
2;512000.0;512000;1651274025.3708405
3;768000.0;768000;1651274171.2363367
4;1024000.0;1024000;1651274317.659831
5;1280000.0;1280000;1651274463.825872
6;1536000.0;1536000;1651274609.8885894
7;1792000.0;1792000;1651274756.6049516
8;2048000.0;2048000;1651274902.7822096
9;2304000.0;2304000;1651275049.1563501
10;2560000.0;2560000;1651275195.6028218
11;2816000.0;2816000;1651275342.4787538
12;3072000.0;3072000;1651275489.0153034
13;3328000.0;3328000;1651275635.1066744
14;3584000.0;3584000;1651275781.6185863
15;3840000.0;3840000;1651275928.0066674
16;4096000.0;4096000;1651276074.8101778
17;4352000.0;4352000;1651276221.3465114
18;4608000.0;4608000;1651276367.6329627
19;4864000.0;4864000;1651276516.6406574
20;5120000.0;5120000;1651276663.436283
21;5376000.0;5376000;1651276809.877716
22;5632000.0;5632000;1651276956.3691242
23;5888000.0;5888000;1651277102.854226
24;6144000.0;6144000;1651277249.084095
25;6400000.0;6400000;1651277395.7110534
26;6656000.0;6656000;1651277542.2719853
27;6912000.0;6912000;1651277688.636585
28;7168000.0;7168000;1651277835.0522811
29;7424000.0;7424000;1651277981.1038396
30;7680000.0;7680000;1651278127.0551755
31;7936000.0;7936000;1651278273.192262
32;8192000.0;8192000;1651278419.7755876
33;8448000.0;8448000;1651278566.358208
34;8704000.0;8704000;1651278713.3953087
35;8960000.0;8960000;1651278860.0538695
36;9216000.0;9216000;1651279006.9499414
37;9472000.0;9472000;1651279153.5840874
38;9728000.0;9728000;1651279299.8860748
39;9984000.0;9984000;1651279445.9725726
40;10240000.0;10240000;1651279592.5068567
41;10496000.0;10496000;1651279738.4820278
42;10752000.0;10752000;1651279884.5275826
43;11008000.0;11008000;1651280030.7384384
44;11264000.0;11264000;1651280179.390897
45;11520000.0;11520000;1651280326.115717
46;11776000.0;11776000;1651280472.2176526
47;12032000.0;12032000;1651280618.471527
48;12288000.0;12288000;1651280764.93613
49;12544000.0;12544000;1651280911.3167822
50;12800000.0;12800000;1651281057.7149394
