;test/env_step;Steps;Wall_Time
0;0.0;0;1649509247.007501
1;256000.0;256000;1649509387.5543082
2;512000.0;512000;1649509527.9861677
3;768000.0;768000;1649509668.3589714
4;1024000.0;1024000;1649509808.802823
5;1280000.0;1280000;1649509949.1486113
6;1536000.0;1536000;1649510089.548633
7;1792000.0;1792000;1649510229.9264534
8;2048000.0;2048000;1649510370.353974
9;2304000.0;2304000;1649510510.7795262
10;2560000.0;2560000;1649510651.0555923
11;2816000.0;2816000;1649510791.2997491
12;3072000.0;3072000;1649510931.393525
13;3328000.0;3328000;1649511071.6965501
14;3584000.0;3584000;1649511211.963776
15;3840000.0;3840000;1649511352.4512618
16;4096000.0;4096000;1649511492.8636332
17;4352000.0;4352000;1649511633.2245338
18;4608000.0;4608000;1649511773.590297
19;4864000.0;4864000;1649511914.0627675
20;5120000.0;5120000;1649512054.588753
21;5376000.0;5376000;1649512194.8478155
22;5632000.0;5632000;1649512335.1077552
23;5888000.0;5888000;1649512475.1939354
24;6144000.0;6144000;1649512615.2282453
25;6400000.0;6400000;1649512755.4444954
26;6656000.0;6656000;1649512895.8317251
27;6912000.0;6912000;1649513036.2337255
28;7168000.0;7168000;1649513176.6050396
29;7424000.0;7424000;1649513317.1898208
30;7680000.0;7680000;1649513457.5675573
31;7936000.0;7936000;1649513597.9561524
32;8192000.0;8192000;1649513721.0453458
33;8448000.0;8448000;1649513844.3635046
34;8704000.0;8704000;1649513967.5613039
35;8960000.0;8960000;1649514090.6817498
36;9216000.0;9216000;1649514213.8238866
37;9472000.0;9472000;1649514337.0615275
38;9728000.0;9728000;1649514460.3255243
39;9984000.0;9984000;1649514583.5509987
40;10240000.0;10240000;1649514707.0356534
41;10496000.0;10496000;1649514830.4060094
42;10752000.0;10752000;1649514953.980451
43;11008000.0;11008000;1649515077.4743738
44;11264000.0;11264000;1649515201.0764282
45;11520000.0;11520000;1649515324.4848318
46;11776000.0;11776000;1649515447.774378
47;12032000.0;12032000;1649515571.1475224
48;12288000.0;12288000;1649515695.2796288
49;12544000.0;12544000;1649515819.0649307
50;12800000.0;12800000;1649515942.9699676
