;test/env_step;Steps;Wall_Time
0;0.0;0;1651369933.755422
1;256000.0;256000;1651370073.0889487
2;512000.0;512000;1651370211.5863032
3;768000.0;768000;1651370350.477695
4;1024000.0;1024000;1651370489.2512314
5;1280000.0;1280000;1651370627.9595468
6;1536000.0;1536000;1651370766.3658195
7;1792000.0;1792000;1651370904.8173892
8;2048000.0;2048000;1651371043.84113
9;2304000.0;2304000;1651371182.6990354
10;2560000.0;2560000;1651371321.3840845
11;2816000.0;2816000;1651371460.824338
12;3072000.0;3072000;1651371599.3864958
13;3328000.0;3328000;1651371738.553419
14;3584000.0;3584000;1651371877.865759
15;3840000.0;3840000;1651372017.5291016
16;4096000.0;4096000;1651372156.4771438
17;4352000.0;4352000;1651372295.6626086
18;4608000.0;4608000;1651372434.812903
19;4864000.0;4864000;1651372573.5552094
20;5120000.0;5120000;1651372711.9323292
21;5376000.0;5376000;1651372850.6589444
22;5632000.0;5632000;1651372989.7266939
23;5888000.0;5888000;1651373129.4296634
24;6144000.0;6144000;1651373268.376341
25;6400000.0;6400000;1651373407.9402485
26;6656000.0;6656000;1651373547.589887
27;6912000.0;6912000;1651373686.49027
28;7168000.0;7168000;1651373825.4131446
29;7424000.0;7424000;1651373964.1428826
30;7680000.0;7680000;1651374102.041611
31;7936000.0;7936000;1651374240.53111
32;8192000.0;8192000;1651374378.6868515
33;8448000.0;8448000;1651374517.194241
34;8704000.0;8704000;1651374657.0562208
35;8960000.0;8960000;1651374795.050387
36;9216000.0;9216000;1651374933.1668751
37;9472000.0;9472000;1651375072.0379395
38;9728000.0;9728000;1651375211.2071693
39;9984000.0;9984000;1651375349.6412864
40;10240000.0;10240000;1651375487.6536603
41;10496000.0;10496000;1651375625.7817748
42;10752000.0;10752000;1651375764.0836678
43;11008000.0;11008000;1651375902.2574427
44;11264000.0;11264000;1651376040.760482
45;11520000.0;11520000;1651376179.787155
46;11776000.0;11776000;1651376317.8317773
47;12032000.0;12032000;1651376456.1468995
48;12288000.0;12288000;1651376594.2112095
49;12544000.0;12544000;1651376732.7075148
50;12800000.0;12800000;1651376871.3457448
