;test/env_step;Steps;Wall_Time
0;0.0;0;1649104123.6327329
1;256000.0;256000;1649104228.8300848
2;512000.0;512000;1649104334.0500968
3;768000.0;768000;1649104439.0790572
4;1024000.0;1024000;1649104544.0928543
5;1280000.0;1280000;1649104649.0515096
6;1536000.0;1536000;1649104754.6151044
7;1792000.0;1792000;1649104859.9777772
8;2048000.0;2048000;1649104965.4388242
9;2304000.0;2304000;1649105070.8599248
10;2560000.0;2560000;1649105176.1655064
11;2816000.0;2816000;1649105281.3474593
12;3072000.0;3072000;1649105386.6550732
13;3328000.0;3328000;1649105492.0986416
14;3584000.0;3584000;1649105597.324173
15;3840000.0;3840000;1649105702.85547
16;4096000.0;4096000;1649105807.68103
17;4352000.0;4352000;1649105912.2537308
18;4608000.0;4608000;1649106017.018698
19;4864000.0;4864000;1649106121.6907597
20;5120000.0;5120000;1649106226.4938974
21;5376000.0;5376000;1649106331.265278
22;5632000.0;5632000;1649106436.0804675
23;5888000.0;5888000;1649106540.5993607
24;6144000.0;6144000;1649106645.1632748
25;6400000.0;6400000;1649106749.8071065
26;6656000.0;6656000;1649106854.568596
27;6912000.0;6912000;1649106959.4036355
28;7168000.0;7168000;1649107064.0983844
29;7424000.0;7424000;1649107168.847972
30;7680000.0;7680000;1649107273.809128
31;7936000.0;7936000;1649107378.7552395
32;8192000.0;8192000;1649107483.5261562
33;8448000.0;8448000;1649107588.364002
34;8704000.0;8704000;1649107693.1808183
35;8960000.0;8960000;1649107797.8895564
36;9216000.0;9216000;1649107902.6250925
37;9472000.0;9472000;1649108007.5813
38;9728000.0;9728000;1649108112.5846157
39;9984000.0;9984000;1649108217.498298
40;10240000.0;10240000;1649108322.3623595
41;10496000.0;10496000;1649108427.2170072
42;10752000.0;10752000;1649108532.1224978
43;11008000.0;11008000;1649108636.8693311
44;11264000.0;11264000;1649108742.1027691
45;11520000.0;11520000;1649108846.9249876
46;11776000.0;11776000;1649108951.7126644
47;12032000.0;12032000;1649109056.6779065
48;12288000.0;12288000;1649109161.540451
49;12544000.0;12544000;1649109266.4767113
50;12800000.0;12800000;1649109370.978199
