;test/env_step;Steps;Wall_Time
0;0.0;0;1649036424.8063788
1;256000.0;256000;1649036544.6130064
2;512000.0;512000;1649036664.4335656
3;768000.0;768000;1649036784.0563765
4;1024000.0;1024000;1649036903.5572267
5;1280000.0;1280000;1649037022.8022969
6;1536000.0;1536000;1649037142.0777514
7;1792000.0;1792000;1649037261.2322469
8;2048000.0;2048000;1649037380.476067
9;2304000.0;2304000;1649037499.7786605
10;2560000.0;2560000;1649037618.964944
11;2816000.0;2816000;1649037738.1599965
12;3072000.0;3072000;1649037857.2159164
13;3328000.0;3328000;1649037975.8201776
14;3584000.0;3584000;1649038094.556604
15;3840000.0;3840000;1649038213.6802397
16;4096000.0;4096000;1649038332.8698409
17;4352000.0;4352000;1649038451.904073
18;4608000.0;4608000;1649038570.8998976
19;4864000.0;4864000;1649038689.8127372
20;5120000.0;5120000;1649038808.8799922
21;5376000.0;5376000;1649038927.8950493
22;5632000.0;5632000;1649039047.0757518
23;5888000.0;5888000;1649039166.0703745
24;6144000.0;6144000;1649039285.1784005
25;6400000.0;6400000;1649039403.7027152
26;6656000.0;6656000;1649039522.172405
27;6912000.0;6912000;1649039641.2446575
28;7168000.0;7168000;1649039760.2896574
29;7424000.0;7424000;1649039879.3588703
30;7680000.0;7680000;1649039998.4095597
31;7936000.0;7936000;1649040117.6005058
32;8192000.0;8192000;1649040236.6788263
33;8448000.0;8448000;1649040355.6948662
34;8704000.0;8704000;1649040474.8605947
35;8960000.0;8960000;1649040593.865085
36;9216000.0;9216000;1649040712.835971
37;9472000.0;9472000;1649040831.8428435
38;9728000.0;9728000;1649040950.7286115
39;9984000.0;9984000;1649041069.5732653
40;10240000.0;10240000;1649041188.7303824
41;10496000.0;10496000;1649041307.8279996
42;10752000.0;10752000;1649041426.9732134
43;11008000.0;11008000;1649041546.075933
44;11264000.0;11264000;1649041665.5284388
45;11520000.0;11520000;1649041785.0042152
46;11776000.0;11776000;1649041904.2288613
47;12032000.0;12032000;1649042022.8820455
48;12288000.0;12288000;1649042141.3860457
49;12544000.0;12544000;1649042259.8030524
50;12800000.0;12800000;1649042378.118551
