;test/env_step;Steps;Wall_Time
0;0.0;0;1649049224.2243245
1;256000.0;256000;1649049349.388064
2;512000.0;512000;1649049474.6853774
3;768000.0;768000;1649049599.5520527
4;1024000.0;1024000;1649049724.307427
5;1280000.0;1280000;1649049849.2590196
6;1536000.0;1536000;1649049974.264154
7;1792000.0;1792000;1649050099.184156
8;2048000.0;2048000;1649050223.5064268
9;2304000.0;2304000;1649050347.749801
10;2560000.0;2560000;1649050471.9662235
11;2816000.0;2816000;1649050596.200533
12;3072000.0;3072000;1649050720.264763
13;3328000.0;3328000;1649050844.6672947
14;3584000.0;3584000;1649050969.1777985
15;3840000.0;3840000;1649051094.0359848
16;4096000.0;4096000;1649051218.5317867
17;4352000.0;4352000;1649051342.5423331
18;4608000.0;4608000;1649051466.577554
19;4864000.0;4864000;1649051590.469999
20;5120000.0;5120000;1649051714.7148852
21;5376000.0;5376000;1649051838.514713
22;5632000.0;5632000;1649051962.1924257
23;5888000.0;5888000;1649052085.783531
24;6144000.0;6144000;1649052209.3527741
25;6400000.0;6400000;1649052333.4165735
26;6656000.0;6656000;1649052457.9640546
27;6912000.0;6912000;1649052582.8278863
28;7168000.0;7168000;1649052707.2583137
29;7424000.0;7424000;1649052831.802323
30;7680000.0;7680000;1649052956.4719837
31;7936000.0;7936000;1649053081.1671731
32;8192000.0;8192000;1649053205.2474432
33;8448000.0;8448000;1649053329.3815887
34;8704000.0;8704000;1649053453.383615
35;8960000.0;8960000;1649053577.3983808
36;9216000.0;9216000;1649053701.8981109
37;9472000.0;9472000;1649053826.2779298
38;9728000.0;9728000;1649053950.524527
39;9984000.0;9984000;1649054074.6504815
40;10240000.0;10240000;1649054199.0878553
41;10496000.0;10496000;1649054322.8818042
42;10752000.0;10752000;1649054446.7595453
43;11008000.0;11008000;1649054570.6171615
44;11264000.0;11264000;1649054694.8257504
45;11520000.0;11520000;1649054818.9736567
46;11776000.0;11776000;1649054943.0586047
47;12032000.0;12032000;1649055067.06103
48;12288000.0;12288000;1649055191.1528316
49;12544000.0;12544000;1649055315.335069
50;12800000.0;12800000;1649055439.339578
