;test/env_step;Steps;Wall_Time
0;0.0;0;1650722739.3550875
1;256000.0;256000;1650722838.1100311
2;512000.0;512000;1650722937.164484
3;768000.0;768000;1650723035.8548162
4;1024000.0;1024000;1650723134.7128067
5;1280000.0;1280000;1650723233.1672418
6;1536000.0;1536000;1650723331.8132882
7;1792000.0;1792000;1650723430.3123617
8;2048000.0;2048000;1650723529.0264797
9;2304000.0;2304000;1650723627.2071476
10;2560000.0;2560000;1650723725.337505
11;2816000.0;2816000;1650723823.0464032
12;3072000.0;3072000;1650723921.3195865
13;3328000.0;3328000;1650724019.9279091
14;3584000.0;3584000;1650724118.4004776
15;3840000.0;3840000;1650724216.8049717
16;4096000.0;4096000;1650724315.315102
17;4352000.0;4352000;1650724413.4784822
18;4608000.0;4608000;1650724511.3501077
19;4864000.0;4864000;1650724609.0061579
20;5120000.0;5120000;1650724706.7025454
21;5376000.0;5376000;1650724804.4597268
22;5632000.0;5632000;1650724902.679922
23;5888000.0;5888000;1650725001.0284667
24;6144000.0;6144000;1650725099.8129969
25;6400000.0;6400000;1650725198.050036
26;6656000.0;6656000;1650725295.696898
27;6912000.0;6912000;1650725393.564784
28;7168000.0;7168000;1650725491.2259252
29;7424000.0;7424000;1650725588.8246472
30;7680000.0;7680000;1650725686.7861867
31;7936000.0;7936000;1650725784.4610083
32;8192000.0;8192000;1650725882.4849744
33;8448000.0;8448000;1650725980.3126292
34;8704000.0;8704000;1650726077.9081998
35;8960000.0;8960000;1650726176.3473547
36;9216000.0;9216000;1650726274.5133545
37;9472000.0;9472000;1650726372.8030546
38;9728000.0;9728000;1650726471.1098385
39;9984000.0;9984000;1650726569.417831
40;10240000.0;10240000;1650726667.6673694
41;10496000.0;10496000;1650726765.643203
42;10752000.0;10752000;1650726863.232389
43;11008000.0;11008000;1650726961.2094607
44;11264000.0;11264000;1650727058.9735444
45;11520000.0;11520000;1650727156.813177
46;11776000.0;11776000;1650727255.1194458
47;12032000.0;12032000;1650727353.0670977
48;12288000.0;12288000;1650727450.7531343
49;12544000.0;12544000;1650727548.6459587
50;12800000.0;12800000;1650727646.4488606
