;test/env_step;Steps;Wall_Time
0;0.0;0;1650752078.7810574
1;256000.0;256000;1650752205.7044206
2;512000.0;512000;1650752332.0438263
3;768000.0;768000;1650752458.2267911
4;1024000.0;1024000;1650752584.2608714
5;1280000.0;1280000;1650752710.9504745
6;1536000.0;1536000;1650752846.492073
7;1792000.0;1792000;1650752990.1148696
8;2048000.0;2048000;1650753119.8958046
9;2304000.0;2304000;1650753246.5393918
10;2560000.0;2560000;1650753372.7428794
11;2816000.0;2816000;1650753498.6088176
12;3072000.0;3072000;1650753624.6514964
13;3328000.0;3328000;1650753751.0546732
14;3584000.0;3584000;1650753877.0337439
15;3840000.0;3840000;1650754003.1845548
16;4096000.0;4096000;1650754129.4992309
17;4352000.0;4352000;1650754255.9903657
18;4608000.0;4608000;1650754388.0184054
19;4864000.0;4864000;1650754532.0168812
20;5120000.0;5120000;1650754675.5821242
21;5376000.0;5376000;1650754817.5445962
22;5632000.0;5632000;1650754944.1971433
23;5888000.0;5888000;1650755070.9174595
24;6144000.0;6144000;1650755197.28397
25;6400000.0;6400000;1650755323.5067136
26;6656000.0;6656000;1650755450.417771
27;6912000.0;6912000;1650755576.5791938
28;7168000.0;7168000;1650755702.9080596
29;7424000.0;7424000;1650755828.5011456
30;7680000.0;7680000;1650755954.3812807
31;7936000.0;7936000;1650756080.579331
32;8192000.0;8192000;1650756206.638828
33;8448000.0;8448000;1650756332.8244333
34;8704000.0;8704000;1650756459.0109172
35;8960000.0;8960000;1650756585.4732118
36;9216000.0;9216000;1650756712.4836454
37;9472000.0;9472000;1650756839.5365453
38;9728000.0;9728000;1650756966.4699667
39;9984000.0;9984000;1650757093.1116343
40;10240000.0;10240000;1650757219.5281825
41;10496000.0;10496000;1650757345.6948605
42;10752000.0;10752000;1650757471.6897938
43;11008000.0;11008000;1650757597.7488027
44;11264000.0;11264000;1650757723.6768415
45;11520000.0;11520000;1650757849.7383068
46;11776000.0;11776000;1650757975.8038259
47;12032000.0;12032000;1650758102.414135
48;12288000.0;12288000;1650758228.7426496
49;12544000.0;12544000;1650758355.1277115
50;12800000.0;12800000;1650758483.7345328
