;test/env_step;Steps;Wall_Time
0;0.0;0;1649030454.3515768
1;256000.0;256000;1649030573.5724251
2;512000.0;512000;1649030692.7373257
3;768000.0;768000;1649030811.878684
4;1024000.0;1024000;1649030931.1507525
5;1280000.0;1280000;1649031050.4134393
6;1536000.0;1536000;1649031169.8223956
7;1792000.0;1792000;1649031289.1655486
8;2048000.0;2048000;1649031408.6447713
9;2304000.0;2304000;1649031528.3373225
10;2560000.0;2560000;1649031648.0571456
11;2816000.0;2816000;1649031767.502348
12;3072000.0;3072000;1649031886.8984733
13;3328000.0;3328000;1649032006.192705
14;3584000.0;3584000;1649032125.6083863
15;3840000.0;3840000;1649032244.9482353
16;4096000.0;4096000;1649032364.055394
17;4352000.0;4352000;1649032482.9385464
18;4608000.0;4608000;1649032601.6458766
19;4864000.0;4864000;1649032720.2767522
20;5120000.0;5120000;1649032839.1219494
21;5376000.0;5376000;1649032957.7889447
22;5632000.0;5632000;1649033076.5357394
23;5888000.0;5888000;1649033195.3077316
24;6144000.0;6144000;1649033314.1344416
25;6400000.0;6400000;1649033432.8599885
26;6656000.0;6656000;1649033551.6839888
27;6912000.0;6912000;1649033670.8723712
28;7168000.0;7168000;1649033789.9919152
29;7424000.0;7424000;1649033909.2276947
30;7680000.0;7680000;1649034028.398424
31;7936000.0;7936000;1649034147.5908103
32;8192000.0;8192000;1649034266.7174428
33;8448000.0;8448000;1649034385.690754
34;8704000.0;8704000;1649034504.4231062
35;8960000.0;8960000;1649034623.0967443
36;9216000.0;9216000;1649034741.7097821
37;9472000.0;9472000;1649034860.387163
38;9728000.0;9728000;1649034979.2192874
39;9984000.0;9984000;1649035097.9368799
40;10240000.0;10240000;1649035216.7679856
41;10496000.0;10496000;1649035335.527356
42;10752000.0;10752000;1649035454.2809472
43;11008000.0;11008000;1649035572.8111224
44;11264000.0;11264000;1649035691.523504
45;11520000.0;11520000;1649035810.4926918
46;11776000.0;11776000;1649035929.4938812
47;12032000.0;12032000;1649036048.6454039
48;12288000.0;12288000;1649036167.5231528
49;12544000.0;12544000;1649036286.3756971
50;12800000.0;12800000;1649036405.2825708
