;test/env_step;Steps;Wall_Time
0;0.0;0;1649470948.6272407
1;256000.0;256000;1649471045.9553359
2;512000.0;512000;1649471143.2582521
3;768000.0;768000;1649471240.512792
4;1024000.0;1024000;1649471337.773279
5;1280000.0;1280000;1649471435.0486398
6;1536000.0;1536000;1649471532.282911
7;1792000.0;1792000;1649471629.5490074
8;2048000.0;2048000;1649471726.8526733
9;2304000.0;2304000;1649471824.0266378
10;2560000.0;2560000;1649471921.2671623
11;2816000.0;2816000;1649472018.4151347
12;3072000.0;3072000;1649472115.596797
13;3328000.0;3328000;1649472212.7412298
14;3584000.0;3584000;1649472309.8870268
15;3840000.0;3840000;1649472407.0270433
16;4096000.0;4096000;1649472504.1617095
17;4352000.0;4352000;1649472601.1688879
18;4608000.0;4608000;1649472698.2901008
19;4864000.0;4864000;1649472795.339687
20;5120000.0;5120000;1649472892.5228372
21;5376000.0;5376000;1649472989.7420864
22;5632000.0;5632000;1649473087.0493438
23;5888000.0;5888000;1649473184.8225632
24;6144000.0;6144000;1649473282.3660455
25;6400000.0;6400000;1649473380.0825977
26;6656000.0;6656000;1649473477.460887
27;6912000.0;6912000;1649473575.0660584
28;7168000.0;7168000;1649473672.782101
29;7424000.0;7424000;1649473770.1745977
30;7680000.0;7680000;1649473867.3180766
31;7936000.0;7936000;1649473964.5720973
32;8192000.0;8192000;1649474061.7099662
33;8448000.0;8448000;1649474158.9216094
34;8704000.0;8704000;1649474256.1317868
35;8960000.0;8960000;1649474353.2746687
36;9216000.0;9216000;1649474450.3756907
37;9472000.0;9472000;1649474547.5523975
38;9728000.0;9728000;1649474644.6886003
39;9984000.0;9984000;1649474741.9717379
40;10240000.0;10240000;1649474839.1742556
41;10496000.0;10496000;1649474936.677437
42;10752000.0;10752000;1649475034.003516
43;11008000.0;11008000;1649475131.4626021
44;11264000.0;11264000;1649475229.0374503
45;11520000.0;11520000;1649475326.7842698
46;11776000.0;11776000;1649475424.2878587
47;12032000.0;12032000;1649475521.8711455
48;12288000.0;12288000;1649475619.3843105
49;12544000.0;12544000;1649475716.4567952
50;12800000.0;12800000;1649475813.721576
