;test/env_step;Steps;Wall_Time
0;0.0;0;1649036748.3395827
1;256000.0;256000;1649036872.1858554
2;512000.0;512000;1649036995.4832134
3;768000.0;768000;1649037118.8027766
4;1024000.0;1024000;1649037241.9552875
5;1280000.0;1280000;1649037365.0419614
6;1536000.0;1536000;1649037488.2780304
7;1792000.0;1792000;1649037611.4780939
8;2048000.0;2048000;1649037734.7266
9;2304000.0;2304000;1649037858.2869213
10;2560000.0;2560000;1649037981.395987
11;2816000.0;2816000;1649038104.4156027
12;3072000.0;3072000;1649038227.343268
13;3328000.0;3328000;1649038350.2434366
14;3584000.0;3584000;1649038473.0523746
15;3840000.0;3840000;1649038596.374651
16;4096000.0;4096000;1649038719.931727
17;4352000.0;4352000;1649038843.3463519
18;4608000.0;4608000;1649038966.6582258
19;4864000.0;4864000;1649039089.5467594
20;5120000.0;5120000;1649039212.944882
21;5376000.0;5376000;1649039336.3958144
22;5632000.0;5632000;1649039459.581548
23;5888000.0;5888000;1649039582.5768158
24;6144000.0;6144000;1649039705.1800327
25;6400000.0;6400000;1649039827.3626032
26;6656000.0;6656000;1649039949.6975622
27;6912000.0;6912000;1649040071.625834
28;7168000.0;7168000;1649040193.7613204
29;7424000.0;7424000;1649040315.9744701
30;7680000.0;7680000;1649040438.2614305
31;7936000.0;7936000;1649040560.642744
32;8192000.0;8192000;1649040682.9775097
33;8448000.0;8448000;1649040805.3850138
34;8704000.0;8704000;1649040927.7487793
35;8960000.0;8960000;1649041050.2625341
36;9216000.0;9216000;1649041172.5098927
37;9472000.0;9472000;1649041294.5980406
38;9728000.0;9728000;1649041416.6998029
39;9984000.0;9984000;1649041538.6887033
40;10240000.0;10240000;1649041660.91256
41;10496000.0;10496000;1649041783.058969
42;10752000.0;10752000;1649041905.3370523
43;11008000.0;11008000;1649042027.3560488
44;11264000.0;11264000;1649042149.4598088
45;11520000.0;11520000;1649042271.9882176
46;11776000.0;11776000;1649042394.6814497
47;12032000.0;12032000;1649042517.2017906
48;12288000.0;12288000;1649042639.428378
49;12544000.0;12544000;1649042761.8970957
50;12800000.0;12800000;1649042884.4279392
