;test/env_step;Steps;Wall_Time
0;0.0;0;1649005596.0026498
1;256000.0;256000;1649005720.6766498
2;512000.0;512000;1649005845.3626344
3;768000.0;768000;1649005969.097215
4;1024000.0;1024000;1649006092.3521087
5;1280000.0;1280000;1649006215.9033105
6;1536000.0;1536000;1649006339.589354
7;1792000.0;1792000;1649006463.2035995
8;2048000.0;2048000;1649006586.255314
9;2304000.0;2304000;1649006708.0850255
10;2560000.0;2560000;1649006830.9926746
11;2816000.0;2816000;1649006955.1918194
12;3072000.0;3072000;1649007079.0531492
13;3328000.0;3328000;1649007202.8281772
14;3584000.0;3584000;1649007326.8157144
15;3840000.0;3840000;1649007451.2391253
16;4096000.0;4096000;1649007575.59781
17;4352000.0;4352000;1649007699.538381
18;4608000.0;4608000;1649007823.413975
19;4864000.0;4864000;1649007947.6988308
20;5120000.0;5120000;1649008071.8229587
21;5376000.0;5376000;1649008195.8721647
22;5632000.0;5632000;1649008319.9884763
23;5888000.0;5888000;1649008444.0263004
24;6144000.0;6144000;1649008568.127548
25;6400000.0;6400000;1649008692.030086
26;6656000.0;6656000;1649008815.7502134
27;6912000.0;6912000;1649008939.6396718
28;7168000.0;7168000;1649009063.6843505
29;7424000.0;7424000;1649009187.7387025
30;7680000.0;7680000;1649009311.471642
31;7936000.0;7936000;1649009435.2631023
32;8192000.0;8192000;1649009558.9649615
33;8448000.0;8448000;1649009683.05733
34;8704000.0;8704000;1649009807.3488529
35;8960000.0;8960000;1649009931.6604328
36;9216000.0;9216000;1649010055.5285482
37;9472000.0;9472000;1649010179.1197867
38;9728000.0;9728000;1649010302.7419412
39;9984000.0;9984000;1649010426.2476556
40;10240000.0;10240000;1649010549.9533718
41;10496000.0;10496000;1649010673.6074724
42;10752000.0;10752000;1649010797.3918054
43;11008000.0;11008000;1649010921.0919685
44;11264000.0;11264000;1649011045.2789488
45;11520000.0;11520000;1649011169.676807
46;11776000.0;11776000;1649011293.7935908
47;12032000.0;12032000;1649011418.284506
48;12288000.0;12288000;1649011542.807693
49;12544000.0;12544000;1649011667.4229906
50;12800000.0;12800000;1649011791.6710744
