;test/env_step;Steps;Wall_Time
0;0.0;0;1649574722.6880662
1;256000.0;256000;1649574839.486274
2;512000.0;512000;1649574956.342287
3;768000.0;768000;1649575073.2130191
4;1024000.0;1024000;1649575190.1596088
5;1280000.0;1280000;1649575306.6508791
6;1536000.0;1536000;1649575422.6780717
7;1792000.0;1792000;1649575538.552273
8;2048000.0;2048000;1649575655.1019473
9;2304000.0;2304000;1649575771.6945915
10;2560000.0;2560000;1649575887.6921685
11;2816000.0;2816000;1649576003.6091516
12;3072000.0;3072000;1649576119.365196
13;3328000.0;3328000;1649576235.4112527
14;3584000.0;3584000;1649576351.79863
15;3840000.0;3840000;1649576468.3361917
16;4096000.0;4096000;1649576584.7281837
17;4352000.0;4352000;1649576700.859363
18;4608000.0;4608000;1649576816.9934125
19;4864000.0;4864000;1649576932.933849
20;5120000.0;5120000;1649577049.2383604
21;5376000.0;5376000;1649577165.6749353
22;5632000.0;5632000;1649577282.0529902
23;5888000.0;5888000;1649577398.4011664
24;6144000.0;6144000;1649577514.876503
25;6400000.0;6400000;1649577631.2775729
26;6656000.0;6656000;1649577747.4503343
27;6912000.0;6912000;1649577873.3820403
28;7168000.0;7168000;1649577989.2570698
29;7424000.0;7424000;1649578105.6219363
30;7680000.0;7680000;1649578222.092312
31;7936000.0;7936000;1649578338.6838038
32;8192000.0;8192000;1649578454.9492233
33;8448000.0;8448000;1649578571.510547
34;8704000.0;8704000;1649578687.9778764
35;8960000.0;8960000;1649578804.3401976
36;9216000.0;9216000;1649578920.7136545
37;9472000.0;9472000;1649579037.278226
38;9728000.0;9728000;1649579153.769634
39;9984000.0;9984000;1649579270.3648725
40;10240000.0;10240000;1649579386.5534706
41;10496000.0;10496000;1649579502.3285654
42;10752000.0;10752000;1649579618.115442
43;11008000.0;11008000;1649579733.9722517
44;11264000.0;11264000;1649579849.8938696
45;11520000.0;11520000;1649579965.7663014
46;11776000.0;11776000;1649580081.905461
47;12032000.0;12032000;1649580198.1738472
48;12288000.0;12288000;1649580314.3538635
49;12544000.0;12544000;1649580430.6219294
50;12800000.0;12800000;1649580546.812699
