;test/env_step;Steps;Wall_Time
0;0.0;0;1648902723.731856
1;256000.0;256000;1648902869.2036135
2;512000.0;512000;1648903013.6915302
3;768000.0;768000;1648903157.0107298
4;1024000.0;1024000;1648903300.8595252
5;1280000.0;1280000;1648903444.7591674
6;1536000.0;1536000;1648903588.224119
7;1792000.0;1792000;1648903730.9662347
8;2048000.0;2048000;1648903873.7609935
9;2304000.0;2304000;1648904016.4569843
10;2560000.0;2560000;1648904159.2522385
11;2816000.0;2816000;1648904307.5681937
12;3072000.0;3072000;1648904467.1502645
13;3328000.0;3328000;1648904620.5931041
14;3584000.0;3584000;1648904764.59679
15;3840000.0;3840000;1648904908.538895
16;4096000.0;4096000;1648905052.3855147
17;4352000.0;4352000;1648905196.4163008
18;4608000.0;4608000;1648905340.4032652
19;4864000.0;4864000;1648905484.339915
20;5120000.0;5120000;1648905633.5961618
21;5376000.0;5376000;1648905787.3710961
22;5632000.0;5632000;1648905930.76974
23;5888000.0;5888000;1648906074.1315382
24;6144000.0;6144000;1648906217.5178466
25;6400000.0;6400000;1648906361.4176507
26;6656000.0;6656000;1648906504.4670622
27;6912000.0;6912000;1648906647.1753242
28;7168000.0;7168000;1648906789.8886766
29;7424000.0;7424000;1648906932.705815
30;7680000.0;7680000;1648907075.668985
31;7936000.0;7936000;1648907218.5957613
32;8192000.0;8192000;1648907361.535046
33;8448000.0;8448000;1648907504.3326807
34;8704000.0;8704000;1648907647.337989
35;8960000.0;8960000;1648907790.7837071
36;9216000.0;9216000;1648907934.215716
37;9472000.0;9472000;1648908077.171464
38;9728000.0;9728000;1648908219.9256585
39;9984000.0;9984000;1648908362.4888566
40;10240000.0;10240000;1648908505.222759
41;10496000.0;10496000;1648908648.1349757
42;10752000.0;10752000;1648908790.8632472
43;11008000.0;11008000;1648908933.614682
44;11264000.0;11264000;1648909076.3410323
45;11520000.0;11520000;1648909219.1153805
46;11776000.0;11776000;1648909361.8239396
47;12032000.0;12032000;1648909504.7003415
48;12288000.0;12288000;1648909647.4271762
49;12544000.0;12544000;1648909790.1118433
50;12800000.0;12800000;1648909932.7978091
