;test/length;Steps;Wall_Time
0;7.046249866485596;0;1649701668.059571
