;test/length;Steps;Wall_Time
0;5.810625076293945;0;1649761837.7084794
1;13.681249618530273;2049734;1649763164.8068585
