;train/reward;Steps;Wall_Time
0;3.746894598007202;4873;1649702189.3102427
