;test/length;Steps;Wall_Time
0;20.0;0;1648160702.9577115
1;20.0;64000;1648161069.2938488
