;test/length;Steps;Wall_Time
0;20.0;0;1648150193.1796327
1;20.0;1280000;1648154460.89885
2;20.0;2560000;1648158825.8283317
3;20.0;3840000;1648163189.7368176
4;20.0;5120000;1648167600.0499456
5;20.0;6400000;1648171965.2395313
6;20.0;7680000;1648176327.4382248
7;20.0;8960000;1648180691.8785787
8;20.0;10240000;1648185054.6412094
9;20.0;11520000;1648189421.014587
10;20.0;12800000;1648193785.2897193
11;20.0;14080000;1648198150.3502493
12;20.0;15360000;1648202526.6437497
13;20.0;16640000;1648206913.636953
14;20.0;17920000;1648211278.2519567
15;20.0;19200000;1648215642.1787884
16;20.0;20480000;1648219999.74499
17;20.0;21760000;1648224363.2615192
18;20.0;23040000;1648228723.6547997
19;20.0;24320000;1648233086.7930546
20;20.0;25600000;1648237449.8965604
21;20.0;26880000;1648241814.4255404
22;20.0;28160000;1648246178.4205034
23;20.0;29440000;1648250543.1142807
24;20.0;30720000;1648254894.1180966
25;20.0;32000000;1648259240.2406595
26;20.0;33280000;1648263610.5813856
27;20.0;34560000;1648267965.039921
28;20.0;35840000;1648272333.3607764
29;20.0;37120000;1648276683.9573576
30;20.0;38400000;1648281037.0144362
31;20.0;39680000;1648285389.5881064
32;20.0;40960000;1648289740.6174355
