;avg_time;Steps;Wall_Time
0;0.012723359279334545;20;1651502123.3368652
1;0.008793720044195652;30;1651502132.1336737
2;0.009891854599118233;40;1651502142.0291493
3;0.012618578039109707;50;1651502154.6504107
