;avg_time;Steps;Wall_Time
0;0.00911806058138609;5;1651501406.0947435
1;0.004746442660689354;10;1651501410.8433995
2;0.009113812819123268;20;1651501419.9602282
3;0.013411378487944603;30;1651501433.3739882
4;0.017788425087928772;40;1651501451.1652873
5;0.02204289473593235;50;1651501473.2111008
