;avg_time;Steps;Wall_Time
0;0.009179905988276005;5;1651501085.8520143
1;0.004832552280277014;10;1651501090.6866174
2;0.009260778315365314;20;1651501099.9497497
3;0.013717512600123882;30;1651501113.6701999
4;0.018090587109327316;40;1651501131.7636485
5;0.022256353870034218;50;1651501154.0235462
