;avg_time;Steps;Wall_Time
0;0.009267512708902359;5;1651501750.4547896
1;0.0048519037663936615;10;1651501755.3091812
2;0.009369923733174801;20;1651501764.6822429
3;0.013639205135405064;30;1651501778.3239784
4;0.01807919703423977;40;1651501796.4062304
5;0.022502055391669273;50;1651501818.9114735
