;avg_time;Steps;Wall_Time
0;0.009162777103483677;5;1651501268.5154808
1;0.00491114379838109;10;1651501273.4289618
2;0.009299584664404392;20;1651501282.7311175
3;0.013682201504707336;30;1651501296.416148
4;0.018115360289812088;40;1651501314.5346367
5;0.022499706596136093;50;1651501337.0375028
