;avg_time;Steps;Wall_Time
0;0.013108969666063786;20;1651502397.640886
1;0.00978995393961668;30;1651502407.4342136
2;0.011058476753532887;40;1651502418.496549
3;0.014215708710253239;50;1651502432.715382
