;train/length;Steps;Wall_Time
0;9.517578125;4873;1649702189.3102682
