;test/reward_std;Steps;Wall_Time
0;0.9258735775947571;0;1649701668.059593
