;test/reward_std;Steps;Wall_Time
0;1.0288736820220947;0;1649763789.4807322
