;test/reward_std;Steps;Wall_Time
0;0.8024895787239075;0;1649755858.316549
1;1.574561357498169;1539359;1649756780.5267942
2;1.5603488683700562;3077644;1649757694.5392506
3;1.5666899681091309;4615845;1649758606.986014
4;1.5494844913482666;6158450;1649759549.552759
5;1.5518337488174438;7699821;1649760473.5301611
6;1.569716215133667;9240634;1649761396.6338925
