;test/reward_std;Steps;Wall_Time
0;0.8129147887229919;0;1649761837.7085025
1;1.7829288244247437;2049734;1649763164.8068805
